Accel_X,Accel_Y,Accel_Z,Gyro_X,Gyro_Y,Gyro_Z
0.486572,0.01416,0.881958,0.549316,-0.12207,-0.061035
0.489624,0.012085,0.890381,0.488281,-0.244141,-0.183105
0.490112,0.01123,0.889526,0.366211,-0.061035,-0.061035
0.489624,0.011597,0.888916,0.305176,0.061035,-0.061035
0.489868,0.012207,0.888184,0.366211,0,-0.061035
0.48938,0.013306,0.889282,0.427246,-0.12207,-0.061035
0.489624,0.011841,0.888794,0.488281,-0.183105,-0.061035
0.488647,0.012573,0.888916,0.427246,-0.061035,-0.12207
0.487549,0.012939,0.889771,0.366211,0,-0.12207
0.488403,0.013062,0.88916,0.366211,0.061035,-0.061035
0.489136,0.01416,0.886719,0.488281,-0.061035,-0.061035
0.490112,0.012329,0.88855,0.488281,-0.183105,-0.12207
0.490356,0.01123,0.889771,0.488281,-0.183105,-0.12207
0.48938,0.011475,0.890015,0.427246,0,0
0.488647,0.013428,0.887085,0.366211,0.12207,0
0.489258,0.01416,0.887695,0.427246,0,-0.12207
0.489136,0.013184,0.890015,0.488281,-0.12207,-0.061035
0.487915,0.014648,0.890259,0.427246,-0.061035,-0.12207
0.489258,0.013428,0.88916,0.427246,-0.061035,-0.12207
0.48938,0.012451,0.88855,0.488281,-0.061035,-0.12207
0.489746,0.012207,0.889038,0.427246,-0.061035,-0.12207
0.490601,0.012939,0.88916,0.427246,-0.061035,-0.061035
0.490112,0.012207,0.888672,0.427246,-0.061035,-0.12207
0.487793,0.012329,0.890137,0.427246,-0.061035,-0.12207
0.488281,0.012695,0.889771,0.366211,-0.061035,-0.061035
0.489502,0.013306,0.889282,0.427246,-0.061035,-0.061035
0.490601,0.012451,0.888306,0.366211,-0.12207,-0.061035
0.489502,0.013306,0.889526,0.366211,-0.12207,-0.12207
0.48938,0.012451,0.891113,0.427246,-0.061035,-0.12207
0.489136,0.011108,0.889648,0.366211,0.061035,0
0.48877,0.012085,0.889404,0.366211,0.061035,0
0.486694,0.011597,0.891968,0.305176,-0.061035,-0.12207
0.488647,0.01355,0.888916,0.244141,0.061035,0
0.489746,0.012817,0.887695,0.305176,0,0
0.488525,0.01062,0.890869,0.305176,0.061035,-0.12207
0.489014,0.009644,0.892578,0.061035,0.244141,0
0.490356,0.011108,0.887695,-0.244141,0.366211,0.12207
0.489136,0.010986,0.889648,-0.061035,0.183105,0
0.487793,0.008301,0.894165,-0.12207,0.183105,0
0.491211,0.020386,0.882202,-0.427246,0.793457,0.366211
0.491699,0.022217,0.882324,0.061035,0.061035,-0.061035
0.490356,0.020508,0.881714,0.244141,-0.061035,-0.061035
0.488403,0.01709,0.887329,0.305176,-0.366211,-0.12207
0.489258,0.014526,0.889648,0.488281,0.183105,-0.12207
0.488159,0.013428,0.892944,0.12207,0.244141,0
0.487793,0.018311,0.884766,0.244141,0.244141,0.061035
0.488647,0.012939,0.891113,0.610352,-0.610352,-0.305176
0.491699,0.014282,0.888672,0.244141,0.183105,0.12207
0.493042,0.011841,0.887207,0.427246,-0.305176,-0.183105
0.491943,0.013428,0.887573,0.244141,0.305176,0.061035
0.490723,0.014404,0.887817,0.427246,-0.12207,-0.183105
0.488525,0.014526,0.890259,0.305176,0.12207,0
0.486572,0.015869,0.890381,0.427246,-0.183105,-0.183105
0.489136,0.01416,0.890503,0.305176,0.061035,-0.061035
0.49353,0.01355,0.886353,0.305176,-0.061035,-0.061035
0.495605,0.012817,0.88501,0.427246,0,-0.061035
0.493652,0.01123,0.888916,0.366211,-0.061035,-0.12207
0.490967,0.014648,0.890015,0.305176,0.12207,0
0.487305,0.015869,0.889771,0.366211,0.061035,-0.061035
0.486572,0.017334,0.889648,0.366211,0.12207,-0.061035
0.487183,0.016968,0.88916,0.427246,-0.244141,-0.12207
0.489258,0.015259,0.88916,0.488281,-0.061035,-0.12207
0.491211,0.011719,0.88855,0.427246,-0.244141,-0.061035
0.493286,0.01416,0.885498,0.183105,0.366211,0.12207
0.493408,0.014282,0.885254,0.366211,0.061035,-0.061035
0.48999,0.012329,0.890137,0.427246,-0.061035,-0.12207
0.488403,0.015625,0.887695,0.305176,0,0
0.489136,0.015015,0.890381,0.366211,-0.061035,-0.061035
0.488281,0.017212,0.891602,0.366211,-0.061035,-0.061035
0.493652,0.016235,0.802612,-4.211426,2.624511,-1.098633
0.483765,-0.010986,1.038696,2.685547,-13.671874,-1.220703
0.490234,-0.068359,0.86438,0.915527,12.939452,10.559081
0.481812,0.040161,1.018066,3.723144,12.878417,26.18408
0.481445,-0.027588,0.9823,-33.935547,44.860836,27.9541
0.446289,-0.013428,0.865967,-42.907711,62.255856,40.771481
0.466675,0.112671,0.866455,-30.151365,52.551266,49.499508
0.53894,0.156982,0.983032,-42.114254,49.682613,30.761717
0.518433,0.032104,1.185913,-87.646477,93.200676,25.268553
0.495972,0.223877,1.214355,-120.483391,211.364731,54.565426
0.622314,0.368652,0.922485,-148.31543,320.678711,104.431145
0.391113,0.567627,1.102295,-156.494141,357.665985,176.025375
0.490234,0.788696,1.020508,-138.549805,463.500946,178.771957
0.737183,0.926636,0.536621,-127.624504,556.396484,135.742187
0.687866,0.796509,0.068604,0.488281,594.787598,99.792473
0.582153,0.70874,-0.067749,47.790524,568.17627,109.924309
0.596313,0.605347,-0.382935,55.908199,410.156219,127.746574
0.388062,0.776001,0.112305,64.51416,202.575668,163.818344
0.140503,0.586182,-0.064453,132.69043,225.341782,72.875977
0.276123,0.281982,-0.871582,133.972168,320.007324,-39.733887
0.661377,0.327271,-1.413208,99.304192,239.624008,-65.612793
1.294556,0.865234,-1.734131,85.083,26.611326,-107.666008
1.516357,1.24646,-1.08313,100.097649,-218.017563,-212.097153
0.939209,0.63916,-0.715088,135.742187,-295.227051,-307.067871
0.897705,0.48291,-0.405273,171.081528,-350.952118,-242.12645
1.223877,0.652588,-0.166382,167.175278,-267.028809,-168.701157
1.295532,0.676514,-0.12561,158.203125,-178.161606,-136.474609
1.131714,0.490479,-0.235962,155.090332,-175.903305,-131.591797
0.901611,0.361694,-0.090576,114.19677,-143.310547,-138.916016
0.650146,0.140747,0.073975,50.048824,-76.721191,-144.897461
0.56604,-0.166992,0.0354,-21.057127,-45.349117,-118.34716
0.646362,-0.04834,0.329224,-75.622559,-46.56982,-105.895988
0.684204,0.037598,0.489746,-91.491692,39.0625,-126.403801
0.741455,0.058594,0.466675,-94.116203,132.385254,-142.39502
0.639771,-0.009521,0.474243,-108.764641,196.105942,-136.59668
0.613647,-0.121094,0.290161,-67.687988,191.101059,-107.360832
0.814941,-0.182251,-0.165527,6.958007,81.665031,-55.053707
0.887207,-0.335083,-0.567017,62.19482,-68.17627,-13.549804
1.097778,-0.335205,-1.182617,-38.696289,-283.447266,3.479004
0.654419,-0.692017,-0.783691,-155.029297,-476.68454,23.010252
-0.672974,-0.862061,-0.468872,-65.673828,-602.111816,101.684563
-1.040161,-0.578979,-0.07605,104.309074,-600.097656,179.199203
-0.340332,-0.05835,1,77.575684,-386.474579,154.47998
0.127075,0.266968,1.389404,-173.889145,-171.508774,159.179687
0.181763,0.774536,1.586426,-179.931625,-160.15625,117.492668
0.046021,1.031128,3.296509,-46.203609,-44.677731,58.898922
0.20874,1.183594,3.727173,79.956055,293.762207,41.015621
0.349365,1.473267,2.788818,149.230957,588.439941,-26.30615
-0.027832,1.114136,1.284546,136.413574,694.946228,-80.200195
-0.466553,-0.049805,-1.24646,78.430176,752.075134,-138.305664
0.72522,-1.40564,-3.750244,266.296387,329.528778,-26.916502
1.031494,-0.892212,-2.409668,253.295883,-405.700653,91.674797
0.133545,0.344482,0.010742,-29.296873,-817.321716,18.554687
-0.080933,0.586182,1.610718,-170.04393,-729.736267,-84.777824
-0.44751,0.288574,1.987671,-169.860825,-362.548798,-124.633781
-0.598389,0.312378,2.501587,-95.336906,-56.091305,-93.01757
0.008667,0.700562,2.487305,9.216309,218.505844,-39.733887
0.605103,0.762695,1.745605,119.018547,445.373505,-32.775879
0.361206,0.350342,0.827637,137.145996,569.030762,-67.993164
0.128662,-0.231079,-0.435425,87.280266,580.13916,-45.898434
0.86731,-0.517334,-1.432861,102.416985,366.394012,54.992672
1.645874,-0.846436,-2.359985,103.881828,37.536621,118.774406
1.260498,-0.33728,-1.349854,66.223145,-320.556641,132.873535
0.50293,0.180542,0.05188,-109.069817,-458.618134,34.667969
0.102051,0.424805,1.230591,-185.974106,-391.967743,-42.785641
-0.223145,0.469727,2.250244,-161.437973,-251.159653,-63.903805
-0.039063,0.760376,2.811157,-69.091797,-72.387695,-2.624511
0.734741,0.997681,2.338013,34.973145,131.774902,41.015621
0.866577,0.768799,1.504395,101.745598,224.426254,5.615234
0.512939,0.250854,0.548706,131.103516,260.864258,-20.568846
0.83374,-0.560059,-1.384399,114.135735,253.601059,-0.427246
1.306885,-1.008667,-2.281128,75.561523,30.2124,57.006832
1.138672,-0.505615,-1.428101,-22.888182,-215.515121,70.43457
0.776978,0.288208,0.071899,-134.399414,-324.218719,9.58252
0.213379,0.721558,1.47998,-186.950668,-306.762695,-77.697754
-0.14978,0.94043,2.874756,-131.652832,-224.73143,-112.609856
0.112549,1.064575,3.383667,13.610839,-1.953125,-80.322258
0.456299,0.824341,2.128784,138.48877,289.123535,-20.874022
0.423828,0.271606,0.226807,171.081528,427.001923,27.9541
0.542358,-0.193848,-0.898315,136.657715,325.378387,63.415524
1.102783,-1.009277,-2.5979,73.913574,10.498046,106.689445
1.200928,-0.722412,-2.165161,-83.496086,-254.821762,40.588375
0.847412,0.158325,-0.531494,-199.645981,-334.411591,-45.715328
0.269165,0.885864,1.406372,-203.674301,-329.589813,-132.751465
-0.539551,0.959595,3.377686,-56.823727,-210.082993,-112.060539
-0.068481,1.067261,3.888794,122.558586,156.066895,-14.160155
0.736694,0.914429,2.126465,170.898422,440.551727,29.052732
0.490601,0.401855,0.429321,151.550293,410.217255,8.544922
0.363159,-0.329834,-0.765991,148.803711,248.657211,75.744629
1.137573,-0.730591,-2.379517,115.112297,28.930662,102.416985
1.461548,-0.671875,-2.56958,-9.94873,-245.483383,32.592773
0.793579,-0.167725,-1.035889,-122.558586,-401.123016,-33.935547
0.025024,0.536621,0.998779,-171.325668,-422.546356,-80.688469
-0.544434,0.828613,3.220947,-89.538567,-291.381836,-64.025879
-0.043579,0.996094,3.776367,52.673336,39.978027,-10.437011
0.546875,0.721436,2.236206,93.872063,350.524872,-2.929687
0.258179,0.285767,0.99353,84.472649,381.835907,-10.986327
0.098022,-0.145874,0.070801,116.149895,301.086426,50.23193
1.047485,-0.522583,-1.786621,139.648437,130.859375,106.994621
1.684448,-0.650757,-2.420166,11.779784,-121.459953,86.85302
1.017578,-0.231934,-1.291748,-116.08886,-296.264648,8.361816
0.50415,0.512573,0.477539,-144.042969,-334.106415,-22.094725
-0.07605,0.923828,2.832275,-137.451172,-330.871552,-78.491211
-0.141602,1.108643,3.999878,-27.770994,-141.540527,-75.317383
0.555664,0.866455,2.660645,99.426262,221.374496,-26.06201
0.328125,0.23877,0.707642,120.910637,429.93161,-10.498046
0.153564,-0.394531,-0.592651,133.483887,322.631805,19.53125
1.057373,-0.646606,-1.806763,139.282227,140.74707,89.782707
1.394043,-0.62854,-2.267822,41.015621,-37.658691,103.820793
0.942627,-0.160278,-1.331177,-83.129875,-232.849106,37.597656
0.647705,0.517578,0.2323,-130.67627,-338.623016,-29.785154
-0.003052,0.883789,2.527344,-151.306152,-324.523895,-96.130363
-0.283325,1.01355,3.999878,-71.716309,-161.071762,-107.971184
0.563232,0.913208,2.879639,71.105957,111.877434,-63.415524
0.462769,0.399292,1.035522,143.798828,336.914032,-15.808105
0.026733,-0.295044,-0.072266,142.76123,355.895966,1.220703
0.761597,-0.616455,-1.727173,161.621078,227.844223,77.758789
1.613159,-0.583862,-2.444702,112.487785,-8.178711,120.605461
1.062744,-0.328491,-1.62854,-46.936031,-251.708969,42.41943
0.515991,0.115479,-0.444092,-151.123047,-378.295868,-30.395506
0.190186,0.814331,1.036255,-203.18602,-397.277802,-72.021484
-0.718994,0.971802,3.497437,-188.110336,-362.670868,-128.845215
-0.361938,1.152954,3.999878,-8.117676,-174.743637,-67.687988
0.548218,0.914795,2.654053,162.292465,196.960434,20.996092
0.015137,0.257813,0.93689,147.521973,449.096649,4.943848
-0.165894,-0.160767,0.548584,112.792961,405.212372,-21.850584
0.353516,-0.228882,-0.637939,119.689934,362.915009,24.230955
1.25354,-0.694824,-2.745239,106.811516,234.863266,57.373043
1.359985,-0.814331,-3.05542,20.629881,-137.573242,83.007805
0.533325,-0.18103,-1.387817,-91.918938,-462.524384,55.358883
0.18103,0.58667,0.121704,-164.428696,-523.681641,-3.784179
-0.482544,1.121704,2.148071,-218.200668,-507.751434,-92.346184
-0.74353,1.121704,3.22876,-122.558586,-424.743622,-118.10302
-0.492432,1.021362,3.999878,80.26123,-119.323723,4.150391
-0.072998,0.899048,3.087769,153.503418,242.675766,22.460936
-0.257446,0.401733,1.731323,134.58252,388.183563,-31.494139
-0.38855,-0.026611,0.945557,140.625,415.283173,-20.507811
0.321411,-0.189941,-0.640991,195.739731,326.660126,43.884274
1.641724,-0.537842,-2.63623,155.273437,27.099607,70.861816
1.626587,-0.560913,-2.566406,-8.850098,-349.365204,11.535644
0.486572,-0.244141,-0.946167,-117.492668,-522.583008,-31.005857
-0.084106,0.338379,0.511963,-158.508301,-549.133301,-68.664551
-0.858154,0.67395,2.401978,-122.13134,-489.440887,-102.844231
-1.223877,0.577759,3.687012,12.817382,-197.26561,-42.175289
-0.965332,0.555054,3.494873,100.769035,206.665024,17.028809
-0.696167,0.271484,2.060425,110.595695,394.165009,2.258301
-0.47522,-0.091675,1.11499,100.646965,407.104462,13.916015
-0.000122,-0.144653,0.119263,106.811516,395.507782,44.921871
1.204224,-0.192871,-1.583618,138.549805,247.985825,73.913574
2.120605,-0.344482,-2.840454,87.341301,-118.896477,53.771969
1.29187,-0.230713,-1.949707,-47.607418,-474.182098,-15.86914
0.049561,0.075439,-0.142212,-161.315903,-544.372559,-78.186035
-1.069336,0.349487,1.783936,-190.368637,-501.708954,-111.572258
-2.051147,0.536743,3.999878,-92.163078,-217.895493,-87.158195
-1.539551,0.70459,3.98938,-20.446775,40.710445,-69.580078
-1.274902,0.173584,2.275391,61.523434,468.017548,-64.819336
-0.755249,-0.280518,0.331299,118.10302,515.563965,-3.173828
1.330322,0.090698,-1.726074,224.548325,349.853485,133.544922
3.064819,0.285156,-2.746216,230.895981,62.011715,143.066406
1.502441,-0.077759,-1.786255,43.151852,-277.34375,-25.085447
-0.174683,-0.258545,-0.20105,-91.308586,-488.281219,-121.276848
-0.795044,-0.012817,1.060669,-145.935059,-492.187469,-133.056641
-1.323364,0.21521,2.501099,-160.339355,-405.944794,-133.911133
-1.264282,0.2323,2.839966,-86.608879,-185.913071,-100.46386
-0.636963,0.10791,1.796509,14.343261,58.593746,-45.471188
-0.371948,-0.093628,1.067139,34.667969,137.512207,-5.004883
-0.196655,-0.127441,0.908813,27.526854,119.445793,23.742674
0.036743,-0.01416,0.914062,22.827147,101.074211,37.658691
0.150146,0.059814,1.015869,17.822266,98.632805,28.137205
0.151001,0.022827,1.039795,16.540527,109.741203,2.868652
0.176025,-0.033813,0.958496,21.850584,122.192375,-1.159668
0.224365,-0.018921,0.900757,27.038572,124.633781,8.605957
0.29187,0.007446,0.967773,22.033689,123.779289,3.479004
0.254028,0.033569,1.297729,17.456055,138.793945,-5.92041
0.17334,-0.033691,1.538574,-1.831055,209.167465,-25.085447
0.115845,-0.045044,1.442871,-23.315428,318.17627,-29.846189
0.070923,-0.098999,1.293579,-25.634764,397.155731,-46.752926
0.208008,-0.117188,0.927368,-19.65332,476.80661,-46.081539
0.409302,-0.204346,0.423828,-23.315428,539.0625,-38.208008
0.619873,-0.168335,0.178833,-42.236324,516.357422,-25.939939
0.489014,-0.201538,0.232666,-52.978512,483.215302,-24.353025
0.465088,-0.265869,0.005127,-37.536621,501.159637,-2.01416
0.562134,-0.30127,-0.424805,-41.015621,509.155243,30.944822
0.68396,-0.231567,-0.559326,-40.954586,396.057098,62.683102
0.736328,-0.085449,-0.320801,-38.513184,288.513184,68.603516
0.650391,-0.11377,-0.540283,-66.894531,295.532227,55.786129
0.585815,-0.169189,-0.659424,-47.668453,284.362793,74.584961
0.53479,-0.142456,-0.788818,-6.103515,218.627914,100.524895
0.683716,-0.005249,-1.058105,22.15576,127.80761,111.022942
0.904175,-0.008789,-1.354004,34.729004,33.935547,141.845703
0.803223,0.055176,-1.224731,72.265625,-63.354488,189.819321
0.68042,0.136597,-1.119141,127.80761,-218.261703,197.631821
0.726196,0.275757,-0.860352,169.311508,-325.073212,183.65477
0.874146,0.565186,-0.483398,172.05809,-291.564941,136.84082
1.039673,0.605347,-0.644287,159.545898,-267.028809,69.946289
0.922241,0.518433,-0.614746,210.327133,-363.159149,25.207518
0.774658,0.476074,-0.174805,299.194336,-458.984344,10.986327
0.68689,0.408447,0.103149,346.557587,-477.966278,15.624999
0.604004,0.234131,0.06665,343.87204,-478.271454,28.07617
0.484131,0.157959,0.303589,305.908203,-479.309052,27.404783
0.386108,0.134888,0.580688,268.371582,-453.979462,21.789549
0.342651,0.161011,0.786499,223.449692,-420.898407,6.103515
0.326294,0.28479,1.120361,132.446289,-343.017548,-58.1665
0.1427,0.204468,1.141235,81.787102,-286.254883,-112.42675
-0.031494,0.015869,1.119507,117.553703,-255.187973,-71.472168
0.090942,0.186646,1.383423,112.915031,-152.038574,-47.363277
0.139038,0.293213,1.347412,83.496086,-67.871094,-87.09716
0.067749,0.234497,1.267944,84.533684,-47.973629,-102.72216
0.033203,0.120605,1.256836,93.261711,-23.254393,-121.582024
-0.012695,0.007568,1.236938,83.557121,23.437498,-124.328606
-0.088745,-0.102173,1.260742,54.626461,89.782707,-128.051758
-0.09436,-0.125732,1.327881,24.04785,158.02002,-128.295898
-0.063843,-0.168579,1.239258,1.464844,240.661606,-128.479004
-0.045288,-0.222168,1.131714,-19.287109,295.471191,-124.26757
0.059204,-0.207764,1.130981,-36.437988,319.580078,-122.924797
0.14917,-0.2229,1.063354,-36.315918,343.749969,-119.873039
0.237793,-0.270752,0.875122,-26.550291,359.863251,-105.163567
0.369751,-0.292847,0.771484,-17.456055,378.784149,-85.876457
0.502197,-0.341553,0.4823,-19.470215,403.320282,-65.307617
0.408813,-0.489868,0.327637,-24.230955,364.440887,-32.043457
0.436768,-0.415283,0.377197,-20.019531,299.987793,8.666992
0.660522,-0.200439,0.283081,1.708984,276.733398,27.9541
0.785522,-0.109741,0.199341,27.587889,262.939453,39.855957
0.803101,-0.109619,0.077515,43.273922,272.033691,55.969234
0.771973,-0.154053,-0.124268,36.682129,295.349121,58.04443
0.786133,-0.22644,-0.380127,47.851559,306.70166,74.279785
0.713623,-0.192139,-0.359375,81.787102,276.306152,121.826164
0.597778,-0.133057,-0.34314,91.857903,246.337875,140.686035
0.682495,-0.071777,-0.849609,98.999016,222.778305,162.597641
0.876709,0.311157,-0.969604,73.425293,172.790512,207.09227
0.951782,0.498291,-0.956909,33.081055,151.245117,195.861801
1.007324,0.364624,-0.948975,24.04785,94.726555,164.306625
0.616089,0.125977,-1.224609,-15.380858,-21.911619,131.591797
0.489014,0.221191,-1.039673,80.871574,-164.733871,133.850098
0.72522,0.494141,-0.787842,219.238266,-245.178207,139.831543
0.765259,0.590332,-0.446411,250.06102,-277.587891,112.976067
0.718506,0.629272,-0.266479,250.854477,-319.763184,46.386715
0.756958,0.738647,-0.109009,309.997559,-394.65329,-35.217285
0.64978,0.337524,0.262817,279.052734,-432.006805,-90.942375
0.556763,0.167969,0.504517,299.438477,-387.939423,-86.425774
0.521973,0.111938,0.674438,205.383286,-327.636688,-70.068359
0.565063,0.199585,0.891479,142.089844,-276.550293,-73.181152
0.613281,0.19104,1.080322,121.704094,-217.712387,-79.589844
0.783325,0.300903,1.239624,76.599121,-145.507812,-94.78759
0.688477,0.30127,1.265747,32.897949,-66.772461,-115.417473
0.584595,0.356201,1.332642,25.451658,5.676269,-138.671875
0.731934,0.110718,1.33606,29.296873,82.214348,-130.859375
0.869629,0.127808,1.34314,7.385253,167.846664,-89.843742
0.577759,0.038696,0.858521,-5.554199,231.201157,-68.664551
0.358154,-0.28125,-0.40271,53.466793,146.484375,-10.559081
0.966797,0.246094,-1.780029,83.06884,-80.26123,24.902342
1.19812,0.734253,-1.590332,23.559568,-382.263153,-96.130363
0.300537,0.204834,0.699585,-46.56982,-434.692352,-179.382309
-0.53833,-0.286377,2.767212,4.150391,-329.833954,-189.636215
-0.099487,-0.523926,3.999878,66.772461,-13.793944,-103.820793
-0.234009,-0.342285,3.467163,24.16992,412.475555,-15.930175
-0.535522,-0.581543,0.915771,12.634276,545.776367,73.669434
0.466187,0.002686,-1.980835,86.364738,348.327606,151.245117
1.650513,0.865234,-3.623169,88.806145,-68.481445,16.540527
0.943237,0.248413,-1.714111,-67.016602,-360.534637,-142.028809
-0.137451,-0.226196,0.936768,-129.394531,-396.911591,-160.766586
-0.174927,-0.316284,3.364502,-98.937981,-366.516083,-154.11377
0.198486,-0.316162,3.843506,-11.657714,-91.247551,-84.106438
0.231201,-0.247803,1.031128,-8.117676,261.59668,12.695312
0.931396,0.204956,-0.923218,50.964352,222.351059,67.871094
0.96228,0.077881,-0.357056,33.813477,5.371093,-3.479004
0.39856,-0.340942,1.329224,-22.216795,-89.294426,-68.54248
0.349487,-0.28186,2.341064,-20.080564,0.854492,-51.269527
0.296875,-0.317261,1.66394,-14.22119,188.476547,-19.470215
0.581177,-0.141113,-0.542969,10.620116,269.287109,36.437988
1.189819,0.226196,-2.199463,56.091305,103.942863,53.771969
0.977539,0.088989,-1.474731,37.841797,-191.528305,-17.822266
0.271484,-0.118652,0.455322,-38.391113,-337.768524,-78.369141
-0.2052,-0.317505,2.8302,-73.059082,-335.876434,-105.590813
-0.035522,-0.394531,3.999878,-0.610352,-150.268555,-65.002441
-0.023071,-0.33252,2.489502,19.714355,244.873032,16.418457
0.416504,-0.092651,-0.154053,48.095699,367.980927,77.209473
1.105347,0.233276,-1.786621,84.777824,236.022934,85.449211
1.100342,0.017822,-2.123779,42.236324,19.287109,13.671874
0.455566,-0.289917,-0.317261,-47.302242,-211.12059,-56.335445
0.160522,-0.300049,1.771973,-96.496574,-265.869141,-76.599121
0.329468,-0.235229,2.924438,-61.462399,-144.53125,-46.264645
0.406494,-0.335693,2.290405,-19.470215,64.63623,10.375976
0.641479,-0.107788,0.687866,-7.446289,182.128891,62.499996
1.033203,0.217773,-0.454224,0.976562,180.908188,73.791504
1.05481,0.206787,-0.726196,-7.690429,75.805664,23.986814
0.608765,-0.140625,0.830688,-42.175289,-109.130852,-61.340328
0.365112,-0.317139,2.208252,-43.395992,-105.407707,-68.786621
0.385132,-0.307861,1.848389,-23.559568,76.171875,-24.475096
0.60791,-0.168457,0.388184,-4.821777,169.006332,20.629881
1.009399,0.100952,-0.698364,27.9541,95.886223,41.564938
0.9646,0.061768,-0.587646,25.878904,-45.227047,2.13623
0.737549,-0.110596,-0.065674,-28.015135,-152.954102,-53.405758
0.445679,-0.251709,1.06189,-60.363766,-149.291992,-51.635738
0.526978,-0.068115,1.763062,-65.551758,-65.551758,-40.52734
0.564087,-0.077637,1.895386,-48.706051,49.194332,-32.836914
0.607788,-0.053223,1.323853,-15.747069,103.698723,-6.286621
0.699097,-0.015503,0.772461,18.127441,85.876457,6.469726
0.729492,0.050659,0.477661,42.358395,44.494625,-8.422852
0.833374,0.066162,0.342651,46.874996,5.737304,-40.222164
0.736694,-0.029541,0.317871,-25.695799,-38.146973,-90.209953
0.630127,-0.162476,0.432495,-149.963379,-70.861816,-111.755363
0.473877,-0.152832,0.343018,-320.495605,-108.459465,-113.952629
0.650513,-0.216431,0.656738,-234.069809,-172.546371,-91.491692
0.70459,-0.192871,1.012451,-159.118652,-111.022942,-66.467285
0.726196,-0.109863,0.966064,-117.492668,-22.705076,-42.297359
0.594971,0.033691,0.959473,-86.364738,6.04248,-36.010742
0.643066,0.077515,0.970825,-44.494625,-10.0708,-25.207518
0.614258,0.076172,0.961182,-35.949707,-15.686034,-24.597166
0.572998,0.028198,0.861206,-41.137691,-9.338379,-31.066893
0.514771,0.015991,0.865845,-30.151365,-4.699707,-33.752441
0.460083,0.02771,0.782715,-26.30615,-22.216795,-22.27783
0.397583,-0.016235,0.695312,-21.728514,-65.490723,-4.02832
0.373779,-0.04834,0.7323,-11.352538,-84.411613,25.878904
0.508301,0.162964,0.709473,-16.052246,-92.590324,32.287598
0.457031,0.248657,0.96167,-27.221678,-101.806633,4.272461
0.324341,0.189453,1.064697,-26.672361,-65.612793,-37.353516
0.311279,0.147339,1.034668,-31.616209,-28.930662,-61.645504
0.289185,0.096802,1.068481,-19.165039,2.441406,-60.363766
0.34314,0.100586,0.939331,-4.089355,29.479979,-42.724606
0.308838,0.04895,0.932373,-3.540039,25.085447,-30.639647
0.323975,0.012939,0.904419,1.342773,24.414061,-16.296387
0.399902,0.009766,0.825562,0.488281,22.583006,-2.197266
0.47998,0.070801,0.857178,-2.075195,3.723144,8.422852
0.462158,0.059448,0.884521,-2.380371,-5.798339,6.469726
0.443359,0.044189,0.887573,1.647949,-10.803222,8.361816
0.447144,0.048462,0.903564,1.708984,-14.038085,12.390136
0.45459,0.067139,0.93396,-0.305176,-12.695312,13.671874
0.47644,0.097168,0.954468,1.220703,-6.896972,11.901855
0.459473,0.095337,0.959717,0.854492,0.976562,4.638672
0.438232,0.060913,0.93811,-1.159668,8.361816,-0.183105
0.446167,0.046387,0.89502,-2.868652,12.939452,0.061035
0.44458,0.043823,0.875488,-4.150391,9.70459,1.342773
0.462402,0.073608,0.900024,-3.540039,2.258301,4.760742
0.473633,0.095093,0.91394,-1.586914,-2.502441,5.065917
0.47998,0.105225,0.922119,-0.427246,-5.737304,3.723144
0.47937,0.100586,0.926392,1.464844,-5.615234,1.342773
0.459961,0.092651,0.910522,3.479004,-3.112793,-0.305176
0.444336,0.081299,0.902222,2.01416,-0.976562,-1.586914
0.439697,0.087891,0.918945,0.305176,0.610352,-1.159668
0.442261,0.096313,0.917969,2.258301,2.807617,-1.098633
0.436157,0.090698,0.90271,2.990722,2.868652,-2.13623
0.432129,0.08374,0.891235,2.13623,1.281738,-1.708984
0.430054,0.07959,0.884277,0.549316,-0.183105,-0.366211
0.437866,0.087646,0.903687,-0.854492,-4.02832,2.075195
0.444458,0.093018,0.9104,-0.061035,-4.211426,2.685547
0.457397,0.105469,0.910889,1.586914,-2.075195,0.549316
0.442261,0.100342,0.912231,1.220703,-1.403808,-1.831055
0.428833,0.087158,0.918457,1.281738,1.525879,-1.647949
0.434937,0.087402,0.912109,1.281738,1.89209,0.427246
0.450317,0.092163,0.911499,2.075195,-1.464844,3.051758
0.462524,0.101074,0.925171,3.845215,-3.479004,4.089355
0.464722,0.099609,0.911987,3.356933,-2.01416,0.610352
0.433838,0.078735,0.901855,1.342773,-3.356933,-1.525879
0.424805,0.068848,0.9198,0.305176,-3.540039,0.976562
0.431274,0.076782,0.919189,0.671387,-1.037598,2.807617
0.426636,0.083984,0.902344,1.525879,-1.89209,3.662109
0.44043,0.080933,0.888916,1.037598,-5.249023,3.845215
0.43457,0.072144,0.891357,-0.732422,-6.225585,3.90625
0.439575,0.082764,0.905273,-0.610352,-7.629394,5.004883
0.437378,0.090942,0.919189,0.061035,-7.141113,3.90625
0.425537,0.08606,0.92041,1.647949,-7.446289,4.272461
0.414307,0.083374,0.925659,3.417969,-6.103515,4.577637
0.419678,0.073608,0.912964,3.90625,-5.737304,6.225585
0.432251,0.088379,0.931641,2.746582,-0.488281,3.051758
0.421143,0.083008,0.92688,2.624511,4.577637,0.061035
0.421875,0.076416,0.930298,3.479004,6.713867,-0.366211
0.42981,0.073486,0.940674,4.211426,9.033203,-0.183105
0.439575,0.087891,0.989868,6.835937,17.028809,0.061035
0.443481,0.093384,1.034058,13.671874,34.790039,0.244141
0.460815,0.128174,1.062256,24.536131,60.302731,0.854492
0.44812,0.125732,1.114868,31.616209,97.900383,-9.399414
0.441406,0.134155,1.182861,47.729488,164.978012,-22.094725
0.434082,0.137207,1.184448,58.105465,237.976059,-32.958984
0.505493,0.056641,1.059326,48.828121,305.541992,-51.635738
0.781372,0.059937,0.508789,34.606934,334.16745,-49.255367
0.612793,0.087524,0.623413,62.744137,240.35643,-36.376953
0.472168,0.004883,0.916748,74.21875,202.697739,-42.41943
0.713745,0.033569,0.737915,75.378418,256.225586,-38.146973
0.770386,-0.026123,0.351318,87.524406,292.84668,-35.15625
0.714966,-0.162231,0.158691,105.102531,282.531738,-27.160643
0.772217,-0.137817,0.100586,106.201164,260.803223,-9.521484
0.876221,-0.098755,-0.077637,84.472649,256.347656,-7.751464
0.888428,-0.128662,-0.18335,53.771969,243.347153,-17.211914
0.819092,-0.182495,-0.13562,12.573241,228.454575,-27.832029
0.750977,-0.200317,-0.148437,-19.897461,226.684555,-32.409668
0.799561,-0.187256,-0.288818,-12.023925,225.707993,-28.19824
0.840088,-0.145996,-0.381836,1.403808,217.956528,-23.315428
0.827393,-0.106812,-0.356934,1.342773,219.909653,-30.151365
1.096924,0.098267,-0.259155,-3.417969,234.924301,-52.856441
0.498169,-0.004639,0.05542,24.475096,295.227051,-109.252922
0.124146,-0.450562,-0.381104,38.574219,407.897919,-126.708977
0.294556,-0.285767,-0.901123,36.437988,403.869598,-72.387695
0.223022,-0.365356,-0.923584,55.786129,328.002899,-58.349606
0.218506,-0.2948,-0.992798,39.916992,305.358887,-42.175289
0.217285,-0.116455,-0.734375,21.118162,285.888672,-44.31152
0.081055,-0.129517,-0.818237,27.709959,286.315918,-62.683102
-0.077026,-0.21106,-1.150879,35.27832,262.268066,-75.866699
-0.141846,-0.258667,-1.244629,28.564451,206.665024,-77.575684
-0.184692,-0.222534,-1.297241,16.479492,139.831543,-77.392578
-0.203369,-0.17749,-1.208496,13.427733,81.29882,-83.496086
-0.217651,-0.119751,-1.206543,25.512693,39.794922,-85.20507
-0.249756,-0.090698,-1.400269,28.869627,-18.737793,-95.397942
-0.349243,-0.18457,-1.437012,27.9541,-77.636719,-101.013176
-0.427612,-0.333862,-1.487427,28.19824,-131.286621,-75.195312
-0.372314,-0.324707,-1.415649,9.216309,-170.898422,-48.034664
-0.321289,-0.341309,-1.391724,-22.338865,-205.139145,-28.07617
-0.186768,-0.31958,-1.369141,-68.17627,-235.412582,-12.695312
-0.122803,-0.373169,-1.38269,-94.299309,-281.311035,14.465331
0.025757,-0.295654,-1.384399,-90.88134,-347.106903,33.26416
0.218628,-0.218994,-0.996826,-95.214836,-349.853485,19.958496
0.364624,-0.25769,-0.84375,-113.647453,-320.43457,11.840819
0.566406,-0.230713,-0.800171,-135.864258,-307.739258,0.183105
0.627075,-0.219727,-0.712036,-123.046867,-309.448242,-19.165039
0.755127,-0.373413,-0.789429,-111.450188,-347.351044,-23.681639
0.695923,-0.209717,-0.877197,-143.981934,-413.635223,-45.959469
0.589111,-0.5802,-0.295166,-159.057617,-430.480927,-35.27832
0.573608,-0.432983,-0.092407,-157.470703,-388.061493,12.390136
0.71106,-0.323486,-0.026733,-120.910637,-372.375458,16.906738
0.802856,-0.339111,0.128052,-92.65136,-358.764618,21.423338
0.738281,-0.402344,0.221802,-79.162598,-348.571747,20.996092
0.720581,-0.491821,0.24646,-101.745598,-331.176727,23.742674
0.55835,-0.420776,0.430054,-110.229485,-323.730438,50.842281
0.556763,-0.437988,0.685791,-123.229973,-296.569824,92.529289
0.701782,-0.368286,0.759644,-124.26757,-250.793442,136.962891
0.467285,-0.14624,0.349731,-26.000975,-191.040024,163.940414
0.519287,-0.010742,0.310303,12.023925,-224.365219,152.893066
0.313232,0.066406,0.545776,-63.354488,-287.658691,118.10302
0.21936,0.053467,0.762695,-113.769524,-302.185059,72.753906
0.037476,0.00708,1.025513,-155.456543,-280.456543,24.963377
-0.014038,-0.004028,1.256714,-162.780746,-230.163559,-7.93457
-0.092163,-0.023071,1.282349,-116.638176,-158.813477,-19.042969
-0.073364,-0.250244,0.867554,-79.711914,-103.759758,-7.141113
-0.096069,-0.194946,0.79187,-48.46191,-123.962395,47.546383
-0.101318,0.122803,1.234619,-30.029295,-158.203125,87.768547
-0.134033,0.291992,1.335449,-43.823238,-104.064934,72.32666
0.02417,0.311035,0.943359,-46.081539,-43.151852,37.475586
-0.032593,0.148926,0.988525,3.295898,-44.128414,-6.16455
-0.058228,-0.169922,1.022217,-3.051758,-24.902342,-13.183593
-0.029053,0.050171,1.007202,-43.029781,-19.53125,39.306641
-0.038208,0.40564,1.212769,-69.824219,-23.559568,55.053707
-0.025024,0.328735,1.143677,-16.601562,7.629394,12.817382
-0.034668,0.051636,1.033691,-5.065917,35.15625,-16.113281
0.114624,0.087891,0.836792,-18.371582,37.29248,-1.342773
0.097168,0.061401,0.974487,-5.065917,5.92041,7.080078
0.048828,0.19751,1.00354,-34.851074,1.098633,18.371582
0.056763,0.280029,1.028931,-23.620604,3.967285,16.662598
0.056152,0.191772,0.966797,-12.939452,7.080078,2.197266
0.093628,0.147461,0.908203,-9.216309,-3.356933,5.676269
0.079956,0.227173,1.008911,-6.469726,-15.808105,17.63916
0.035889,0.231445,1.00293,-4.272461,-9.521484,11.779784
0.018677,0.23291,1.011475,1.281738,-6.347656,5.004883
-0.002319,0.241333,1.031128,7.385253,-0.976562,-3.051758
-0.029541,0.175903,0.985107,3.662109,-2.01416,-5.310058
0.031372,0.14502,0.972046,-5.676269,-7.568359,2.319336
0.04834,0.184204,0.9823,-6.774902,-7.324218,2.807617
0.024414,0.155151,0.992432,-2.319336,-7.263183,4.333496
0.009033,0.199341,0.979492,-3.051758,-9.277344,5.798339
0.023437,0.197632,0.986206,-2.563476,-9.58252,2.685547
0.041748,0.173584,0.989014,2.624511,-10.559081,7.080078
0.006836,0.207275,0.983276,0.610352,-10.986327,4.150391
-0.007202,0.186401,0.991699,-0.854492,-10.864257,2.624511
0.013306,0.174927,1.035034,9.033203,-8.483887,4.638672
-0.013306,0.216431,0.959473,7.995605,-7.141113,4.577637
-0.014404,0.08728,0.962891,14.22119,-15.441894,11.657714
-0.026367,0.162598,0.942261,13.305663,-21.972654,25.756834
-0.122559,0.27356,1.142334,7.385253,-6.713867,13.183593
-0.344482,0.456787,1.45166,33.02002,59.692379,-22.766111
-0.473633,0.651611,1.697144,64.086914,188.903793,-91.552727
-0.507324,0.518921,1.497314,79.223633,335.205048,-171.508774
-0.368286,-0.119019,0.717651,85.632317,397.827118,-182.250961
0.678467,-0.86499,-0.391846,48.583981,308.166504,-83.557121
1.847046,-1.114014,-1.208862,-3.417969,47.668453,60.241695
1.759644,-0.519897,-1.00061,-0.915527,-126.464836,129.211426
0.096313,0.570068,0.690308,18.737793,-424.987762,151.062012
-1.713379,0.81665,2.564941,12.756347,-436.279266,65.917969
-2.296143,1.358398,3.999878,132.995605,-165.344223,48.33984
-1.928711,0.904785,2.875854,160.15625,295.959473,-62.561031
-0.32251,-0.586548,-0.182129,172.668442,572.143555,-112.915031
2.203857,-1.138672,-2.424072,172.241196,404.724091,33.874512
2.180542,-0.76123,-1.554199,85.632317,-56.823727,96.496574
0.963501,-0.470337,-0.170898,-11.535644,-296.936035,35.339355
-0.555908,0.175049,1.660645,-65.795898,-329.772919,-15.258788
-1.136963,0.645874,3.186279,-49.926754,-180.847153,-31.005857
-0.734375,0.368896,2.254395,15.808105,115.600578,-44.677731
0.364502,-0.370117,0.399536,62.316891,230.224594,-21.789549
1.378906,-0.370483,-0.314331,51.391598,99.548332,47.912594
1.109741,-0.345337,-0.001831,13.305663,-65.856934,28.19824
0.047974,-0.18811,1.078857,-20.38574,-140.380859,-20.1416
-0.690796,0.131348,2.156982,-20.507811,-71.350098,-42.053219
-0.477661,0.057007,1.813477,10.131835,103.088371,-40.64941
0.574097,-0.348999,0.354248,31.555174,190.673813,-14.22119
1.501953,-0.584106,-0.625,19.592285,85.571281,24.230955
1.365967,-0.364746,-0.272461,-20.629881,-108.886711,30.334471
0.177002,0.005371,0.991821,-57.617184,-216.91893,-15.258788
-1.026001,0.337646,2.568237,-40.100098,-188.049301,-39.123535
-1.283936,0.48291,3.026367,32.226562,10.498046,-22.338865
-0.549438,-0.233032,1.224487,80.13916,246.948227,-22.827147
1.100098,-0.572876,-0.505737,77.941895,254.394516,38.94043
1.952637,-0.593262,-1.175781,21.484373,84.594719,47.485348
1.252808,-0.470337,-0.381958,-33.26416,-133.850098,3.295898
-0.098511,0.04834,1.201904,-66.894531,-241.394028,-29.663084
-1.152954,0.444458,2.994629,-41.137691,-187.316879,-35.705566
-1.158081,0.473267,2.833862,26.733397,64.331055,-19.104004
-0.75,0.151978,1.932251,65.856934,244.506821,-7.568359
0.587891,-0.454102,0.115845,57.373043,219.726547,37.414551
1.913818,-0.742187,-1.245483,3.90625,44.494625,42.480465
1.528687,-0.60791,-0.864502,-54.809566,-184.082016,-5.798339
0.200806,-0.021118,0.864014,-77.575684,-256.591797,-44.677731
-1.160034,0.426025,2.666748,-23.620604,-145.935059,-51.696774
-1.54248,0.547729,3.413452,61.645504,145.935059,-15.930175
-0.46875,-0.103027,1.301636,88.74511,318.29834,9.70459
1.179565,-0.778198,-0.869873,33.325195,188.293442,65.551758
2.244385,-0.677612,-1.595825,-26.489256,-76.23291,57.189938
1.388672,-0.282471,-0.550903,-65.734863,-285.827637,-12.817382
-0.277832,0.182739,1.343994,-71.105957,-305.114746,-58.715816
-1.517456,0.469727,3.093262,-13.000487,-126.708977,-52.612301
-1.673096,0.430542,3.367676,49.255367,185.54686,-21.057127
-0.450317,-0.067993,1.225952,74.523926,319.885254,33.26416
1.441772,-0.523926,-0.858521,39.978027,203.30809,73.364258
2.131104,-0.664429,-1.640503,-24.414061,-66.711426,25.573729
0.890503,-0.509888,-0.266357,-60.729977,-262.878418,-19.836426
-0.387573,0.182983,1.577148,-58.227535,-231.445297,-46.997066
-1.046631,0.313599,2.658936,-1.770019,-62.377926,-6.16455
-0.435181,0.39209,2.204346,63.781734,118.835442,15.258788
0.284302,-0.165405,0.887939,69.641113,153.747559,17.76123
0.748291,-0.396118,0.227173,54.687496,125.183098,21.423338
0.838989,-0.479614,0.049316,5.737304,42.66357,10.498046
0.690186,-0.282959,0.401123,-2.01416,-42.907711,5.615234
0.513916,-0.181885,0.761475,2.502441,-83.19091,-3.173828
0.296997,-0.105591,1.070313,-10.009766,-88.439934,-5.859375
0.138184,-0.09314,1.242432,-9.033203,-57.189938,-12.512206
0.119629,-0.00415,1.289795,1.159668,-18.920898,-15.197753
0.151978,-0.100952,1.143066,0.549316,15.99121,-43.090816
0.285889,-0.179565,1.032959,0.366211,26.000975,-50.659176
0.304321,-0.189209,0.902832,-15.319823,25.878904,-42.053219
0.181152,-0.282715,0.857178,-34.423828,9.70459,-41.503902
0.006348,-0.354248,0.834595,-49.438473,-10.253905,-37.902832
-0.104248,-0.352173,0.948975,-65.307617,-21.301268,-33.508301
-0.244141,-0.325195,0.983154,-79.284668,-8.300781,-29.96826
-0.471069,-0.35498,1.106689,-100.280754,15.930175,-42.41943
-0.558838,-0.473145,1.046509,-117.980949,52.917477,-29.113768
-0.468384,-0.373169,0.950928,-108.64257,82.641594,36.804199
-0.022095,-0.158936,0.745728,-79.589844,96.862785,126.281731
0.800537,0.32312,0.504517,-38.879395,77.270508,204.406723
1.569946,1.004272,0.646851,-59.997555,17.822266,176.879868
1.39917,1.106079,0.96582,-106.018059,-27.526854,7.446289
0.972656,0.82312,0.873657,-100.646965,-33.508301,-152.648926
0.776611,0.833618,1.218262,-106.262199,-43.701168,-251.037582
0.432617,0.927979,1.839966,-152.587891,19.042969,-339.355438
0.069824,0.858765,1.931396,-171.874985,162.963852,-412.658661
0.119141,0.644653,0.919067,-120.422356,283.813477,-454.833954
-0.146118,-0.141357,0.683472,-107.421867,216.552719,-449.279755
-0.210571,-0.436035,0.895142,-77.575684,173.583969,-317.871094
-0.715332,-0.792847,1.189209,-7.507324,159.790039,-164.12352
-1.446045,-1.442627,0.495972,115.051262,109.191887,83.19091
-0.912109,-0.549927,0.097656,198.486313,-48.950191,478.57663
-0.449097,0.09021,0.463257,214.599594,-184.570297,704.833923
0.801025,1.02002,1.194824,321.594208,-212.158188,718.933044
1.87854,1.519531,1.048828,297.119141,-265.991211,562.011719
2.067383,1.627808,0.712402,200.256332,-271.42334,253.784164
1.235474,1.243774,0.662231,81.848137,-188.049301,-58.471676
0.230957,0.631958,0.908203,-17.333984,-114.990227,-230.468735
0.153564,0.473389,1.029175,-95.397942,-84.350578,-297.363281
0.394287,0.573975,1.422974,-180.358871,-30.517576,-304.016113
0.190796,0.89917,1.812256,-205.32225,88.012688,-351.989716
-0.29248,0.467896,1.668579,-132.751465,201.17186,-343.139618
-0.359131,0.210571,1.258423,-68.29834,201.538071,-264.343262
-0.243164,0.038452,1.33667,-46.020504,208.496078,-203.674301
-0.012817,-0.081299,1.077637,-52.734371,283.02002,-131.530762
-0.013916,-0.159546,0.742432,-84.777824,347.412079,-68.847656
0.070557,-0.366089,0.738281,-74.157715,331.787079,25.146482
0.227173,-0.110229,0.486938,-110.107414,203.491196,111.938469
0.448364,-0.149048,-0.199829,-64.758301,92.041008,195.678696
0.810669,0.648437,-0.536011,34.057617,-51.452633,197.143539
1.071533,0.361084,-0.004272,-14.404296,-96.069328,99.609367
1.272461,0.151611,0.243652,-63.476559,-167.602524,135.192871
0.993164,0.864136,0.81604,9.338379,-196.899399,95.764153
0.632935,0.933228,0.914185,14.831542,-111.328117,16.784668
0.505493,0.533081,0.917847,-14.343261,-32.531738,-3.173828
0.635986,0.418945,0.897949,-2.563476,-7.263183,7.324218
0.773193,0.585815,0.951294,33.996582,16.357422,32.958984
0.856323,0.497559,0.951416,102.355949,54.931637,33.38623
0.843872,0.136597,0.64856,222.412094,128.295898,59.570309
0.540405,-0.148437,0.25647,399.963348,218.261703,227.905258
0.439087,0.772217,0.296509,499.206512,159.423828,407.287567
0.592896,1.422119,0.277832,289.550781,20.080564,277.954102
0.575806,1.55188,0.295898,76.538086,-56.945797,-3.784179
0.371826,1.153809,0.778687,-103.942863,-132.751465,-313.964844
-0.102173,0.579468,1.145386,-177.185043,-195.983871,-587.524414
-0.197266,-0.413696,1.310059,-137.939453,-195.49559,-709.716736
0.155884,-1.019897,1.312866,-25.024412,-106.018059,-540.83252
0.353027,-1.330811,1.086304,94.360344,-1.831055,-206.726059
0.052612,-1.41333,0.987061,198.181137,27.160643,189.758286
-0.292725,-1.088379,1.01709,263.000488,-2.746582,545.166016
-0.384033,-0.324829,1.048828,284.606934,-55.541988,757.018982
-0.219482,1.421509,0.965576,251.098618,-74.707031,770.01947
0.434204,2.486328,0.594482,73.303223,-66.833496,364.013641
0.531372,1.446533,1.012207,-57.678219,-123.535149,-238.586411
0.372925,0.53418,1.271973,-63.537594,-93.994133,-552.246094
0.262451,-0.229614,0.99707,-6.835937,-19.470215,-638.427734
0.522095,-1.050537,0.962891,20.629881,21.118162,-501.892059
0.674561,-1.354614,1.02771,46.44775,46.020504,-176.696762
0.355103,-1.057373,0.921997,54.626461,53.222652,170.837387
0.055908,-0.757446,0.872681,66.467285,27.221678,410.583466
-0.331055,-0.106812,0.907837,66.345215,1.647949,567.687988
-0.210937,1.553223,0.443726,-60.546871,10.009766,490.905731
0.212036,1.418335,0.658081,-146.728516,-58.04443,-10.0708
0.448608,0.511353,1.185059,-96.92382,-90.087883,-381.225555
0.507202,0.176025,1.147949,-25.451658,-36.621094,-492.614716
0.539551,-0.22168,1.029053,-9.94873,10.0708,-477.416962
0.662231,-1.200562,0.929321,18.798828,19.53125,-205.20018
0.548584,-1.381836,0.987305,79.650879,14.587401,202.209457
0.249756,-0.77124,0.894531,99.670403,-9.94873,465.881317
-0.165405,-0.167114,1.072021,8.117676,-0.549316,564.697266
-0.158936,1.258545,0.577515,-69.519043,7.019042,363.891571
0.242676,1.581421,0.658081,-114.685051,-44.921871,-107.727043
0.366943,0.803223,1.001099,-42.358395,-44.43359,-413.574188
0.383057,0.478638,0.931763,17.089844,-32.531738,-557.556152
0.457153,-0.530396,0.977173,25.634764,-23.803709,-493.530243
0.661621,-1.531006,1.111572,53.161617,17.51709,-148.498535
0.560913,-1.441406,1.020996,85.815422,36.071777,279.11377
0.203979,-0.65979,0.901978,94.604485,9.277344,516.662598
-0.234375,-0.079346,1.070068,35.217285,22.521971,587.646484
-0.153809,1.288208,0.481934,-51.940914,5.249023,365.112274
0.266724,1.595581,0.600708,-117.797844,-58.105465,-119.934074
0.412231,0.721313,0.94397,-55.114742,-63.415524,-397.582977
0.477051,0.293091,1.023926,-0.732422,-36.682129,-490.051239
0.504883,-0.559204,0.978516,30.944822,-13.916015,-404.235809
0.664551,-1.316162,1.016968,58.04443,7.93457,-92.285149
0.506958,-1.185059,0.976929,77.087402,18.432617,277.770996
0.296021,-0.558838,0.924927,77.270508,-3.784179,481.811493
-0.151489,-0.022827,1.097778,17.272949,31.005857,545.043945
-0.062378,1.390137,0.417969,4.516602,30.334471,474.426239
0.251709,1.495605,0.740234,-74.035645,-46.691891,55.664059
0.358765,0.69104,0.990356,-87.707512,-56.091305,-337.097137
0.345093,0.390503,0.914307,-38.452148,-37.536621,-503.478973
0.367065,-0.54187,1.000488,-21.972654,-40.100098,-552.429199
0.608521,-1.341064,1.11853,-13.183593,-23.620604,-367.370575
0.620361,-1.368408,1.131592,42.907711,11.657714,7.995605
0.297363,-0.666382,0.925171,94.421379,37.475586,360.717743
-0.043091,-0.292358,1.060547,95.092766,17.333984,527.587891
-0.288818,0.851562,0.682983,32.653809,36.92627,553.100586
0.184326,1.699341,0.498413,-61.645504,-0.244141,246.15477
0.372437,0.864624,0.912476,-99.426262,-59.448238,-218.078598
0.489868,0.353027,1.04895,-48.522945,-47.363277,-434.509247
0.4021,-0.204346,0.915771,-18.554687,-25.512693,-490.53952
0.508423,-1.060791,1.002197,-0.793457,-18.615723,-381.04245
0.566406,-1.44043,1.084229,40.710445,2.197266,-56.335445
0.398438,-0.716919,0.958374,84.167473,24.719236,315.979004
0.140991,-0.294067,1.109741,94.543449,11.352538,491.516083
-0.221558,0.699097,0.755249,50.781246,40.466305,533.874512
0.157227,1.729614,0.482788,-24.902342,7.019042,274.414062
0.311523,0.882202,0.856323,-90.148918,-53.344723,-201.232895
0.429077,0.377686,0.976929,-48.706051,-46.56982,-427.79538
0.39917,-0.140503,0.932861,-24.658201,-34.301758,-499.999969
0.501465,-1.075317,1.010132,-8.605957,-28.808592,-410.888641
0.590698,-1.450439,1.085083,37.780762,-7.8125,-86.425774
0.396606,-0.846069,0.967651,72.08252,17.089844,292.358398
0.122803,-0.368408,1.088013,79.833984,6.469726,498.10788
-0.257446,0.614014,0.797974,19.714355,33.691406,552.001953
0.104126,1.615356,0.488037,-18.737793,7.568359,321.716278
0.320435,0.96936,0.915283,-83.801262,-52.062984,-129.333496
0.381592,0.58313,0.958862,-59.082027,-35.522461,-388.366669
0.375122,0.422363,0.910278,-29.235838,-26.916502,-513.122559
0.373901,-0.462158,0.923218,-13.061522,-30.395506,-467.163055
0.522583,-1.161621,1.013184,20.324705,-18.798828,-200.378403
0.648926,-1.311157,1.112793,54.13818,6.958007,158.569336
0.44104,-0.75647,1.022583,75.683594,21.423338,426.757782
0.118896,-0.341187,1.203979,26.123045,43.151852,543.212891
-0.308228,0.602783,0.7052,-5.737304,73.120117,480.041473
0.042114,1.695557,0.318359,-79.772949,-40.466305,68.42041
0.273193,1.015503,0.867187,-103.942863,-72.08252,-328.735321
0.44812,0.445557,0.994629,-43.090816,-54.321285,-471.984833
0.433838,-0.064697,0.963257,0.305176,-46.630856,-487.792938
0.498169,-0.93811,1.026001,25.512693,-26.245115,-304.626465
0.606323,-1.387085,1.086914,65.429687,-1.464844,55.114742
0.425659,-0.858276,1.029419,89.355461,20.38574,367.004364
0.185669,-0.389893,1.124268,54.870602,36.376953,511.474579
-0.233154,0.419312,0.827026,16.845703,72.265625,503.173798
0.046265,1.616089,0.331055,-47.363277,-29.541014,142.700195
0.286621,1.079834,0.846558,-95.642082,-69.702148,-276.184082
0.341187,0.494141,0.979126,-54.565426,-52.12402,-455.200165
0.36731,0.161011,0.865479,-10.31494,-61.340328,-520.202637
0.461182,-0.796631,1.062256,-0.549316,-47.851559,-383.300751
0.668335,-1.480591,1.194092,46.203609,-4.699707,-32.043457
0.485352,-1.12146,1.116943,73.303223,15.686034,165.100082
0.112793,-0.498901,0.980957,104.431145,28.259275,447.265594
-0.219727,0.11499,1.078979,33.14209,39.916992,564.27002
-0.125,1.415405,0.267944,-48.889156,69.885254,478.271454
0.279541,1.393066,0.668701,-71.289062,-52.612301,56.396481
0.354126,0.513794,1.117798,-62.377926,-74.951172,-302.429199
0.379883,0.432495,0.88916,-10.498046,-35.888672,-445.312469
0.401978,-0.376831,0.920776,9.399414,-47.119137,-506.957977
0.574707,-1.27356,1.103027,9.460449,-37.658691,-334.594696
0.575806,-1.313721,1.192383,47.607418,-4.394531,25.451658
0.300293,-0.670166,1.02478,82.153313,28.503416,358.215302
-0.096069,-0.224487,1.217896,52.795406,39.916992,526.367188
-0.259644,0.88855,0.486206,-13.427733,94.116203,541.442871
0.164185,1.539307,0.4021,-38.330078,1.098633,242.614731
0.358765,0.811157,1.033447,-60.241695,-73.608398,-172.05809
0.359497,0.552002,0.964966,-42.358395,-40.954586,-398.071259
0.339966,0.04834,0.813354,-2.624511,-38.208008,-509.582489
0.433594,-0.901733,0.967529,2.197266,-52.36816,-445.190399
0.646729,-1.362061,1.175049,26.18408,-35.705566,-163.085922
0.505127,-1.031616,1.127441,66.650391,4.455566,189.331039
0.16687,-0.56189,1.116089,87.951653,21.057127,447.998016
-0.255249,0.203125,1.061523,13.671874,63.659664,573.791504
-0.124512,1.449951,0.194092,-34.667969,77.392578,452.026337
0.272095,1.256104,0.707031,-40.954586,-59.997555,26.489256
0.388794,0.600952,1.098145,-60.363766,-68.603516,-300.048828
0.385742,0.353516,0.914795,-15.319823,-27.343748,-448.974579
0.39624,-0.45874,0.876099,18.310547,-31.921385,-487.670868
0.569092,-1.216797,1.03772,26.977537,-33.203125,-301.757812
0.531372,-1.216797,1.168091,41.687008,-7.263183,38.024902
0.318115,-0.709839,1.007935,57.312008,24.29199,337.341278
-0.012939,-0.269165,1.262329,46.081539,34.118652,515.075684
-0.207397,0.259277,1.046631,-20.996092,94.299309,535.644531
-0.098022,1.585938,0.165894,-37.231445,-5.798339,203.857407
0.277222,1.285278,0.786743,-65.124512,-82.94677,-241.577133
0.386353,0.576172,1.108032,-26.611326,-31.066893,-443.237274
0.351074,0.230591,0.892456,33.996582,-22.644041,-526.611328
0.362061,-0.763794,0.925537,58.898922,-20.935057,-399.597137
0.613159,-1.390747,1.013794,50.964352,-7.080078,-75.012207
0.562378,-1.131104,1.082031,52.734371,6.408691,260.131836
0.287109,-0.661133,0.97583,85.510246,2.929687,470.8862
-0.128906,-0.179077,1.24353,-1.89209,50.292965,568.359375
-0.183105,1.195679,0.432861,-35.766602,39.001465,345.092743
0.253418,1.253784,0.628052,-52.001949,-54.321285,-76.049805
0.40686,0.542603,1.060303,-49.194332,-31.249998,-304.382324
0.368164,0.504517,0.93396,-12.08496,1.586914,-427.673309
0.359619,-0.113281,0.821533,7.202148,1.525879,-441.101044
0.549316,-0.984985,0.847778,2.380371,-16.296387,-243.652328
0.709595,-1.165527,1.103516,15.441894,-5.493164,59.143063
0.529297,-0.797852,1.050659,47.363277,16.967773,306.945801
0.247559,-0.435669,1.004883,61.462399,15.136718,458.312958
-0.084595,0.282959,1.042847,13.427733,58.837887,461.547821
-0.012817,1.292236,0.341797,-20.080564,-9.643555,160.949692
0.336182,0.955078,0.835571,-59.448238,-61.828609,-204.772934
0.396484,0.388794,1.067505,-57.983395,-41.809078,-296.020508
0.339722,0.379028,0.858276,-30.456541,-9.643555,-406.982391
0.382446,-0.482056,0.8302,-12.329101,-19.836426,-458.312958
0.603027,-1.119507,1.041382,-4.333496,-34.057617,-294.677734
0.692139,-1.11499,1.163452,22.460936,-12.145995,-8.483887
0.435181,-0.702026,0.995728,62.499996,18.859863,261.169434
0.147949,-0.379883,1.114746,82.763664,16.052246,432.250946
-0.174316,0.50708,0.868774,17.944336,58.471676,493.774384
0.092773,1.417847,0.307251,-8.483887,32.409668,285.03418
0.373901,0.772583,0.940186,-51.879879,-62.19482,-114.013664
0.424072,0.398682,1.025024,-50.720211,-29.541014,-325.195282
0.394653,0.089722,0.847168,-8.789063,-4.516602,-423.706024
0.455078,-0.756714,0.839966,6.04248,-12.268065,-400.69577
0.647461,-1.20105,1.035522,12.451171,-22.521971,-181.457504
0.600586,-0.997559,1.064331,38.085937,-5.310058,114.44091
0.332153,-0.600708,0.959351,68.847656,3.967285,351.318329
0.016602,-0.093872,1.182251,60.485836,5.310058,487.182587
-0.108398,1.179443,0.432129,-8.911133,54.321285,443.603485
0.260742,1.351685,0.60144,-45.898434,-35.03418,65.551758
0.408569,0.475342,1.079712,-71.533203,-57.678219,-279.663086
0.293945,0.416016,0.917358,-51.818844,-14.038085,-421.569794
0.301025,-0.417236,0.859497,-27.221678,-20.812986,-504.211395
0.572266,-1.268677,1.059814,-17.028809,-31.127928,-354.003876
0.627441,-1.316528,1.152954,13.122558,-9.338379,-25.512693
0.408325,-0.762207,0.992798,55.175777,18.615723,293.701172
0.148437,-0.504639,1.144775,74.645996,15.258788,482.48288
-0.223267,0.429199,0.97229,17.39502,62.499996,573.913574
-0.003052,1.674805,0.225464,-7.873535,48.767086,374.450653
0.341309,0.910645,0.859009,-29.907225,-71.228027,-90.698235
0.398071,0.403809,1.103271,-55.603024,-45.104977,-323.364227
0.305786,0.287231,0.818604,-33.447266,-4.211426,-440.124481
0.303711,-0.143921,0.77478,-3.356933,-24.475096,-472.228973
0.467773,-0.956421,0.885132,19.470215,-45.532223,-273.498535
0.672485,-1.180664,1.131104,47.790524,-23.681639,22.338865
0.55481,-0.944702,1.073608,71.960449,5.798339,292.663574
0.26123,-0.630615,1.017212,86.364738,1.525879,474.121063
-0.088501,-0.064819,1.234985,-3.90625,59.570309,539.18457
-0.088135,1.236816,0.374023,-35.27832,27.832029,302.307129
0.252075,1.209717,0.63855,-54.870602,-67.810059,-103.942863
0.40918,0.473877,1.085083,-74.21875,-34.729004,-302.490234
0.333618,0.581055,0.931396,-38.94043,-0.305176,-442.443817
0.317871,-0.128296,0.822876,-22.460936,-14.160155,-482.360809
0.512695,-1.072266,0.931763,-1.464844,-27.832029,-265.563965
0.676392,-1.318604,1.171021,26.000975,3.601074,77.697754
0.476318,-0.905273,1.019531,52.36816,29.296873,367.370575
0.176025,-0.516602,1.12561,47.546383,32.287598,532.714844
-0.222168,0.36377,0.960205,-1.953125,83.801262,527.46582
-0.043701,1.642456,0.201172,-31.86035,-24.719236,156.616211
0.328491,1.030762,0.842285,-73.059082,-81.237785,-247.009262
0.403809,0.509277,1.111084,-49.865719,-27.343748,-409.118622
0.297974,0.273071,0.837891,-1.953125,-18.981934,-502.807587
0.363037,-0.639526,0.859741,17.822266,-39.367676,-414.611786
0.639648,-1.365479,1.080444,37.841797,-26.123045,-97.778313
0.61377,-1.169922,1.145386,52.429195,-6.958007,87.951653
0.341553,-0.596191,0.948853,74.768066,18.859863,373.535126
-0.004272,-0.225342,1.238525,68.969727,14.09912,521.66748
-0.171997,1.00061,0.559326,-25.634764,74.951172,515.258789
0.162842,1.546021,0.396118,-54.748531,-3.417969,170.776352
0.402832,0.661133,1.055542,-76.721191,-75.012207,-234.31395
0.364014,0.47937,1.000854,-64.086914,-26.428221,-406.127899
0.30127,-0.070801,0.796753,-13.122558,-15.136718,-501.525848
0.471436,-1.024536,0.924805,11.413573,-35.095215,-417.480438
0.682007,-1.397705,1.17981,32.958984,-26.428221,-113.708488
0.48999,-0.982544,1.087036,62.866207,16.052246,242.065414
0.155151,-0.483643,1.101563,75.195312,27.648924,479.919403
-0.227051,0.420654,0.9646,16.235352,63.781734,570.19043
-0.024048,1.709351,0.138794,-32.653809,55.419918,376.953094
0.343262,1.178345,0.803101,-58.776852,-76.904297,-100.036613
0.374756,0.536621,1.088867,-57.250973,-60.241695,-387.573212
0.298706,0.199463,0.850586,-4.272461,-23.437498,-515.258789
0.35144,-0.846802,0.942261,14.160155,-40.893551,-522.827148
0.60022,-1.491943,1.090698,20.446775,-29.479979,-260.253906
0.574341,-1.177856,1.126831,46.813961,0.305176,122.436516
0.330322,-0.683838,1.017334,76.049805,19.714355,408.447235
-0.109863,-0.256836,1.301147,65.551758,32.348633,577.270508
-0.282349,1.166748,0.365234,-9.765625,98.510735,574.035645
0.140991,1.717773,0.316772,-42.297359,-21.118162,175.109848
0.401367,0.628296,1.121094,-97.595207,-104.003899,-280.944824
0.403931,0.352417,1.062378,-60.607906,-37.719727,-441.406219
0.352417,-0.228638,0.809692,7.080078,-13.793944,-504.15036
0.528809,-1.098999,0.915894,27.099607,-33.38623,-388.549774
0.674927,-1.358643,1.140625,44.616695,-21.850584,-65.063477
0.459351,-0.778931,1.029907,65.307617,11.718749,268.005371
0.167847,-0.40332,1.132568,89.172356,13.244628,453.552216
-0.033081,-0.042114,1.198242,34.057617,59.326168,519.836426
-0.114258,1.238037,0.380371,-6.835937,36.132812,290.95459
0.254028,1.319702,0.589722,-59.509274,-66.223145,-148.132324
0.424194,0.460327,1.111328,-62.866207,-32.653809,-373.779266
0.363037,0.261597,0.925049,-19.714355,-10.742187,-475.830048
0.368164,-0.514038,0.905762,-7.019042,-24.475096,-432.250946
0.644897,-1.310791,1.051025,20.080564,-11.718749,-141.662598
0.643555,-1.246094,1.120361,52.429195,24.963377,218.566879
0.401733,-0.847778,1.025024,57.678219,36.071777,472.106903
-0.066284,-0.306396,1.260864,-5.798339,101.318352,610.595703
-0.222534,0.993652,0.401245,-28.381346,84.716789,461.791962
0.088501,1.610107,0.263306,-52.307125,-51.757809,20.996092
0.377319,0.936157,0.751831,-107.116692,-98.510735,-310.241699
0.379883,0.525635,1.083008,-65.795898,-61.889645,-473.266571
0.388916,-0.096069,0.879272,10.131835,-42.66357,-493.530243
0.528564,-0.838257,0.892944,22.705076,-57.006832,-322.32663
0.744141,-1.362427,1.219116,43.457027,-21.667479,16.418457
0.537231,-0.916626,1.174316,68.115234,36.804199,322.387665
0.291382,-0.384399,0.988647,80.444328,42.053219,473.02243
-0.078369,0.213135,1.083984,2.197266,86.547844,483.520477
-0.019043,1.353394,0.232544,-38.330078,20.874022,197.204575
0.314331,1.136841,0.641968,-83.19091,-75.866699,-193.420395
0.424438,0.552002,1.04187,-91.735832,-68.054199,-311.462402
0.364624,0.38147,0.80127,-54.321285,-32.226562,-448.120087
0.362793,-0.388428,0.80249,-19.40918,-53.894039,-497.802704
0.572144,-1.186401,1.121582,-10.009766,-66.345215,-343.811005
0.64563,-1.239624,1.222656,39.0625,-20.1416,-22.827147
0.423462,-0.705078,1.016846,83.312981,23.864744,277.22168
0.192261,-0.363403,1.039429,105.773918,25.939939,459.533661
-0.065796,0.323364,1.067261,53.405758,50.415035,535.949707
0.029419,1.44812,0.237427,-42.114254,67.260742,380.065887
0.311646,1.127563,0.657593,-85.754387,-56.579586,-36.437988
0.39978,0.597046,1.042236,-100.097649,-70.678711,-317.871094
0.362793,0.294678,0.849731,-65.856934,-37.29248,-455.688446
0.393188,-0.47937,0.895752,-37.29248,-55.297848,-486.877411
0.572388,-1.128174,1.167358,-27.465818,-59.204098,-322.57077
0.638428,-1.273804,1.241089,35.095215,-10.803222,-8.178711
0.390381,-0.715454,1.063721,91.125481,37.29248,317.321777
0.096436,-0.271362,1.084961,127.868645,43.273922,510.742157
-0.246216,0.640991,0.819702,48.889156,68.115234,552.124023
0.099609,1.610352,0.197998,-16.967773,35.27832,309.631348
0.378784,1.008179,0.81543,-62.805172,-74.09668,-121.032707
0.418457,0.591919,0.997681,-56.823727,-60.791012,-370.361298
0.345093,0.156494,0.83606,-34.179687,-44.616695,-503.784149
0.370239,-0.864258,0.978882,-20.1416,-59.265133,-485.351532
0.606812,-1.428589,1.201538,10.009766,-36.682129,-215.576157
0.56604,-1.10083,1.177979,55.664059,14.770507,156.921387
0.280518,-0.595947,1.070435,83.374016,42.968746,432.311981
-0.186035,-0.011475,1.242432,57.800289,61.523434,574.157715
-0.198608,1.427368,0.181885,-6.652832,102.111809,502.929657
0.263062,1.660522,0.447266,-60.607906,-41.503902,71.350098
0.42627,0.645752,1.082275,-104.919426,-93.261711,-332.15329
0.423218,0.193604,0.969604,-58.471676,-47.424313,-477.111786
0.386353,-0.118286,0.87854,-0.427246,-47.546383,-487.304657
0.454468,-0.949097,0.943115,25.451658,-51.269527,-292.297363
0.62793,-1.348145,1.195801,54.13818,-9.94873,67.077637
0.468628,-0.812866,1.093018,78.979492,29.296873,350.036591
0.267212,-0.394775,1.089111,77.941895,38.818359,493.835419
-0.093506,0.238647,1.149292,5.981445,106.689445,501.892059
-0.037231,1.393066,0.167114,-25.573729,32.592773,219.726547
0.286255,1.244019,0.549561,-65.612793,-81.237785,-185.607895
0.460693,0.494995,1.060913,-74.34082,-52.062984,-370.239227
0.427734,0.260132,0.890137,-33.935547,-36.682129,-443.603485
0.383667,-0.328369,0.811279,-2.990722,-58.593746,-388.610809
0.557129,-0.97644,1.049316,16.052246,-49.011227,-159.423828
0.635254,-1.039429,1.262573,49.072262,4.760742,131.774902
0.441895,-0.654663,1.091919,76.11084,42.907711,349.121063
0.250366,-0.290771,1.137451,57.800289,63.720699,472.595184
-0.124268,0.421021,0.835815,18.859863,99.121086,434.875458
0.068481,1.419189,0.172485,-47.912594,-21.728514,105.712883
0.36438,1.02478,0.748047,-113.281242,-86.486809,-247.497543
0.472168,0.477051,1.079102,-100.036613,-52.36816,-397.399872
0.387085,0.243042,0.858643,-52.36816,-52.307125,-468.200653
0.408325,-0.4375,0.855591,-21.240232,-78.918457,-390.014618
0.596558,-1.230225,1.206787,41.442867,-44.43359,-94.604485
0.595459,-1.0802,1.295776,68.603516,-7.873535,81.970207
0.375854,-0.558472,1.09375,105.224602,36.92627,341.003387
0.015625,-0.130371,1.282593,95.458977,54.809566,475.830048
-0.147461,1.129761,0.297241,6.896972,118.469231,461.608856
0.298584,1.182251,0.428467,-6.103515,5.249023,149.291992
0.483521,0.166138,0.918213,5.187988,-55.847164,-118.041985
0.579468,0.005615,0.957886,8.422852,-34.790039,-152.954102
0.570801,-0.242554,0.933594,6.103515,-19.592285,-122.924797
0.480103,-0.233154,0.877319,-4.394531,-13.916015,-14.160155
0.43103,0.117432,0.913696,-7.385253,-17.76123,68.17627
0.473633,0.257935,0.959595,-6.469726,-14.526366,49.865719
0.483398,0.215698,0.995972,1.586914,-7.141113,-8.300781
0.439819,0.041748,0.898682,12.145995,2.990722,-43.518063
0.428101,-0.046265,0.871094,6.958007,-1.464844,-30.334471
0.448608,-0.050903,0.905884,-0.183105,-6.652832,1.708984
0.471436,0.095947,0.915405,-1.525879,-7.690429,20.812986
0.459839,0.165894,0.913574,-0.366211,-7.080078,7.141113
0.440674,0.115112,0.887695,0.305176,-6.103515,-13.122558
0.454956,0.001709,0.914673,-0.549316,-6.835937,-15.502929
0.472046,-0.001953,0.939209,-2.563476,-4.516602,-1.037598
0.438599,0.078491,0.907715,-1.281738,-0.305176,8.605957
0.410034,0.100586,0.876343,4.638672,-1.220703,2.075195
0.447388,0.079346,0.887573,6.347656,-5.126953,-6.103515
0.469482,0.020508,0.938354,3.601074,-6.652832,-5.615234
0.450562,0.046997,0.929321,-0.12207,-3.356933,2.380371
0.432495,0.068115,0.927002,0.366211,-1.464844,4.943848
0.423828,0.084106,0.909302,3.112793,0.915527,4.333496
0.435425,0.054565,0.92041,4.760742,1.220703,2.319336
0.447266,0.089478,0.901489,3.234863,2.01416,2.929687
0.448242,0.062256,0.915161,1.403808,0.12207,-3.112793
0.441162,0.032349,0.930176,4.211426,0.061035,-4.699707
0.432861,0.039185,0.920532,6.896972,1.647949,-1.586914
0.435303,0.065674,0.890747,5.187988,1.037598,-0.305176
0.447876,0.077271,0.903198,2.197266,-0.305176,-0.793457
0.448364,0.049316,0.929321,1.281738,1.098633,-1.159668
0.444702,0.03125,0.937256,2.075195,3.112793,0.854492
0.449585,0.036133,0.943604,3.356933,5.432128,2.990722
0.422729,0.055054,0.909912,4.150391,6.469726,3.601074
0.43457,0.048828,0.925171,5.737304,5.432128,1.647949
0.461548,0.051758,0.951538,7.202148,7.995605,1.831055
0.454956,0.016235,0.97644,8.483887,13.610839,5.249023
0.463989,-0.056152,1.032471,12.756347,22.216795,18.676758
0.500488,-0.140259,1.134033,8.361816,42.66357,45.104977
0.509888,-0.104126,1.182373,-9.70459,70.739746,64.758301
0.548584,-0.083374,1.270264,-46.508785,103.149406,65.307617
0.547852,-0.016235,1.356201,-71.166992,153.442383,57.922359
0.457153,0.089722,1.24292,-62.07275,210.937485,49.499508
0.42041,0.222168,0.959961,-64.697266,231.201157,24.353025
0.501343,0.266602,0.942383,-68.115234,236.999496,-11.047362
0.567505,0.205933,0.957764,-52.734371,266.784668,-31.494139
0.586426,0.362183,0.945312,-49.865719,321.838348,-64.941406
0.594849,0.325195,0.516968,-20.202635,327.636688,-111.328117
0.716187,0.175537,0.192505,36.743164,248.779282,-103.881828
0.876709,0.172852,0.196777,53.588863,192.993149,-93.322746
0.825073,0.074707,0.537842,84.533684,146.179199,-62.927242
0.719604,0.087402,0.456177,-22.338865,183.349594,-33.081055
0.709229,0.244507,0.37146,-56.27441,218.566879,-28.320311
0.782593,0.021484,0.240601,43.701168,277.526855,-16.845703
0.699829,0.083862,0.094604,-64.39209,328.186005,19.958496
0.571777,0.177002,-0.229492,-98.632805,351.440399,17.76123
0.580933,0.11145,-0.670654,-22.888182,318.786621,-3.540039
0.648193,0.088623,-0.677856,37.353516,248.04686,-9.70459
0.574219,0.074097,-0.649536,67.565918,233.154282,-10.0708
0.534302,0.048218,-0.917603,58.349606,225.524887,-17.578125
0.578613,0.042603,-0.885864,56.823727,162.658676,-25.695799
0.559082,0.071045,-0.898804,35.644531,131.896973,-25.756834
0.506592,0.014038,-1.023926,13.305663,118.408195,-28.930662
0.544922,0.008911,-1.092407,3.845215,90.515129,-23.132322
0.549927,0.022583,-1.070679,0.793457,62.07275,-19.104004
0.537231,-0.005249,-1.022461,4.699707,34.484863,-15.563964
0.576904,0.030762,-1.014282,12.817382,9.277344,-10.803222
0.5979,0.013306,-0.944458,20.26367,-9.58252,-11.108397
0.61731,-0.003052,-0.891724,12.573241,-17.150879,-11.291503
0.63147,-0.022095,-0.798828,1.342773,-19.287109,-10.253905
0.660278,-0.016968,-0.772339,-0.427246,-17.39502,-4.943848
0.69751,0.028931,-0.763428,5.676269,-17.700195,-0.732422
0.698486,0.033691,-0.75,9.216309,-22.521971,-4.211426
0.683838,0.012329,-0.743286,9.58252,-26.367186,-7.141113
0.696045,0.010132,-0.685181,10.253905,-26.000975,-4.089355
0.736816,0.047852,-0.648437,9.460449,-19.958496,0.427246
0.741821,0.068115,-0.668579,7.263183,-10.925292,0.915527
0.721436,0.0625,-0.690186,6.958007,-8.483887,-1.525879
0.703125,0.040405,-0.673462,7.93457,-10.375976,-3.479004
0.712036,0.044556,-0.664307,9.58252,-9.70459,-1.770019
0.715454,0.049683,-0.658081,6.04248,-6.652832,-0.488281
0.712036,0.053833,-0.672485,2.075195,-3.90625,1.220703
0.712402,0.067505,-0.700684,0.305176,-5.737304,1.220703
0.694946,0.046021,-0.71875,0.305176,-10.864257,2.929687
0.7052,0.062378,-0.761719,-0.915527,-19.165039,7.141113
0.728149,0.083496,-0.733276,-3.356933,-27.160643,7.93457
0.72998,0.077271,-0.719604,-5.493164,-31.799314,9.643555
0.734741,0.085327,-0.714355,-4.577637,-36.560059,9.521484
0.723877,0.062866,-0.751099,-5.554199,-45.043941,12.451171
0.729492,0.099854,-0.787476,-6.591796,-58.837887,14.038085
0.723999,0.089966,-0.82959,-4.638672,-79.406738,10.009766
0.716919,0.060669,-0.846436,-2.746582,-115.966789,15.808105
0.707642,0.091309,-0.871704,26.977537,-179.62645,17.63916
0.733887,0.148193,-0.94873,59.082027,-253.112778,6.225585
0.82312,0.239014,-1.108154,67.260742,-353.027313,-15.014647
0.79126,0.279907,-0.832153,69.702148,-436.096161,-51.574703
0.629883,0.097046,-0.594238,82.153313,-491.027802,-77.514648
0.533081,0.084106,-0.276611,73.852539,-541.19873,-93.261711
0.469849,-0.040894,0.179932,77.636719,-538.818359,-99.121086
0.440918,-0.141479,0.401733,87.09716,-495.239227,-84.83886
0.406738,-0.109619,0.520142,79.833984,-472.90036,-78.369141
0.216064,-0.255005,0.651245,91.857903,-481.994598,-68.054199
0.192017,-0.142212,0.43103,101.501457,-485.107391,-57.067867
-0.012573,-0.174194,0.514282,98.632805,-530.578613,-77.819824
-0.177979,-0.255005,0.90686,97.900383,-545.227051,-89.843742
-0.23645,-0.130005,0.991455,101.867668,-510.864227,-91.796867
-0.447266,-0.190308,1.300781,91.430656,-457.336395,-125.854485
-0.595337,-0.271484,1.239746,81.848137,-343.078583,-157.043457
-0.684204,-0.367798,0.885986,59.387203,-233.276352,-179.443344
-0.755127,-0.340576,0.692261,46.874996,-204.650864,-165.954575
-0.884033,-0.297363,0.890259,44.860836,-200.378403,-146.42334
-0.916992,-0.310303,0.938843,37.902832,-149.230957,-136.901855
-0.936401,-0.268555,0.883423,25.634764,-92.468254,-124.694817
-1.007202,-0.365112,0.71228,20.568846,-49.133297,-100.280754
-0.923828,-0.187012,0.641479,17.089844,-35.095215,-57.189938
-0.921875,-0.226685,0.791504,0.12207,-41.198727,-52.307125
-0.891479,-0.238281,0.754761,-4.455566,-20.629881,-33.569336
-0.813965,-0.177612,0.651978,-9.521484,-4.577637,-14.770507
-0.767334,-0.121216,0.720215,-15.930175,-16.296387,-8.911133
-0.726685,-0.1698,0.821777,-13.549804,-18.615723,-9.338379
-0.694092,-0.158936,0.636841,-8.178711,3.356933,-0.915527
-0.643188,-0.135132,0.643555,-9.765625,0.427246,0.915527
-0.637939,-0.131836,0.670776,-10.19287,-1.403808,-1.281738
-0.638428,-0.126221,0.667114,-6.04248,-4.699707,-2.990722
-0.686157,-0.161133,0.728271,0.183105,-8.056641,-5.676269
-0.713867,-0.166138,0.664062,1.586914,4.333496,-4.02832
-0.690796,-0.168823,0.693359,-5.981445,8.300781,-5.249023
-0.684204,-0.12793,0.756226,-9.460449,6.652832,-1.281738
-0.69043,-0.130859,0.765747,-5.859375,5.310058,-0.549316
-0.701416,-0.15271,0.743042,-0.244141,6.408691,0.244141
-0.696045,-0.160767,0.682373,2.380371,6.835937,2.197266
-0.686279,-0.148437,0.760742,0.061035,0.366211,2.868652
-0.680542,-0.142212,0.75,0,5.371093,2.868652
-0.682007,-0.148804,0.715088,4.272461,8.483887,3.234863
-0.704346,-0.167847,0.706665,6.896972,9.338379,3.845215
-0.732422,-0.189819,0.681885,4.577637,10.009766,8.239746
-0.736328,-0.171753,0.72522,-0.610352,9.155273,12.20703
-0.748779,-0.172607,0.734131,0.549316,9.887695,18.188477
-0.699097,-0.121826,0.791626,2.258301,19.287109,14.404296
-0.760498,-0.180664,0.808838,10.31494,33.569336,15.563964
-0.774414,-0.178223,0.804565,18.493652,43.334957,22.033689
-0.853027,-0.227783,0.942017,23.742674,71.533203,30.09033
-0.892822,-0.230225,1.193726,30.456541,137.695312,44.799801
-0.933105,-0.245361,1.296021,35.644531,242.24852,59.570309
-0.996216,-0.288574,1.262451,41.137691,341.186493,85.021965
-0.88855,-0.24292,1.266479,35.644531,433.227509,110.107414
-0.823608,-0.226685,1.161865,24.475096,502.502411,118.652336
-0.695312,-0.245117,1.031982,30.822752,522.094727,129.638672
-0.480835,-0.179199,1.009521,34.118652,531.555176,130.737305
-0.293213,-0.116577,1.075928,26.489256,567.016602,114.624016
-0.219727,-0.186646,0.839844,36.132812,620.544434,114.746086
-0.036987,-0.147827,0.373413,58.410641,626.525879,124.084465
0.130859,-0.144775,0.241577,82.519524,599.975586,132.995605
0.205811,-0.151367,0.033081,75.683594,580.200195,146.606445
0.25061,-0.07373,-0.299683,59.265133,529.907227,135.253906
0.352173,-0.045654,-0.323486,63.415524,503.967255,123.535149
0.448853,0.003296,-0.325317,77.331543,479.248016,117.309563
0.336792,-0.019897,-0.757324,65.429687,479.614227,120.849602
0.383545,0.058716,-1.070801,48.46191,417.297333,111.083977
0.52124,0.210083,-0.959351,38.391113,322.509735,88.562004
0.5354,0.307739,-1.108398,40.954586,269.65332,67.443848
0.510986,0.342529,-1.366943,40.466305,209.289536,41.625973
0.428223,0.279175,-1.290527,25.634764,133.117676,10.803222
0.424683,0.24231,-1.08606,27.099607,75.683594,-8.300781
0.407715,0.179443,-1.078247,33.02002,44.006344,-20.080564
0.362061,0.094849,-1.079834,22.460936,28.991697,-20.812986
0.389282,0.090088,-0.985718,11.535644,21.423338,-12.329101
0.410889,0.088867,-0.969604,8.422852,18.981934,-6.591796
0.437134,0.080444,-0.956299,8.361816,10.437011,-6.16455
0.46167,0.079956,-0.938965,9.765625,2.197266,-7.202148
0.438965,0.053711,-0.911133,10.131835,-1.220703,-7.690429
0.437012,0.054199,-0.907349,7.324218,-0.183105,-5.065917
0.435181,0.056519,-0.873657,3.112793,1.89209,-1.708984
0.484009,0.120239,-0.919434,3.295898,4.394531,3.112793
0.498535,0.146118,-0.93335,6.652832,0.793457,1.220703
0.476807,0.123535,-0.953003,7.141113,-2.01416,-2.502441
0.485962,0.115112,-0.874756,0.549316,-5.371093,-3.90625
0.494141,0.113281,-0.870117,-2.075195,-3.173828,-2.563476
0.512573,0.135498,-0.87854,1.281738,-4.272461,-1.586914
0.505249,0.130493,-0.883911,5.615234,-7.080078,-3.234863
0.488281,0.133301,-0.897461,3.723144,-11.291503,-6.225585
0.465332,0.096802,-0.849854,-0.183105,-13.549804,-8.361816
0.472534,0.08606,-0.836304,-2.929687,-7.751464,-3.784179
0.484253,0.101318,-0.842651,-3.112793,-2.502441,2.746582
0.503784,0.154663,-0.884277,0.671387,-4.394531,5.493164
0.50769,0.164062,-0.907471,4.638672,-13.732909,-0.305176
0.503662,0.155273,-0.900024,4.821777,-20.751951,-5.798339
0.499634,0.126831,-0.875977,-0.854492,-20.568846,-5.493164
0.493042,0.11731,-0.89978,-4.089355,-23.254393,-2.868652
0.490112,0.110229,-0.907715,-2.990722,-29.96826,0.366211
0.525146,0.123535,-0.876831,-3.112793,-32.287598,3.723144
0.539429,0.132812,-0.879395,-6.469726,-35.644531,3.967285
0.543091,0.142334,-0.875854,-5.676269,-47.851559,-1.708984
0.554443,0.145996,-0.90332,-1.770019,-64.208984,-9.094238
0.541504,0.164307,-1.0896,3.417969,-104.309074,-20.751951
0.523193,0.139404,-1.170166,0.549316,-157.348633,-32.226562
0.558594,0.162842,-1.11853,-6.225585,-202.392563,-41.259762
0.591675,0.149414,-0.991211,-10.864257,-235.534653,-52.001949
0.546875,0.102173,-1.009888,-5.493164,-276.794434,-59.143063
0.596558,0.191772,-1.057495,-3.601074,-341.430634,-79.101562
0.565308,0.253906,-0.962646,-6.16455,-408.691376,-109.863274
0.371094,0.216553,-0.813232,-2.624511,-475.036591,-140.930176
0.16333,0.187378,-0.573486,-1.220703,-559.631348,-184.082016
0.134155,0.127563,-0.109741,-11.169433,-598.510742,-208.007797
-0.040649,0.005249,0.066162,-12.390136,-639.099121,-228.332504
-0.267944,-0.276123,0.298462,14.22119,-692.138611,-215.515121
-0.305908,-0.2948,0.609253,12.939452,-673.522888,-202.758774
-0.425537,-0.400757,0.969604,-23.071287,-591.125488,-190.429672
-0.475952,-0.457397,1.355835,-38.024902,-541.381836,-177.73436
-0.469482,-0.382568,1.519653,-36.621094,-443.481415,-158.569336
-0.601807,-0.547852,1.55603,-7.629394,-341.247528,-142.089844
-0.6427,-0.476318,1.438721,10.864257,-235.900864,-101.501457
-0.716797,-0.523926,1.413574,4.089355,-151.306152,-86.547844
-0.716919,-0.548584,1.339478,4.516602,-84.655754,-62.316891
-0.641724,-0.456665,1.146362,12.817382,-36.010742,-30.761717
-0.548584,-0.409546,1.06958,12.08496,-12.451171,-17.333984
-0.500977,-0.440796,1.004761,3.479004,15.075683,-10.253905
-0.407227,-0.365356,0.785645,1.831055,31.555174,5.065917
-0.30603,-0.326904,0.781128,0.610352,10.19287,5.493164
-0.252319,-0.317017,0.892456,-1.647949,-7.019042,2.929687
-0.252563,-0.322021,0.869019,-1.525879,-4.943848,0.732422
-0.274658,-0.349243,0.848267,-0.488281,-6.713867,-1.647949
-0.277954,-0.348022,0.865112,0.793457,-10.681151,-0.610352
-0.276978,-0.350464,0.923584,-1.098633,-13.793944,-0.976562
-0.258667,-0.35083,0.944946,-2.746582,-7.446289,-1.403808
-0.255127,-0.350342,0.91333,-0.915527,-2.990722,-0.061035
-0.264404,-0.361206,0.906616,1.953125,-2.563476,-0.183105
-0.272461,-0.368408,0.882202,1.770019,1.647949,-0.183105
-0.286987,-0.381226,0.860107,-1.281738,5.615234,-0.915527
-0.261963,-0.353149,0.830078,-0.549316,2.258301,0.061035
-0.256104,-0.349976,0.875854,2.075195,-8.117676,-2.13623
-0.280396,-0.368042,0.896118,2.502441,-8.789063,-4.882812
-0.302124,-0.379272,0.884277,2.197266,-7.751464,-5.798339
-0.340332,-0.39624,0.902466,0.610352,-6.225585,-6.16455
-0.338257,-0.370361,0.88855,1.342773,-2.319336,-3.601074
-0.311035,-0.366333,0.885864,3.540039,-3.845215,-3.90625
-0.315308,-0.35498,0.905151,4.150391,-7.019042,-3.173828
-0.347534,-0.383667,0.912354,4.943848,-6.469726,-4.150391
-0.362549,-0.388794,0.910889,4.455566,-1.342773,-1.159668
-0.360352,-0.385986,0.907349,4.638672,4.211426,2.624511
-0.35437,-0.375244,0.914795,6.225585,10.742187,3.784179
-0.374756,-0.39624,0.904419,7.202148,13.366698,8.728027
-0.370361,-0.394531,0.934082,8.178711,20.1416,14.160155
-0.37146,-0.397461,0.962646,9.887695,33.081055,19.348145
-0.368408,-0.407593,1.042725,10.131835,58.898922,24.536131
-0.391846,-0.445557,1.269043,7.93457,117.004387,32.714844
-0.463501,-0.537598,1.51001,12.573241,224.121078,59.448238
-0.52124,-0.572144,1.428955,17.272949,332.092255,99.792473
-0.441895,-0.523804,1.237427,5.187988,408.752411,135.009766
-0.256592,-0.446533,1.101929,-20.446775,458.618134,149.536133
-0.095093,-0.442627,1.029053,-35.400391,499.938934,164.184555
0.129639,-0.265991,0.895386,-40.588375,522.705078,167.358383
0.237915,-0.245972,0.847534,-31.555174,525.268555,158.813477
0.264648,-0.272461,0.604858,-16.540527,536.987305,169.738754
0.376831,-0.179565,0.10437,-11.901855,500.36618,165.954575
0.508179,-0.111328,-0.055054,-15.136718,439.880341,145.874023
0.633301,0.002686,-0.202515,-9.033203,385.009735,123.352043
0.711426,0.07019,-0.319092,4.943848,321.166992,88.256828
0.733398,0.021606,-0.344727,20.446775,271.789551,67.810059
0.736694,0.001587,-0.442383,31.188963,239.807114,65.246582
0.722412,0.024048,-0.481201,33.38623,209.411606,64.51416
0.734009,0.074463,-0.480225,32.226562,195.25145,62.927242
0.710815,0.057617,-0.438354,17.333984,189.69725,58.349606
0.690674,0.103882,-0.525757,7.690429,199.645981,64.63623
0.678833,0.136353,-0.645752,1.708984,199.1577,66.345215
0.676514,0.174927,-0.746948,-6.652832,188.903793,64.025879
0.660767,0.212036,-0.798584,-11.657714,171.386703,55.847164
0.605957,0.18689,-0.859619,-7.568359,147.705078,44.372555
0.606323,0.212646,-0.905762,0.915527,114.746086,34.301758
0.601074,0.214966,-0.864502,1.220703,93.566887,25.878904
0.578857,0.227661,-0.860962,1.89209,82.885735,19.897461
0.533936,0.201294,-0.957031,4.760742,72.692871,14.038085
0.522095,0.199585,-0.974609,4.638672,55.847164,11.108397
0.528687,0.206787,-0.904053,2.868652,40.710445,7.8125
0.525513,0.203491,-0.898071,1.586914,36.010742,5.249023
0.519897,0.195801,-0.915649,0.976562,31.066893,2.624511
0.528809,0.201172,-0.919678,1.831055,23.620604,0.610352
0.531738,0.206543,-0.897217,3.540039,15.86914,-2.441406
0.513916,0.185059,-0.912354,2.380371,13.244628,-4.943848
0.518799,0.189209,-0.920532,0.427246,8.728027,-5.371093
0.523804,0.189087,-0.877075,-0.12207,2.380371,-6.958007
0.513306,0.177856,-0.862549,-0.488281,2.380371,-8.117676
0.48938,0.151733,-0.870605,-1.586914,1.037598,-8.544922
0.500854,0.161743,-0.857422,-2.929687,-0.061035,-6.16455
0.518921,0.18335,-0.862183,-1.647949,-1.464844,-5.065917
0.502075,0.169556,-0.860229,-0.427246,-2.746582,-6.103515
0.48291,0.148926,-0.85022,-0.610352,-4.882812,-6.713867
0.487305,0.146729,-0.843994,-0.610352,-6.530761,-5.126953
0.515503,0.172485,-0.834106,1.770019,-9.58252,-3.417969
0.535522,0.203613,-0.840332,6.469726,-12.939452,-4.455566
0.530029,0.191528,-0.874023,10.437011,-19.592285,-9.887695
0.518555,0.172974,-0.888672,10.375976,-32.287598,-16.357422
0.517212,0.171509,-0.874268,8.728027,-47.241207,-21.057127
0.521362,0.174438,-0.894165,10.19287,-63.293453,-21.850584
0.536743,0.19043,-0.957397,13.427733,-93.994133,-24.658201
0.555054,0.203735,-0.950317,16.296387,-129.272461,-31.86035
0.56311,0.224854,-1.066528,17.883301,-167.236313,-44.494625
0.597534,0.234985,-1.186646,15.075683,-215.02684,-62.744137
0.63208,0.236816,-1.142334,9.155273,-264.404297,-75.561523
0.589722,0.247192,-1.102173,-0.793457,-314.208984,-97.900383
0.504028,0.204468,-1.109375,-10.437011,-376.708954,-116.638176
0.460571,0.302856,-1.11377,-27.465818,-454.894989,-136.962891
0.273926,0.318237,-0.577393,-24.16992,-550.354004,-180.419907
0.218628,0.099976,0.107178,28.015135,-598.632813,-198.486313
0.333862,-0.018921,0.278687,76.904297,-575.134277,-200.256332
0.227295,-0.163574,0.016113,76.599121,-559.692383,-202.636703
-0.07959,-0.24353,-0.02002,52.307125,-600.402832,-217.468246
-0.386963,-0.36145,0.460571,41.076656,-633.056641,-229.736313
-0.442871,-0.49939,1.048462,45.288082,-588.378906,-209.289536
-0.36377,-0.442749,1.257813,26.18408,-470.092743,-192.871078
-0.49353,-0.464478,1.242798,-13.305663,-374.084442,-200.439438
-0.700806,-0.651123,1.508545,-25.817869,-277.282715,-187.194809
-0.762573,-0.729614,1.546021,-3.601074,-166.809067,-125.549309
-0.741455,-0.624512,1.30603,-2.441406,-89.660637,-82.641594
-0.78418,-0.549072,1.063721,-9.277344,-67.199707,-73.242187
-0.723267,-0.537964,1.161621,-19.165039,-56.15234,-66.467285
-0.629517,-0.505859,1.140991,-12.817382,-12.939452,-39.489746
-0.560181,-0.452637,0.89856,-4.150391,31.249998,-7.873535
-0.41626,-0.375977,0.657837,-0.671387,39.367676,10.0708
-0.298828,-0.315063,0.64856,-6.103515,14.831542,13.305663
-0.241699,-0.27832,0.778931,-11.413573,-6.408691,6.774902
-0.251343,-0.289429,0.857544,-7.263183,-13.549804,-1.342773
-0.285034,-0.310059,0.857178,-0.427246,-15.563964,-7.93457
-0.298096,-0.353149,0.905151,-1.220703,-17.39502,-11.047362
-0.317627,-0.333374,0.964478,-5.126953,-13.427733,-6.225585
-0.334595,-0.350708,0.981445,-5.126953,-8.483887,-4.821777
-0.32312,-0.335205,0.927368,-0.12207,-2.319336,-1.281738
-0.333374,-0.364746,0.896851,4.455566,-0.061035,-1.708984
-0.34375,-0.37793,0.831421,4.821777,3.479004,1.098633
-0.327393,-0.365112,0.819702,0.793457,-0.732422,3.051758
-0.322876,-0.357056,0.873413,-1.159668,-7.629394,2.563476
-0.328247,-0.350586,0.901978,1.159668,-5.126953,0.793457
-0.368652,-0.386597,0.833618,5.615234,3.295898,-1.525879
-0.366577,-0.376709,0.825317,6.408691,2.319336,-0.488281
-0.36853,-0.374634,0.882446,5.065917,1.953125,-3.173828
-0.398682,-0.391479,0.911011,4.699707,2.01416,-1.342773
-0.414307,-0.395874,0.924316,7.93457,6.103515,3.112793
-0.418945,-0.415771,0.930054,10.31494,17.76123,7.080078
-0.427734,-0.418701,0.994019,10.253905,26.794432,14.404296
-0.455811,-0.44519,1.112183,10.864257,49.011227,22.094725
-0.518066,-0.498779,1.333008,13.305663,96.984856,34.362793
-0.550415,-0.541626,1.414673,21.423338,185.424789,60.668941
-0.470093,-0.462158,1.283813,24.597166,283.325195,92.224113
-0.387695,-0.462524,1.166992,12.390136,356.506317,104.125969
-0.290405,-0.482544,1.132935,0.061035,401.916473,116.149895
-0.141968,-0.417114,1.166504,-11.901855,430.480927,128.967285
-0.046997,-0.382813,1.099609,-15.99121,461.791962,137.084961
0.191528,-0.260132,0.968994,-19.40918,495.849579,137.817383
0.213989,-0.196899,1.024658,-39.123535,536.682129,107.177727
0.102417,-0.410889,0.72522,-7.8125,561.401367,111.633293
0.28418,-0.256226,0.282104,15.563964,543.457031,129.272461
0.369385,-0.148437,0.114136,22.3999,521.484375,114.501945
0.501221,-0.096191,-0.232788,23.132322,476.867645,97.167961
0.538818,-0.049561,-0.30542,17.822266,404.540985,71.899414
0.515869,-0.083862,-0.423584,28.686522,365.783661,47.546383
0.518555,-0.141724,-0.624512,44.250484,324.890106,49.072262
0.526733,-0.070557,-0.691772,48.522945,274.902344,51.879879
0.508789,-0.034058,-0.672607,47.729488,242.614731,46.44775
0.488525,-0.005859,-0.770874,48.767086,219.055161,45.532223
0.489868,0.059082,-0.892822,37.963867,195.312485,39.916992
0.465698,0.045532,-0.953247,22.766111,175.7202,38.085937
0.464111,0.105835,-1.041626,19.65332,148.864746,33.081055
0.470459,0.145752,-1.130737,26.367186,105.712883,20.629881
0.454468,0.132812,-1.169189,26.18408,63.293453,6.958007
0.442139,0.097168,-1.126465,23.376463,29.785154,-1.586914
0.456055,0.084473,-1.024902,18.920898,12.023925,-6.408691
0.464844,0.050659,-0.950195,13.061522,8.361816,-8.361816
0.462036,0.012939,-0.927124,7.995605,10.986327,-5.187988
0.474854,0.002563,-0.929932,6.958007,12.878417,-2.075195
0.500732,0.022583,-0.954468,7.019042,11.718749,1.464844
0.504395,0.032715,-0.96582,5.981445,5.493164,0.915527
0.5177,0.044556,-0.920044,6.04248,-2.868652,-2.624511
0.51709,0.03064,-0.88916,6.225585,-6.713867,-6.591796
0.513672,0.02417,-0.872803,6.469726,-8.056641,-7.080078
0.513916,0.026001,-0.882324,5.798339,-4.455566,-3.723144
0.518433,0.051514,-0.900879,3.234863,-2.624511,-0.854492
0.522949,0.061646,-0.890869,3.173828,-7.93457,-2.441406
0.530762,0.065796,-0.878784,3.967285,-12.939452,-4.516602
0.513794,0.050781,-0.883423,2.563476,-15.197753,-5.554199
0.507935,0.047241,-0.849731,1.647949,-17.333984,-3.723144
0.517944,0.057373,-0.829712,1.708984,-17.578125,-1.647949
0.531372,0.080811,-0.870728,3.417969,-19.470215,-1.281738
0.5448,0.090088,-0.889404,5.493164,-28.564451,-4.394531
0.539795,0.067505,-0.869751,4.211426,-36.743164,-7.080078
0.552246,0.064575,-0.822021,1.586914,-39.794922,-7.324218
0.56543,0.061279,-0.824463,-0.427246,-38.513184,-6.835937
0.572144,0.05481,-0.844849,0.244141,-42.785641,-6.958007
0.585449,0.052979,-0.830811,1.281738,-49.499508,-6.591796
0.587891,0.047974,-0.848389,1.037598,-55.541988,-5.615234
0.581055,0.030151,-0.859619,1.464844,-70.617676,-6.286621
0.579834,0.033325,-0.866699,2.13623,-89.904778,-5.981445
0.597046,0.040161,-0.879883,2.624511,-105.529778,-4.821777
0.649902,0.119995,-1.028076,3.601074,-127.075188,-4.638672
0.695312,0.173706,-1.069214,4.577637,-177.795395,-18.432617
0.737183,0.192139,-1.013916,10.498046,-244.995102,-41.259762
0.749878,0.196045,-0.871582,17.944336,-319.213867,-69.824219
0.732666,0.144043,-0.55603,15.502929,-374.938934,-99.731438
0.652222,0.03479,-0.399414,12.939452,-390.99118,-119.750969
0.62439,-0.003296,-0.198364,17.456055,-416.259735,-134.643555
0.615723,-0.020264,-0.066772,20.874022,-435.974091,-152.404785
0.581421,-0.123169,0.078491,25.085447,-438.781708,-163.391098
0.528687,-0.203003,0.200073,23.010252,-440.612762,-162.3535
0.458252,-0.214111,0.209839,18.554687,-450.256317,-165.405258
0.281982,-0.269409,0.304199,21.972654,-471.191376,-170.837387
0.119995,-0.402588,0.522949,26.123045,-473.937958,-159.790039
0.034912,-0.421997,0.821777,8.178711,-433.166473,-150.390625
-0.056152,-0.457764,1.016113,-14.465331,-365.173309,-142.944336
-0.133667,-0.519531,1.135376,-30.2124,-300.964355,-129.02832
-0.173218,-0.51062,1.309448,-31.433104,-223.693832,-112.853996
-0.192871,-0.52478,1.292847,-30.09033,-153.320312,-92.163078
-0.270874,-0.567871,1.255249,-23.010252,-105.041496,-70.556641
-0.26001,-0.536987,1.181152,-15.441894,-73.425293,-45.410152
-0.248657,-0.484131,1.168213,-8.117676,-54.931637,-35.095215
-0.258301,-0.504028,1.111572,-0.366211,-34.606934,-23.559568
-0.234253,-0.495239,1.004883,0.671387,-16.540527,-12.329101
-0.188354,-0.458618,0.927979,-0.061035,-8.666992,-8.789063
-0.135864,-0.428467,0.906982,-1.403808,-11.169433,-3.051758
-0.112793,-0.39502,0.917725,0.305176,-12.878417,-2.929687
-0.112793,-0.397583,0.88562,1.708984,-15.319823,-3.234863
-0.104126,-0.385254,0.873657,0.671387,-19.042969,-3.967285
-0.111206,-0.391602,0.866211,-2.380371,-24.04785,-5.798339
-0.117676,-0.385132,0.934082,-3.784179,-24.353025,-8.056641
-0.1427,-0.388794,0.986328,-6.774902,-18.676758,-8.850098
-0.17334,-0.402954,0.957397,-5.065917,-7.873535,-7.568359
-0.172607,-0.411133,0.878784,-2.197266,-4.150391,-4.272461
-0.159424,-0.396484,0.895874,-3.540039,-11.230468,-2.258301
-0.150757,-0.386719,0.939453,-3.784179,-15.197753,-2.563476
-0.171509,-0.410156,0.956055,-2.807617,-9.094238,-2.929687
-0.169922,-0.409546,0.884521,-1.525879,0.183105,-0.366211
-0.144409,-0.388428,0.866821,-0.12207,-4.333496,0.549316
-0.1427,-0.391357,0.898193,0,-11.535644,-2.624511
-0.157715,-0.403809,0.895752,-0.244141,-11.718749,-4.394531
-0.178101,-0.39209,0.943115,1.525879,-10.131835,-5.798339
-0.192871,-0.440308,0.930054,3.967285,0.12207,-8.361816
-0.181641,-0.398438,0.909546,5.187988,2.624511,-2.990722
-0.178223,-0.417847,0.874512,4.455566,-1.098633,-4.150391
-0.19873,-0.429687,0.955566,-1.159668,-7.019042,-2.319336
-0.193848,-0.414917,0.942139,-1.403808,1.464844,0
-0.199463,-0.414307,0.957764,-0.12207,6.713867,0.915527
-0.208496,-0.426636,0.967773,0.549316,14.22119,2.075195
-0.229858,-0.452148,1.079712,-0.793457,26.733397,5.981445
-0.268921,-0.487183,1.323853,-3.662109,65.612793,14.526366
-0.31897,-0.519897,1.475586,-5.615234,150.390625,30.578611
-0.343872,-0.538574,1.41394,-7.873535,252.929672,53.955074
-0.320557,-0.529785,1.305908,-16.357422,340.393036,79.040527
-0.187012,-0.452271,1.152344,-19.897461,409.362762,96.67968
0.029907,-0.355225,1.010498,-21.850584,436.096161,109.313957
0.186035,-0.329956,1.009521,-11.352538,442.321747,115.356438
0.253052,-0.296631,0.902832,11.840819,475.341766,128.234863
0.226685,-0.283691,0.797852,5.554199,513.73291,132.080078
0.253418,-0.291748,0.308838,10.925292,546.569824,142.944336
0.4375,-0.156372,-0.188843,29.602049,521.972656,158.569336
0.536011,-0.101807,-0.301636,34.057617,443.786591,150.268555
0.714844,0.034424,-0.388916,22.460936,383.17868,129.150391
0.703003,0.045898,-0.475098,11.718749,328.552216,94.299309
0.677002,-0.02478,-0.484741,27.648924,259.765625,67.932129
0.740601,-0.012573,-0.452881,29.96826,223.754868,57.983395
0.723633,-0.015259,-0.420044,22.3999,214.233383,57.800289
0.699951,0.021973,-0.425171,20.080564,218.566879,62.255856
0.638062,0.037231,-0.533813,16.235352,225.952133,67.138672
0.608887,0.073975,-0.676025,17.51709,215.209946,70.922852
0.617432,0.168945,-0.747559,25.390623,190.917953,62.133785
0.583984,0.164062,-0.852539,33.630371,163.269028,51.208492
0.5625,0.157349,-0.933105,24.536131,137.756348,44.006344
0.562012,0.211426,-0.93457,17.883301,113.342278,34.729004
0.55127,0.249268,-0.953491,17.39502,96.740715,23.681639
0.495972,0.230713,-1.029541,16.235352,78.735352,15.86914
0.487427,0.241333,-1.059326,14.770507,53.771969,9.094238
0.507812,0.268433,-1.031494,10.681151,33.691406,-0.488281
0.496948,0.237915,-0.98999,6.286621,21.911619,-7.873535
0.493286,0.216797,-0.96167,2.868652,15.563964,-10.925292
0.501465,0.209229,-0.964478,2.075195,9.765625,-12.268065
0.506348,0.189941,-0.959839,1.037598,3.173828,-12.512206
0.510498,0.180786,-0.91626,-1.037598,-1.770019,-13.183593
0.516113,0.16748,-0.860718,-1.403808,-2.563476,-13.610839
0.512329,0.158691,-0.878296,-1.464844,-1.708984,-13.610839
0.501099,0.152222,-0.875977,-1.403808,-5.004883,-13.793944
0.496704,0.152466,-0.854858,0.183105,-8.728027,-13.671874
0.496826,0.14502,-0.811035,2.01416,-9.765625,-13.305663
0.489746,0.126587,-0.822266,0.915527,-5.310058,-12.08496
0.490234,0.124146,-0.836426,-1.708984,-1.525879,-9.277344
0.489136,0.127563,-0.829712,-2.746582,-0.061035,-6.347656
0.485962,0.145386,-0.853027,-3.234863,-1.220703,-4.699707
0.476196,0.12561,-0.848999,-1.403808,-7.507324,-5.981445
0.49585,0.139648,-0.812622,1.464844,-11.474608,-5.065917
0.501831,0.135864,-0.814453,3.112793,-8.300781,-3.723144
0.48291,0.126587,-0.857056,2.807617,-4.150391,-0.732422
0.489624,0.147949,-0.912598,-0.610352,-3.90625,3.784179
0.499634,0.171021,-0.893311,-3.723144,-10.742187,4.211426
0.509399,0.184204,-0.896118,-3.112793,-16.601562,0.976562
0.515259,0.164795,-0.927856,-1.770019,-26.611326,-4.760742
0.522339,0.163696,-0.955811,-3.356933,-42.236324,-9.155273
0.531738,0.16394,-0.968628,-5.310058,-65.612793,-14.282226
0.531982,0.159912,-0.960815,-4.333496,-91.979973,-19.287109
0.528931,0.144287,-1.005371,-3.417969,-116.027824,-24.29199
0.540771,0.142578,-1.07373,-8.117676,-141.296387,-28.137205
0.588501,0.156738,-1.072754,-21.057127,-174.07225,-31.433104
0.610352,0.13147,-0.957642,-43.457027,-204.833969,-34.973145
0.684082,0.195923,-0.870972,-47.607418,-250.366196,-38.94043
0.707886,0.116699,-0.729492,-33.996582,-308.105469,-55.847164
0.730835,0.105957,-0.673096,-25.390623,-337.341278,-61.279293
0.653809,0.033081,-0.56604,-28.625486,-355.651825,-70.19043
0.506836,-0.001221,-0.433838,-44.43359,-389.221161,-76.11084
0.432739,0.061401,-0.199341,-49.804684,-447.265594,-82.702629
0.423462,0.063354,-0.075562,-23.254393,-501.281708,-96.92382
0.394287,0.077271,-0.044922,-11.657714,-539.733887,-108.764641
0.164062,0.053467,0.147095,-29.541014,-576.23291,-132.385254
-0.201538,-0.182861,0.480347,-25.085447,-602.661133,-141.235352
-0.322144,-0.357788,0.972778,-6.835937,-580.627441,-109.436028
-0.152222,-0.272217,1.30896,-12.817382,-485.412567,-75.134277
-0.101196,-0.146484,1.482666,-41.076656,-374.999969,-75.561523
-0.184326,-0.156006,1.527222,-49.987789,-273.864746,-91.918938
-0.268433,-0.219482,1.452637,-32.165527,-206.420883,-95.520012
-0.310791,-0.226318,1.478394,-17.578125,-153.869629,-92.8955
-0.317627,-0.254395,1.407227,-12.878417,-99.731438,-81.481926
-0.373901,-0.299683,1.360474,-6.958007,-52.551266,-60.302731
-0.332764,-0.30835,1.312134,4.150391,-7.690429,-27.343748
-0.252563,-0.250732,1.140015,12.268065,19.958496,-1.953125
-0.160278,-0.179932,1.013794,12.573241,25.268553,5.615234
-0.137573,-0.201782,0.907349,8.728027,22.583006,5.859375
-0.07312,-0.162476,0.871704,4.638672,9.887695,4.272461
-0.056274,-0.168945,0.90686,-0.061035,0.183105,-1.464844
-0.06543,-0.185913,0.950073,-0.976562,-5.187988,-0.183105
-0.050659,-0.161743,1.006104,-2.380371,-2.01416,-0.427246
-0.092896,-0.169678,0.998047,-2.563476,-1.342773,-2.929687
-0.086182,-0.188477,1.008667,-0.793457,-2.746582,0.366211
-0.07605,-0.183838,1.045654,-2.075195,5.432128,5.065917
-0.057739,-0.152466,0.979736,-1.708984,5.92041,6.896972
-0.052246,-0.147217,0.986084,-0.915527,-2.563476,3.112793
-0.079956,-0.19043,0.990845,0.915527,-7.141113,-1.770019
-0.07373,-0.187744,0.968018,1.586914,-7.995605,0.061035
-0.091553,-0.193848,1.026245,-2.624511,-11.108397,0.488281
-0.189453,-0.235718,1.128174,-3.662109,-2.075195,3.234863
-0.36145,-0.339722,1.36084,10.620116,20.690916,12.20703
-0.466064,-0.427612,1.810425,42.480465,74.279785,39.428711
-0.622925,-0.541504,2.276367,75.866699,192.749008,89.172356
-0.890015,-0.508789,1.948853,112.976067,375.549286,171.081528
-0.64978,-0.256104,0.910522,140.50293,492.614716,253.8452
0.449829,0.430664,-0.057617,134.58252,497.558563,292.541504
1.057129,0.65918,-1.391968,61.340328,425.659149,206.237778
1.272583,0.82312,-2.322388,74.768066,114.44091,67.199707
0.788208,0.94751,-1.186279,15.441894,-271.42334,-107.971184
-0.029907,-0.039429,0.306152,-142.51709,-440.734833,-291.015625
-0.745239,-0.552002,1.255615,-193.115219,-426.635712,-287.353516
-1.225464,-0.976929,3.025269,-141.540527,-421.203583,-236.57225
-0.649414,-1.055786,3.999878,-18.981934,-209.777817,-90.332024
-0.700073,-0.417969,2.90625,67.016602,213.073715,100.402824
-0.843506,-0.388306,1.34436,74.035645,438.659637,154.968262
-0.195679,-0.140015,0.15979,104.553215,464.599579,203.247055
1.076538,0.577881,-1.34314,183.044418,388.97702,232.238754
1.637207,1.185669,-2.358521,187.927231,109.924309,119.99511
0.683472,0.62915,-1.355225,-19.775391,-250.915512,-117.309563
-0.225098,-0.41394,0.035522,-179.565414,-428.283661,-240.966782
-0.699463,-0.427979,1.094482,-182.556137,-440.917938,-188.354477
-0.997803,-0.645996,2.776001,-148.803711,-433.349579,-156.12793
-0.567627,-0.733765,3.946777,-61.95068,-249.450668,-75.561523
-0.511597,-0.342285,2.865356,9.643555,172.790512,57.006832
-0.723267,-0.268555,1.354126,11.230468,427.79538,93.811028
-0.580078,-0.311646,0.914307,25.085447,428.527802,99.731438
0.159302,-0.114258,0.344238,86.181633,361.206024,135.437012
1.231689,0.26416,-0.860962,165.527328,245.300278,145.935059
1.442627,0.738037,-2.048828,110.717766,-60.791012,34.057617
0.537231,0.436401,-1.206787,-96.374504,-357.116669,-159.240723
-0.196289,-0.394653,0.402466,-167.480453,-431.579559,-180.297836
-0.80188,-0.486328,1.773804,-111.206047,-418.640106,-135.681152
-0.723755,-0.606934,3.400757,-36.193848,-266.418457,-80.13916
-0.325195,-0.415039,3.602173,-0.366211,140.380859,7.873535
-0.654419,-0.25061,2.080688,-2.01416,407.714813,34.790039
-0.695312,-0.464844,0.932495,33.691406,425.598114,66.711426
0.075684,-0.177612,0.300537,102.416985,348.876923,129.455566
1.131958,0.251343,-0.672974,159.179687,242.37059,139.770508
1.459106,0.584351,-1.897705,121.398918,-24.475096,55.114742
0.612671,0.446899,-1.240234,-68.54248,-325.134247,-120.422356
-0.176758,-0.359985,0.364746,-149.536133,-408.50827,-164.733871
-0.726685,-0.549683,1.804565,-91.125481,-399.169891,-117.492668
-0.610596,-0.551025,3.364502,-29.785154,-241.760239,-56.945797
-0.286621,-0.290527,3.637207,-10.620116,148.925781,4.455566
-0.591797,-0.285034,2.136841,-2.685547,409.606903,33.325195
-0.610596,-0.402222,0.807495,47.119137,430.664032,73.913574
0.260132,-0.177124,-0.193237,169.006332,346.069305,150.512695
1.716431,0.526855,-1.853394,236.511215,278.503418,175.353989
1.273071,0.98291,-2.292358,144.287109,-9.155273,69.152832
-0.070435,-0.150269,-0.377441,-149.719238,-361.999481,-160.217285
-0.505615,-0.574341,1.19397,-177.673325,-437.561005,-168.701157
-0.78064,-0.404419,2.667236,-118.652336,-380.004852,-114.929192
-0.546509,-0.416382,3.635986,-83.007805,-201.17186,-92.8955
-0.190796,-0.274414,2.821289,2.319336,140.258789,-2.746582
-0.304321,-0.26001,1.123413,14.343261,357.177704,59.509274
-0.012085,-0.318848,0.211426,46.874996,334.228485,82.336418
0.533936,-0.112305,0.098633,68.359375,221.069321,102.783195
0.694092,0.009888,0.177979,10.375976,154.23584,75.195312
0.572632,-0.084961,0.446411,-45.288082,102.966301,24.902342
0.537598,-0.172363,0.641602,-39.855957,67.260742,4.516602
0.617554,-0.151123,0.568604,-15.808105,47.119137,13.244628
0.655151,-0.07312,0.542114,-18.615723,13.244628,23.315428
0.664551,-0.015991,0.707764,-28.07617,-22.27783,24.475096
0.653076,0.117798,0.745483,-51.757809,-33.38623,16.479492
0.699341,0.315796,0.688721,-77.270508,-50.842281,-19.348145
0.692383,0.531738,0.622559,-153.076172,-84.655754,-105.895988
1.000488,0.894043,0.678345,-243.896469,-125.122063,-250.976547
0.44043,0.645874,0.704102,-317.871094,-154.47998,-395.568817
-0.630249,0.000732,1.796631,-74.707031,-239.929184,-411.254852
-0.018677,-0.438843,2.08606,-64.453125,-108.093254,-387.390106
0.010498,-1.327515,1.320557,-26.977537,94.360344,-242.004379
0.362915,-1.098022,0.957642,128.295898,169.128403,79.345703
0.33313,-0.92395,0.99292,298.034668,184.631332,367.004364
-0.058472,-0.733887,1.029297,447.998016,140.991211,594.604492
-0.234863,0.413696,0.858887,475.707977,69.824219,712.524353
0.240112,1.381226,0.603638,304.321289,6.469726,495.727509
0.622803,1.591675,0.293701,-21.179197,-38.208008,65.246582
0.541138,0.72522,0.834595,-194.091782,-104.919426,-327.209442
0.449951,0.239624,1.18396,-202.941879,-76.293945,-513.183594
0.314087,-0.321411,1.266846,-252.014145,-9.216309,-546.264648
0.264893,-0.628418,0.947754,-270.996094,-16.052246,-471.923798
0.363403,-1.124146,1.074585,-179.382309,-10.620116,-270.080566
0.471924,-1.574341,1.137207,25.634764,48.645016,44.31152
0.361206,-1.117676,1.147217,157.043457,99.975578,341.003387
0.003174,-0.515137,0.985229,233.825668,104.431145,487.915009
-0.143311,0.453735,0.523804,159.179687,42.114254,434.265106
0.286987,1.340088,0.310425,-102.783195,-60.974117,111.816399
0.666504,1.105469,0.614868,-254.516586,-143.249512,-241.210922
0.624512,0.340576,1.326294,-210.99852,-106.994621,-394.65329
0.485596,-0.066162,1.287231,-136.474609,-13.427733,-423.767059
0.477417,-0.780518,0.967163,-82.031242,8.300781,-320.251465
0.572021,-1.372314,1.040161,46.081539,27.9541,-21.606443
0.504272,-1.134155,1.166992,219.787582,74.645996,303.588867
0.084595,-0.570801,1.000732,332.763641,81.359856,500.976532
-0.139893,0.5177,0.616333,218.200668,9.033203,449.523895
0.28125,1.412231,0.451538,-45.227047,-79.650879,100.83007
0.5354,1.060791,0.650635,-199.218735,-135.192871,-257.385254
0.534912,0.439941,1.156738,-189.208969,-118.34716,-424.438446
0.452881,0.092896,1.247192,-172.851547,-52.24609,-501.098602
0.462158,-0.886353,1.193237,-140.991211,-18.493652,-403.991669
0.57666,-1.655029,1.312012,-1.770019,49.377438,-60.05859
0.341675,-1.177124,1.265381,83.618156,92.285149,139.770508
0.092773,-0.495972,1.120117,203.06395,141.784668,408.3862
-0.186646,0.006592,0.691528,245.849594,139.465332,518.737793
-0.013428,1.12854,0.316284,137.634277,56.457516,463.623016
0.516724,1.649658,0.313599,-130.737305,-68.725586,100.46386
0.545288,0.816162,0.816772,-264.831543,-165.039047,-295.166016
0.49939,0.12915,1.193604,-157.897949,-144.714355,-445.983856
0.530518,-0.595947,1.103394,-107.543938,-72.08252,-442.810028
0.673218,-1.437378,1.307251,-64.025879,-47.180172,-273.376465
0.479126,-1.194458,1.532471,48.583981,30.151365,72.44873
0.115723,-0.488037,1.201782,163.513168,140.075684,356.750458
-0.144775,0.363037,0.544556,197.753891,161.437973,474.060028
0.158936,1.267456,0.203369,75.683594,59.265133,353.942841
0.518311,1.175659,0.467163,-156.555176,-85.754387,3.662109
0.577515,0.600586,0.939941,-221.801743,-159.484863,-270.263672
0.605591,0.124146,1.045776,-115.844719,-127.746574,-371.032684
0.603271,-0.671143,1.070435,-54.077145,-81.542961,-349.975555
0.646851,-1.216309,1.432739,1.342773,-44.43359,-154.052734
0.444824,-0.809204,1.410767,67.565918,69.091797,148.55957
0.207275,-0.319336,0.975586,172.424301,159.973145,359.74118
-0.081299,0.397827,0.52124,236.145004,147.888184,454.894989
0.154541,1.324707,0.29834,96.67968,49.987789,328.735321
0.505493,1.153687,0.447021,-161.804184,-73.425293,-35.400391
0.493896,0.579834,0.85083,-244.201645,-156.311035,-298.76709
0.449707,0.164185,0.923462,-138.793945,-156.12793,-391.723602
0.52124,-0.403442,1.056641,-86.486809,-135.375977,-375.732391
0.630249,-1.072266,1.52002,-50.354,-101.501457,-228.942856
0.509399,-0.970459,1.661621,46.508785,21.362303,54.26025
0.304077,-0.362915,1.134033,138.427734,167.053207,308.59375
0.054932,-0.014526,0.745605,223.632797,191.3452,429.992645
-0.049438,0.324951,0.629395,181.274399,131.286621,442.932098
0.070923,1.338013,0.310547,-42.053219,27.099607,189.147934
0.477173,1.329712,0.126099,-263.244629,-134.033203,-185.241684
0.440918,0.613403,0.748657,-186.584457,-226.074203,-364.318817
0.457886,0.147461,1.052612,-65.185547,-190.368637,-388.73288
0.509399,-0.348267,1.154907,-63.049313,-144.104004,-308.898926
0.586426,-1.013794,1.550537,-4.211426,-61.523434,-88.562004
0.500366,-0.887085,1.760864,79.528809,114.379875,206.603989
0.295044,-0.256348,1.28894,152.099609,234.619125,371.826141
-0.02417,0.097778,0.704224,208.679184,220.70311,439.941376
-0.094482,1.1521,0.150513,60.363766,87.890617,284.301758
0.347412,1.473755,0.070923,-187.255844,-99.914543,-100.952141
0.54248,0.643433,0.693848,-189.331039,-198.913559,-313.720703
0.494263,0.225952,1.056396,-68.603516,-165.771469,-340.820282
0.488281,-0.050171,0.969849,-35.522461,-132.385254,-317.382812
0.554687,-0.770142,1.296753,-1.525879,-92.712395,-161.560043
0.612305,-0.936646,1.758789,53.161617,50.415035,111.206047
0.419312,-0.400269,1.50708,101.318352,206.298813,304.56543
0.117432,-0.055054,0.976807,157.592773,239.318832,394.409149
-0.131348,0.766113,0.307373,84.228508,165.100082,338.561981
0.213501,1.485352,-0.202393,-124.328606,-30.578611,9.460449
0.446411,0.764893,0.412842,-179.504379,-194.641098,-247.436508
0.521729,0.383667,0.941528,-136.535645,-212.829575,-290.039062
0.537598,0.219727,0.938843,-51.452633,-189.086899,-328.002899
0.542236,-0.493164,1.312012,-63.171383,-164.794907,-314.758301
0.627319,-0.988403,1.773926,-12.512206,-82.275383,-131.04248
0.449341,-0.539429,1.668579,62.561031,103.515617,145.812988
0.231812,-0.166748,1.08667,117.980949,252.136215,321.411102
-0.078125,0.237427,0.549927,178.100571,264.099121,415.283173
-0.013184,1.311157,-0.038574,99.792473,167.541489,370.788544
0.358154,1.382446,-0.08252,-130.615234,-37.29248,31.677244
0.430298,0.630005,0.647827,-200.317368,-225.891098,-263.916016
0.467651,0.4198,0.946533,-86.85302,-260.314941,-348.327606
0.452881,0.141357,1.104736,-63.84277,-230.468735,-380.737274
0.430786,-0.569092,1.597534,-147.521973,-197.570786,-332.580536
0.557251,-1.190552,2.024414,-12.451171,-72.998047,-109.680168
0.385864,-0.387207,1.706665,114.624016,177.124008,218.994125
0.005859,-0.004639,0.959717,187.56102,330.932587,377.01413
-0.245605,0.598877,0.205078,201.354965,295.288086,446.533173
0.087646,1.648315,-0.355957,24.719236,115.173332,296.142578
0.465454,1.099731,0.154541,-192.260727,-142.822266,-93.933098
0.477417,0.411743,0.997803,-139.892578,-271.179199,-288.879395
0.507202,0.342773,1.062988,-29.724119,-224.060043,-322.143524
0.503784,-0.27478,1.291016,-49.255367,-173.583969,-337.280243
0.585449,-1.082031,1.911743,-29.846189,-105.773918,-187.255844
0.463013,-0.609009,1.94043,53.161617,104.003899,127.746574
0.157349,-0.085571,1.09729,141.906738,315.185547,332.946747
-0.201416,0.319336,0.331543,243.774399,325.500458,428.527802
-0.022827,1.364868,-0.148804,131.225586,173.034653,374.389618
0.409668,1.373657,-0.18457,-134.765625,-47.607418,34.179687
0.454834,0.647827,0.567505,-201.354965,-250.610336,-247.863754
0.473633,0.394897,1.007202,-72.631836,-292.175293,-326.721161
0.557251,-0.013916,1.351196,-47.912594,-247.680649,-350.769012
0.597534,-0.929443,1.884644,-56.945797,-159.484863,-258.117676
0.55542,-1.049927,2.082153,27.282713,43.090816,38.635254
0.354126,-0.390259,1.789307,90.026848,285.461426,284.362793
0.075684,-0.016602,0.963501,194.213852,362.243622,391.479462
-0.189697,0.478027,0.271851,151.489258,265.563965,413.940399
0.007813,1.486816,-0.37207,-82.702629,52.551266,157.958984
0.391235,1.160889,-0.303955,-182.189926,-212.463364,-166.442856
0.396362,0.591797,0.677734,-74.34082,-316.101074,-283.508301
0.466919,0.480957,1.008423,-21.911619,-285.461426,-341.85788
0.533325,-0.030518,1.421021,-72.631836,-233.215317,-329.589813
0.591675,-0.840698,1.937988,-17.76123,-84.533684,-128.234863
0.498169,-0.74292,2.041016,75.866699,163.146957,170.715317
0.283447,-0.039673,1.415283,132.507324,342.468231,323.120087
-0.060791,0.052856,0.682739,243.041977,343.383759,408.081024
-0.204834,0.690918,0.102539,173.767075,200.439438,397.888153
0.108398,1.627441,-0.259521,-60.241695,-24.475096,64.880371
0.45874,1.076172,0.086914,-146.66748,-236.022934,-247.070297
0.313965,0.742798,0.683472,-71.655273,-307.495117,-388.85495
0.335083,0.470459,1.026489,-105.468742,-304.077148,-474.548309
0.436523,-0.160522,1.605225,-191.162094,-238.2202,-430.297821
0.52356,-1.423096,2.080688,-21.362303,-70.739746,-147.827148
0.414917,-0.929321,2.035278,149.841309,201.599106,230.773911
0.077759,-0.092529,1.169556,276.672363,331.787079,398.986786
-0.219849,0.06897,0.520996,321.838348,318.603516,450.805634
-0.182129,0.927002,0.175415,316.345215,192.932114,489.135712
0.327393,1.629639,0.181274,85.388176,19.53125,238.037094
0.515381,0.946167,0.531006,-92.8955,-116.943352,-136.962891
0.425903,0.580688,0.884277,-80.93261,-173.95018,-332.031219
0.401978,0.067505,1.053223,-72.265625,-154.11377,-433.471649
0.535522,-0.866089,1.256348,-98.327629,-126.647942,-398.986786
0.643188,-1.335083,1.593628,-30.151365,-72.998047,-154.846191
0.477661,-0.69397,1.569824,77.758789,57.189938,165.588364
0.236206,-0.397705,1.128174,205.444321,168.457016,355.957001
-0.254639,0.016113,0.83252,334.28952,185.791,484.49704
-0.127319,1.311279,0.307251,260.437012,113.586418,454.162567
0.381226,1.703491,0.186157,-62.622066,-31.738279,74.462891
0.401245,0.625,0.865112,-226.074203,-165.893539,-328.857391
0.340088,0.023315,1.331299,-170.227036,-174.499496,-454.894989
0.474243,-0.460083,1.027588,-126.953117,-96.80175,-430.175751
0.647827,-1.290405,1.30896,-77.941895,-80.01709,-274.047852
0.565796,-1.1427,1.687744,26.977537,-1.220703,45.349117
0.266602,-0.537476,1.24646,142.51709,144.348145,320.373535
-0.070312,-0.175659,0.911865,266.296387,189.45311,465.698212
-0.270508,0.863037,0.405029,300.720215,148.193359,502.746552
0.236572,1.789429,0.190918,50.903316,11.596679,224.304184
0.41272,1.012695,0.662109,-213.623032,-130.981445,-230.4077
0.192505,0.445312,1.071899,-260.192871,-189.514145,-463.378876
0.255859,-0.105591,1.143555,-220.520004,-179.504379,-539.367676
0.522217,-0.982544,1.610596,-228.51561,-156.799316,-458.862274
0.651123,-1.757935,1.903442,-91.00341,-53.588863,-177.9785
0.272827,-0.891724,1.549438,123.962395,144.836426,234.130844
-0.08728,-0.27771,0.928467,288.085937,256.164551,476.623505
-0.460327,0.301758,0.527466,368.469208,203.979477,580.383301
-0.078003,1.828735,0.105103,185.66893,67.321777,457.641571
0.261108,2.151123,0.043579,-171.691879,-105.712883,-38.574219
0.345703,1.180908,0.588135,-296.447754,-243.652328,-445.67868
0.19873,0.165039,1.314453,-169.189438,-219.848618,-531.433105
0.417847,-0.434448,1.32605,-128.78418,-135.314941,-456.970184
0.602905,-1.441895,1.601074,-59.387203,-65.368652,-188.110336
0.524536,-1.332275,1.907227,60.363766,109.741203,206.176743
0.179565,-0.446777,1.344971,190.490707,245.178207,427.91745
-0.127808,-0.161255,0.782471,339.721649,228.63768,539.794922
-0.37085,0.720337,0.390747,254.333481,107.421867,493.957489
0.141479,1.987793,0.138672,-65.795898,-49.621578,75.744629
0.460693,1.216064,0.528198,-231.628403,-170.654282,-337.707489
0.242798,0.422974,1.008057,-182.556137,-191.040024,-468.078583
0.245972,0.071045,1.005493,-140.075684,-168.334946,-489.868134
0.512085,-0.985962,1.368652,-95.581047,-143.249512,-335.082977
0.667358,-1.515259,2.005981,13.427733,2.868652,24.841307
0.332764,-0.720337,1.664551,111.267082,194.396957,316.711426
0.076782,-0.231567,0.939941,224.60936,237.243637,447.082489
-0.148804,0.021118,0.702515,303.405762,177.673325,516.723633
-0.202148,1.062866,0.432617,132.080078,76.049805,371.582001
0.315674,1.744385,0.194824,-155.334473,-60.668941,-54.26025
0.428223,0.983765,0.554932,-247.497543,-179.199203,-367.30954
0.13147,0.557007,0.892212,-174.194321,-209.899887,-495.178192
0.221802,0.028931,0.927124,-162.780746,-212.585434,-526.062012
0.448242,-0.819824,1.540039,-193.847641,-219.299301,-465.820282
0.577271,-1.446655,1.981689,-102.416985,-122.497551,-213.989243
0.374268,-0.753052,1.74707,64.025879,81.787102,138.000488
0.123169,-0.267456,1.137817,170.593246,236.206039,353.271454
-0.110229,-0.158203,0.795166,307.922363,249.877914,477.783173
-0.337891,0.767822,0.533203,342.834442,171.874985,546.081543
0.204102,1.84082,0.203857,83.435051,52.673336,305.236816
0.452637,1.233154,0.35144,-203.918442,-88.317863,-149.658203
0.209106,0.623901,0.924683,-242.858871,-203.369125,-416.809052
0.190308,0.194336,0.948853,-190.124496,-216.552719,-520.202637
0.304932,-0.787964,1.387329,-184.814438,-220.886215,-497.192352
0.547241,-1.383179,1.975098,-105.285637,-143.432617,-254.333481
0.451294,-0.744263,1.801392,28.564451,57.128902,94.482414
0.186157,-0.225342,1.10791,122.558586,225.036606,300.65918
-0.120361,-0.127319,0.644531,269.65332,254.699692,414.794891
-0.200317,0.784546,0.286011,326.538055,173.400864,479.553192
0.292969,1.538696,0.3573,89.11132,26.672361,257.69043
0.585815,0.89624,0.588501,-159.790039,-80.566399,-116.638176
0.491577,0.330078,0.992676,-167.480453,-135.620117,-298.522949
0.285034,0.082886,1.011475,-109.008781,-120.056145,-344.055145
0.385376,-0.463745,0.976074,-100.158684,-116.45507,-317.321777
0.539185,-0.698608,1.372925,-44.738766,-121.643059,-167.419418
0.481445,-0.143066,1.229248,13.671874,-45.166012,13.488769
0.328979,0.32605,0.859497,27.404783,0.427246,58.28857
0.229614,0.181641,0.910156,16.052246,-22.949217,-0.061035
0.283813,0.058594,1.003052,9.338379,-24.963377,-32.653809
0.375122,-0.038452,1.009399,15.014647,-8.056641,-40.588375
0.394531,-0.162354,0.976562,31.005857,10.559081,-19.40918
0.360229,-0.115479,0.918335,39.489746,25.756834,28.808592
0.390381,-0.011597,0.937744,45.959469,25.634764,61.828609
0.433472,-0.001099,0.994141,51.086422,24.658201,66.894531
0.452148,-0.004761,1.025513,61.279293,39.18457,69.824219
0.384033,0.116211,0.855835,58.776852,40.893551,61.95068
0.381348,0.090454,0.85144,41.381832,20.568846,32.348633
0.419678,-0.115723,1.052246,46.936031,21.850584,31.799314
0.466431,-0.197266,1.149292,71.289062,46.020504,58.776852
0.511108,-0.220215,1.154053,79.467773,73.303223,92.65136
0.525146,-0.244751,1.21582,72.570801,107.116692,134.338379
0.5271,-0.194092,1.219849,72.937012,145.080566,175.353989
0.414673,-0.112183,1.194214,62.561031,171.081528,194.946274
0.385376,-0.002563,1.143555,44.250484,195.190414,189.208969
0.386108,0.028687,1.036133,41.564938,224.182114,172.424301
0.415039,0.087402,0.909424,32.592773,236.816391,141.906738
0.465698,0.086426,0.911011,3.295898,236.999496,97.290031
0.521484,0.167725,0.7323,-24.29199,236.206039,60.791012
0.670776,0.127563,0.57605,51.879879,243.225082,67.504883
0.562012,-0.225708,0.484253,150.45166,282.897949,190.612778
0.534668,0.121948,0.06958,240.966782,267.39502,309.692383
0.71582,0.643066,0.103638,200.134262,169.006332,301.025391
0.756104,0.710449,0.842407,-6.103515,151.184082,189.819321
0.535278,0.277954,1.02478,-132.141113,273.925781,122.375481
0.273315,0.192383,0.472656,-134.887695,419.433563,153.503418
0.315063,0.59375,-0.302734,-151.977539,460.510223,154.663086
0.317261,0.352905,-0.799072,-184.448227,451.599091,91.491692
0.36499,0.054077,-0.612915,-165.527328,355.346649,61.828609
0.340698,0.331055,-0.370117,-195.678696,299.072266,81.115715
0.291016,0.477661,-0.696411,-161.499008,313.842773,69.824219
0.231323,0.531006,-1.265869,-66.28418,315.429687,70.373535
0.24585,0.576172,-1.440186,-17.944336,242.24852,63.415524
0.284058,0.672485,-1.029541,-7.263183,142.39502,42.297359
0.24939,0.577759,-0.84375,0.732422,117.675774,13.85498
0.198486,0.544067,-1.077393,-8.666992,133.544922,7.568359
0.174683,0.561157,-1.300659,-38.208008,118.408195,11.230468
0.186768,0.547974,-1.237183,-51.208492,74.035645,1.586914
0.214844,0.622314,-0.954102,-21.850584,39.0625,-21.057127
0.20813,0.4375,-0.886597,-28.137205,36.254883,-46.936031
0.212891,0.497192,-0.882202,-15.136718,38.696289,-46.936031
0.193848,0.350586,-0.901001,-12.145995,46.630856,-57.739254
0.238037,0.476685,-1.029297,-56.091305,43.640133,-46.874996
0.191284,0.562622,-0.831543,-19.775391,24.536131,-65.368652
0.178223,0.32312,-0.866333,36.071777,50.842281,-93.933098
0.086548,0.329346,-1.043823,40.893551,48.583981,-85.266106
0.243896,0.252686,-0.828125,19.470215,35.766602,-82.824699
0.220703,0.459229,-0.981079,-57.189938,57.312008,-52.856441
0.105469,0.46814,-1.005493,-13.122558,52.856441,-69.946289
0.195923,0.21875,-1.151123,29.785154,22.949217,-90.576164
0.301758,0.437134,-0.970581,-14.831542,-51.757809,-60.668941
0.178345,0.481445,-0.684326,19.65332,-82.580559,-72.753906
0.137451,0.06311,-0.825195,90.515129,-15.502929,-82.397453
0.142578,0.214966,-1.18689,23.010252,19.348145,-18.920898
0.165649,0.439453,-1.153809,-14.587401,-27.038572,-0.305176
0.239502,0.432861,-1.152588,-19.165039,-67.687988,-20.996092
0.245239,0.419312,-1.192017,-98.144524,-109.680168,-29.357908
0.208984,0.432007,-1.285156,-142.456055,-165.954575,-36.254883
0.210083,0.386963,-1.46875,-144.65332,-232.788071,-48.400875
0.172363,0.310059,-1.477539,-129.516602,-316.711426,-58.349606
0.19812,0.321655,-1.423584,-85.20507,-399.597137,-68.603516
0.231934,0.425781,-1.311035,-30.578611,-490.41745,-106.50634
0.192017,0.499268,-0.981201,-51.330563,-588.806152,-167.480453
0.137085,0.349243,-0.532227,-111.022942,-657.531677,-205.627426
0.134399,0.015747,-0.019165,-149.475098,-675.964294,-192.016586
0.182495,-0.209839,0.347656,-167.297348,-615.05127,-128.417969
0.186523,-0.303101,0.607544,-117.248528,-540.649414,-62.744137
0.197388,-0.151611,0.875977,-86.608879,-447.143524,-23.010252
0.255249,-0.039673,0.926758,-83.19091,-376.525848,-22.583006
0.387573,-0.051514,0.862915,-76.23291,-346.801727,-18.371582
0.373535,-0.018555,0.922852,-74.829102,-304.382324,-15.624999
0.109497,-0.007446,0.793823,-78.186035,-273.193359,-21.179197
0.020752,0.078735,0.869385,-88.500969,-293.518066,-37.231445
0.102173,0.031128,1.105347,-90.820305,-290.405273,-44.006344
0.145142,0.015991,1.121826,-74.829102,-255.615219,-26.794432
0.080933,0.141113,1.137939,-84.411613,-226.62352,-30.822752
-0.107666,0.146118,1.179443,-90.270988,-186.462387,-49.560543
-0.237305,0.189575,1.145142,-75.927734,-153.320312,-60.546871
-0.18457,0.192383,1.147583,-69.702148,-137.634277,-68.664551
-0.114502,0.098022,1.105225,-72.44873,-140.075684,-58.410641
-0.31189,0.270386,1.282227,-67.932129,-134.58252,-31.921385
-0.394897,0.317749,1.164307,-50.23193,-85.083,-42.175289
-0.314087,0.167236,1.059082,-40.954586,-62.561031,-49.743649
-0.309204,0.275269,1.146973,-32.226562,-61.218258,-25.695799
-0.34021,0.379395,1.046143,-18.371582,-35.766602,-26.977537
-0.246826,0.264893,1.01416,-13.916015,-14.160155,-56.640621
-0.273071,0.228394,0.945068,-17.944336,-8.361816,-52.36816
-0.298218,0.379028,0.934814,-9.155273,-6.225585,-48.767086
-0.211426,0.308472,0.88208,-28.503416,-0.488281,-76.538086
-0.178833,0.098389,0.938354,-21.606443,-8.422852,-79.89502
-0.235107,0.334595,1.004883,23.437498,-1.831055,-43.151852
-0.211304,0.334106,1.014526,29.724119,20.202635,-57.006832
-0.198242,0.308838,0.947632,23.559568,38.635254,-67.871094
-0.175781,0.229004,0.999146,25.024412,41.076656,-69.580078
-0.114868,0.197144,0.951904,33.508301,46.874996,-51.757809
-0.064453,0.311646,0.911255,33.203125,50.354,-40.64941
-0.041382,0.199341,1.05188,23.376463,53.710934,-57.556149
-0.021118,0.138062,1.083252,28.991697,68.969727,-46.081539
-0.026489,0.21521,1.045532,32.226562,80.200195,-24.108885
0.011353,0.263672,1.045166,36.804199,70.007324,-11.474608
0.029175,0.202759,1.110596,45.837399,64.51416,-12.512206
0.029663,0.093994,1.14917,57.373043,83.007805,-3.967285
0.060425,0.096436,1.197388,51.696774,117.675774,23.620604
0.114502,0.293945,1.307373,48.828121,153.686523,40.100098
0.06665,0.352905,1.428589,57.617184,188.171371,16.357422
-0.055786,0.207764,1.414551,67.749023,246.826157,-8.666992
0.018921,0.070068,1.158936,81.603996,328.674286,3.295898
0.132324,0.119385,0.975342,116.21093,367.858856,36.865234
0.276367,0.113525,1.003418,115.234367,370.483368,54.199215
0.362427,0.161743,0.899536,124.1455,390.075653,65.368652
0.416016,0.193481,0.711792,136.901855,414.489716,56.15234
0.484131,0.267212,0.348755,110.53466,389.526337,18.493652
0.620361,0.187134,0.21167,72.44873,328.063934,-26.916502
0.668335,0.045166,0.300049,67.138672,298.278809,-46.264645
0.834595,-0.00769,0.182861,57.067867,280.212402,-50.23193
0.857056,-0.046997,0.190674,71.960449,271.42334,-48.828121
0.779541,-0.127197,0.216797,67.565918,286.132812,-30.517576
0.762329,-0.062988,0.077637,66.162109,306.091309,-15.930175
0.73645,-0.026978,-0.341675,79.223633,294.555664,-17.456055
0.832031,-0.081909,-0.526245,67.504883,238.647446,-18.005371
0.799805,-0.093018,-0.36377,36.499023,228.698715,-16.052246
0.684204,-0.068359,-0.297974,8.850098,250.854477,-17.211914
0.605469,-0.011475,-0.365601,-7.080078,271.606445,-32.226562
0.499634,-0.042725,-0.502197,-29.296873,286.071777,-59.753414
0.400024,-0.246582,-0.648804,-26.245115,285.27832,-56.884762
0.373413,-0.262085,-0.825928,-12.329101,277.587891,-37.17041
0.354736,-0.200684,-0.960571,-14.465331,254.394516,-30.944822
0.282471,-0.198364,-0.905029,-40.466305,234.619125,-30.334471
0.262085,-0.187378,-0.87439,-48.522945,228.820786,-39.794922
0.208252,-0.263916,-1.064941,-34.179687,212.036118,-49.743649
0.140259,-0.287354,-1.234863,-29.479979,166.381821,-48.095699
0.141235,-0.293945,-1.226929,-28.442381,113.830559,-48.889156
0.126831,-0.310181,-1.177979,-26.611326,93.200676,-47.668453
0.100708,-0.24292,-1.169556,-12.695312,65.673828,-45.837399
0.077637,-0.300415,-1.128784,10.253905,46.56982,-58.105465
0.049438,-0.347412,-1.022583,10.0708,35.705566,-57.067867
0.031372,-0.329956,-1.046631,4.516602,36.071777,-44.860836
-0.001465,-0.366211,-1.153564,2.441406,33.874512,-37.658691
-0.019287,-0.369873,-1.120117,1.586914,17.150879,-28.442381
0.010376,-0.31189,-1.045288,3.784179,3.90625,-19.40918
0.061279,-0.266602,-1.003174,2.868652,-2.075195,-16.967773
0.078613,-0.224854,-1.006226,4.882812,-5.859375,-17.944336
0.047607,-0.290283,-1.022949,15.808105,-8.361816,-24.16992
0.023071,-0.330078,-1.011963,18.005371,-11.230468,-21.118162
0.044556,-0.340698,-0.981079,10.620116,-13.122558,-12.268065
0.088013,-0.22644,-0.953979,0.061035,-16.723633,0.366211
0.120239,-0.203979,-0.93103,10.437011,-17.333984,-8.789063
0.095459,-0.304199,-0.960083,10.986327,-10.803222,-13.427733
0.083008,-0.220825,-0.961792,5.798339,-9.765625,-7.751464
0.075562,-0.268921,-0.952881,8.666992,-11.474608,-14.038085
0.052002,-0.272949,-0.968018,4.760742,-11.96289,-10.925292
0.040894,-0.295776,-0.986694,3.723144,-15.197753,-5.859375
0.06604,-0.250732,-0.956787,3.601074,-19.287109,-1.159668
0.069702,-0.259521,-0.994019,3.417969,-18.493652,-1.525879
0.066406,-0.248901,-1.052246,13.061522,-24.04785,-1.342773
0.041748,-0.335449,-1.115723,16.418457,-40.832516,0.793457
0.027344,-0.359497,-1.277222,12.390136,-64.758301,17.272949
-0.011841,-0.37793,-1.37561,14.648437,-115.417473,35.400391
-0.043579,-0.429077,-1.528687,20.568846,-191.58934,57.006832
-0.038452,-0.362915,-1.36499,38.635254,-283.508301,84.289543
0.065308,-0.263916,-1.468872,60.05859,-350.891083,91.064445
0.134521,-0.198364,-1.50708,55.908199,-449.157684,91.735832
0.105347,0.139893,-1.280884,48.767086,-580.871582,79.406738
0.133301,0.186035,-0.977295,87.768547,-695.007263,17.333984
0.279541,0.1427,-0.328613,71.655273,-716.125427,-37.536621
0.369629,0.13855,0.306763,16.845703,-623.596191,-73.242187
0.355835,-0.057129,0.327881,16.479492,-521.118164,-95.947258
0.334106,-0.262695,0.090698,15.197753,-511.535614,-74.462891
0.274414,-0.183105,0.255859,3.356933,-530.212402,-56.701656
0.251099,-0.211548,0.528931,-34.667969,-512.084961,-49.926754
0.122314,-0.155884,0.615234,-79.711914,-476.68454,-34.790039
-0.17981,-0.279053,0.828491,-44.921871,-456.481903,-23.803709
0.009033,-0.19165,1.141602,-25.268553,-389.099091,1.037598
0.079956,0.018188,1.170654,-46.264645,-315.002441,-27.404783
-0.037842,-0.022949,1.316162,-51.818844,-254.150375,-57.128902
-0.186401,-0.093872,1.367188,-39.123535,-198.669418,-65.063477
-0.216797,-0.107666,1.353882,-26.367186,-158.447266,-61.218258
-0.225952,-0.106934,1.323975,-10.559081,-109.802238,-59.143063
-0.2677,-0.116577,1.237915,-7.202148,-75.012207,-55.847164
-0.318359,-0.143433,1.241699,-3.112793,-53.466793,-44.982906
-0.304443,-0.123047,1.143066,11.108397,-40.64941,-31.372068
-0.235229,-0.1073,1.090332,18.432617,-29.357908,-26.794432
-0.235596,-0.120728,1.010498,14.22119,-13.061522,-28.07617
-0.187378,-0.101563,0.889526,12.268065,-16.723633,-28.07617
-0.151245,-0.066406,0.902832,7.8125,-36.621094,-34.790039
-0.180908,-0.10022,0.96936,6.958007,-41.320797,-36.682129
-0.233765,-0.067017,0.993896,13.305663,-38.269043,-39.611816
-0.214233,-0.159546,1.007202,5.615234,-26.794432,-47.180172
-0.176758,-0.119629,1.056519,12.878417,-12.512206,-34.851074
-0.168701,-0.083984,1.098633,23.254393,2.563476,-29.96826
-0.204834,-0.140381,1.036011,19.714355,17.822266,-30.700682
-0.186646,-0.189819,0.963013,10.925292,20.26367,-20.38574
-0.147705,-0.136108,1.008057,6.469726,17.63916,-5.981445
-0.15918,-0.157959,1.017944,-2.075195,20.202635,-4.089355
-0.150391,-0.145142,1.017212,-0.061035,23.559568,2.13623
-0.139526,-0.126221,1.053101,6.225585,30.883787,4.02832
-0.140381,-0.131714,1.096924,9.033203,41.748043,0.915527
-0.150391,-0.178955,1.142822,15.380858,56.27441,2.868652
-0.160034,-0.18689,1.12854,26.18408,83.618156,14.953612
-0.130981,-0.159546,1.018066,28.686522,103.393547,25.268553
-0.044556,-0.143799,1.149902,21.362303,102.783195,25.390623
-0.033081,-0.190796,1.379639,15.86914,136.59668,18.737793
-0.080322,-0.267822,1.389526,26.489256,214.355453,28.930662
-0.039063,-0.178833,1.274658,39.550781,282.104492,56.762691
0.009766,-0.140625,1.248779,39.916992,315.795898,65.185547
-0.017334,-0.253052,1.274414,57.983395,357.665985,71.655273
0.039673,-0.188599,1.04895,83.06884,421.569794,100.036613
0.223267,0.015137,0.883789,70.129395,459.777802,97.717278
0.32666,-0.282715,0.662842,32.287598,494.567841,56.945797
0.379761,-0.359985,0.466431,-88.623039,519.958496,78.857422
0.371704,0.224731,0.339355,-27.832029,530.456543,102.661125
0.332153,0.109009,0.0802,-49.316402,535.095215,18.066406
0.270874,-0.098999,-0.062256,-110.229485,510.925262,-54.748531
0.16394,-0.17627,-0.164673,-127.685539,473.876923,-95.153801
0.39624,-0.277466,-0.628296,-108.703606,457.702606,-119.445793
0.529907,-0.192749,-0.820679,-26.794432,429.80954,-110.717766
0.430298,-0.115479,-0.689697,2.13623,416.748016,-123.718254
0.184204,-0.360962,-0.603394,17.211914,437.377899,-131.225586
0.034546,-0.471069,-0.901123,-6.774902,415.527313,-86.547844
0.025391,-0.366211,-1.243164,-13.305663,347.839325,-67.443848
0.129517,-0.349854,-1.367065,-1.708984,263.183594,-72.631836
0.082886,-0.337646,-1.322876,25.268553,186.401352,-80.566399
-0.006348,-0.488403,-1.328003,29.113768,121.582024,-60.302731
-0.033813,-0.42981,-1.286011,19.470215,59.204098,-35.03418
-0.155273,-0.396851,-1.151978,16.418457,32.226562,-20.446775
-0.222046,-0.349976,-1.293213,-57.006832,13.244628,11.901855
0.414062,-0.316772,-0.679443,2.624511,47.485348,-48.095699
-0.15979,-0.56543,-1.104248,0.671387,49.804684,-34.057617
-0.075806,-0.422363,-1.037598,-16.113281,9.216309,-6.591796
-0.011963,-0.397095,-0.99585,-0.305176,1.342773,-6.04248
0.017578,-0.377319,-0.986816,-0.427246,-0.427246,-6.958007
0.015137,-0.375488,-0.950806,-5.676269,5.92041,-8.544922
0.014648,-0.36731,-0.981567,-8.605957,6.103515,-10.559081
-0.013672,-0.412842,-0.981812,0.854492,4.333496,-9.765625
-0.022949,-0.44873,-1.023071,7.446289,-4.333496,2.441406
0.0271,-0.39563,-1.004639,1.586914,-11.108397,9.033203
0.035645,-0.351196,-0.960449,-5.310058,-9.216309,5.493164
0.015015,-0.361572,-0.976074,-7.202148,-7.93457,-0.305176
0.009766,-0.371826,-1.018921,-7.019042,-18.066406,-2.197266
0.002441,-0.410889,-1.030396,-7.690429,-26.30615,-1.342773
0.005371,-0.438232,-1.042969,-11.535644,-43.151852,8.483887
0.018066,-0.386719,-1.013916,-21.789549,-55.175777,17.39502
0.016479,-0.387939,-0.970459,-24.536131,-60.852047,14.831542
0.014893,-0.436279,-0.974487,-26.916502,-62.622066,13.122558
0.010498,-0.478516,-0.971191,-31.86035,-71.350098,19.775391
0.046753,-0.479126,-0.971069,-34.423828,-81.603996,31.86035
0.104492,-0.454224,-0.988037,-30.273436,-95.764153,38.696289
0.112549,-0.510254,-1.093872,-15.319823,-119.689934,43.212887
0.156616,-0.56665,-1.073242,-5.310058,-164.184555,60.729977
0.198242,-0.503662,-0.930054,-16.235352,-196.716293,86.85302
0.265503,-0.475342,-0.953125,-20.935057,-202.758774,103.027336
0.330322,-0.532837,-1.083496,-14.22119,-216.430649,108.825676
0.396729,-0.48645,-0.992798,-6.469726,-252.624496,115.844719
0.401611,-0.400513,-0.81604,-8.178711,-276.916504,120.666496
0.46814,-0.363037,-0.89209,21.728514,-291.381836,121.337883
0.565796,-0.303101,-0.895142,48.156734,-342.163055,120.605461
0.541992,-0.222046,-0.59729,25.390623,-402.343719,120.910637
0.513672,-0.10022,-0.467529,4.516602,-436.401337,120.727531
0.440186,-0.095947,-0.507324,-7.263183,-493.041962,113.098137
0.186523,-0.096069,-0.084351,-31.005857,-574.21875,113.159172
0.033325,-0.065918,0.470093,-55.236813,-585.9375,123.962395
0.146118,0.062012,0.636475,-53.894039,-520.751953,134.155273
0.163086,0.147583,0.877563,-65.673828,-458.007782,123.291008
0.08252,0.087769,1.057495,-42.66357,-393.310516,109.924309
0.285278,0.158081,1.138184,-14.22119,-319.946289,119.506828
0.277344,0.207642,1.179932,31.921385,-252.868637,120.178215
0.3396,0.255371,1.380615,36.193848,-195.007309,109.313957
0.348877,0.263062,1.444946,47.180172,-131.835937,92.8955
0.286377,0.16687,1.313477,35.644531,-78.00293,69.213867
0.251953,0.106445,1.219727,70.739746,-43.701168,63.781734
0.172363,0.028564,1.124023,108.032219,-28.442381,77.697754
0.11377,-0.075806,1.127441,113.647453,-14.282226,102.60009
0.134277,-0.042969,1.106689,99.975578,-6.774902,118.408195
0.230835,0.025146,1.091064,84.167473,-10.009766,109.130852
0.299561,0.084351,1.140625,26.489256,4.455566,86.669914
0.295776,0.111084,1.075928,5.493164,19.775391,58.349606
0.266113,0.052002,1.083862,11.718749,24.29199,33.630371
0.198364,-0.025391,1.030762,22.15576,30.517576,23.315428
0.200317,-0.074097,0.932495,32.104492,21.728514,23.437498
0.286377,-0.069092,0.980347,31.555174,17.333984,35.461426
0.330933,0.018066,1.039185,44.189449,17.578125,30.09033
0.358032,0.061768,1.012939,57.922359,13.85498,5.615234
0.3396,0.084839,0.936401,38.818359,7.141113,-26.367186
0.334839,0.229614,0.839233,-31.188963,-9.460449,-80.200195
0.281616,0.505859,0.722778,-110.778801,-29.113768,-186.584457
0.103149,0.783081,0.586304,-161.499008,-81.481926,-355.102509
0.485352,0.656128,0.956299,-261.535645,-129.150391,-520.080566
-0.218872,0.758789,1.155151,-255.493149,-140.50293,-571.411133
-0.774536,-0.624512,1.454712,-232.482895,-168.823227,-591.97998
0.065674,-1.955933,1.607666,-70.678711,-83.801262,-169.067368
0.14917,-0.887451,1.708496,201.354965,95.581047,220.031723
-0.13916,-0.623657,1.13623,263.48877,164.550766,330.322235
-0.299438,-0.390015,0.748779,369.44577,169.677719,531.555176
-0.240723,0.323242,0.936035,412.17038,67.016602,610.412598
0.078125,0.695801,1.039185,283.447266,5.310058,475.707977
0.294189,1.217285,0.879272,35.888672,-11.840819,201.110825
0.291138,0.971558,0.8396,-160.03418,-40.832516,-167.602524
0.201782,0.187012,1.097046,-178.832993,-53.894039,-408.630341
0.192871,-0.297485,1.176758,-139.038086,-15.502929,-460.388153
0.152222,-0.987915,0.972778,-113.464348,14.587401,-406.127899
0.305298,-1.451538,1.037964,-52.001949,-16.967773,-160.644516
0.135742,-0.723877,1.508423,61.401363,-9.460449,135.314941
0.053833,-0.52771,1.022705,124.816887,71.899414,278.137207
-0.002197,-0.015991,1.067261,158.630371,72.20459,360.473602
-0.164551,0.626465,0.816772,102.844231,86.914055,310.852051
0.222656,1.193115,0.347168,-89.843742,32.836914,69.519043
0.252563,0.804932,0.714966,-226.013168,-74.34082,-247.802719
0.20813,-0.197876,1.203979,-244.445786,-96.618645,-417.663544
0.39917,-0.785645,1.180176,-168.884262,-70.251465,-356.811493
0.492798,-0.807495,1.302246,-46.386715,-43.640133,-175.170883
0.370728,-0.640015,1.250854,10.375976,22.15576,10.864257
0.186157,-0.453125,1.106079,68.481445,73.242187,161.560043
0.0896,-0.415039,1.051392,137.512207,86.730949,273.010254
-0.068115,0.168945,0.89209,190.063461,87.341301,366.027802
0.067749,1.132813,0.594849,66.162109,47.485348,283.996582
0.319214,1.049194,0.597168,-142.150879,-38.146973,-32.348633
0.250366,0.381226,1.030273,-236.145004,-108.39843,-286.499023
0.28125,-0.154297,1.139404,-205.749496,-108.825676,-361.328094
0.415405,-0.522461,1.203247,-100.402824,-91.064445,-291.931152
0.476685,-0.657837,1.320801,-15.136718,-41.198727,-139.404297
0.341797,-0.660645,1.293823,66.162109,39.733887,47.729488
0.166382,-0.478882,1.151978,162.3535,101.196281,232.055649
0.085449,-0.347534,1.086182,242.24852,113.464348,361.694305
-0.070557,0.262451,0.907593,198.852524,96.191399,383.972137
0.007202,1.144531,0.582275,-40.466305,35.27832,152.282715
0.260498,1.20813,0.397949,-239.685043,-87.890617,-199.1577
0.167358,0.499512,1.068604,-261.962891,-140.808105,-397.766083
0.243896,-0.240723,1.159424,-183.837875,-103.271477,-381.286591
0.441162,-0.438232,1.100464,-69.946289,-90.820305,-238.525375
0.474121,-0.479858,1.345093,-31.066893,-21.728514,-105.773918
0.42749,-0.688965,1.307495,48.522945,52.001949,83.251945
0.25061,-0.363159,1.27002,142.700195,109.374992,239.379868
0.074585,-0.162109,1.067261,238.037094,139.282227,337.829559
-0.078857,0.448242,0.776123,176.391586,106.445305,337.280243
0.094238,1.241577,0.528687,-108.886711,20.1416,81.29882
0.252075,0.983887,0.534302,-280.578613,-99.243156,-220.336899
0.17749,0.395874,1.043945,-238.586411,-137.084961,-350.280731
0.229736,0.237061,1.001343,-193.115219,-119.812004,-381.16452
0.342651,-0.074707,0.975952,-189.208969,-120.666496,-348.449677
0.492432,-0.98645,1.463013,-68.847656,-54.748531,-140.74707
0.480469,-0.575317,1.625366,57.434078,80.13916,124.816887
0.354004,-0.039185,1.189209,139.404297,173.767075,214.660629
0.157959,-0.303955,0.852905,304.138184,187.744125,343.200653
-0.134155,0.238159,0.810425,326.171844,139.282227,430.969208
-0.041626,1.072754,0.869751,201.965317,104.064934,368.408173
0.322876,1.035522,0.641479,-124.572746,33.935547,76.293945
0.382813,0.608765,0.741333,-248.962387,-67.626953,-171.997055
0.442017,0.512573,0.833862,-218.872055,-119.934074,-285.766602
0.50293,0.136841,0.800781,-171.93602,-129.272461,-341.735809
0.535889,-0.442505,1.13916,-118.286125,-129.821777,-288.513184
0.613037,-0.648315,1.46106,-28.869627,-58.410641,-103.454582
0.563477,-0.240967,1.378784,53.161617,58.898922,92.529289
0.442871,-0.311523,1.044922,149.047852,145.996094,213.256821
0.197266,-0.146118,1.02063,299.499512,165.039047,361.022919
0.055054,0.55127,1.037964,359.130829,154.23584,440.429657
0.309082,1.041382,0.736938,172.424301,118.835442,296.081543
0.434692,0.883545,0.415405,-89.355461,46.44775,30.578611
0.462158,0.545044,0.581665,-178.527817,-44.799801,-159.484863
0.505615,0.269897,0.828003,-170.104965,-86.669914,-249.755844
0.580933,-0.340698,0.889404,-134.216309,-85.327141,-253.356918
0.646362,-0.588501,1.001343,-45.715328,-73.913574,-111.938469
0.621094,-0.317993,1.071899,50.415035,-20.812986,78.125
0.528931,-0.121338,0.925049,104.125969,39.855957,202.880844
0.334961,0.037354,0.981934,208.801254,61.157223,286.315918
0.220825,0.256836,1.004517,272.644043,68.481445,313.110352
0.299805,0.577148,0.922363,154.907227,50.720211,245.483383
0.341431,0.848267,0.72876,-46.203609,21.911619,69.763184
0.307251,0.653809,0.688843,-172.180161,-32.653809,-146.362305
0.297974,0.372437,0.83374,-224.121078,-91.674797,-285.217285
0.387085,0.036377,0.946289,-191.284164,-112.609856,-318.054199
0.526489,-0.16626,0.895142,-142.456055,-107.788078,-259.399414
0.717651,-0.415527,1.159546,-64.086914,-94.116203,-141.113281
0.791138,-0.447266,1.411621,20.812986,-7.690429,29.96826
0.498535,-0.303223,1.125732,86.608879,104.431145,200.561508
0.164429,0.061523,0.884766,205.993637,142.883301,335.754364
0.091309,0.27356,0.842651,241.332993,123.962395,368.347137
0.126587,0.675049,0.684326,84.167473,78.063965,265.136719
0.184204,1.235352,0.438477,-118.835442,-8.117676,-3.967285
0.324707,0.938965,0.485229,-224.060043,-124.511711,-270.751953
0.299927,0.383301,1.056519,-212.280258,-153.991699,-361.877411
0.520874,-0.043335,1.097412,-118.835442,-95.092766,-304.992676
0.640625,-0.386475,0.904541,-16.662598,-72.08252,-150.146484
0.704224,-0.40918,1.268799,60.607906,-13.85498,34.057617
0.577271,-0.300415,1.337036,122.619621,91.796867,190.368637
0.292847,-0.157715,0.953491,251.647934,135.437012,330.13913
0.037598,0.269653,0.823242,269.348145,117.248528,377.380341
0.046387,0.692383,0.643921,111.267082,67.749023,279.35791
0.20813,1.188721,0.481079,-110.168449,-26.611326,22.15576
0.272217,1.120972,0.519409,-250.305161,-130.371094,-261.291504
0.151855,0.69751,0.879761,-276.306152,-196.411118,-423.522919
0.330566,0.19104,1.2948,-228.75975,-162.536606,-433.71579
0.496094,-0.505981,1.177979,-156.677246,-109.924309,-289.794922
0.719727,-0.72168,1.271851,14.09912,-46.936031,-28.259275
0.72937,-0.190308,1.404053,85.571281,79.589844,144.65332
0.505127,-0.144653,0.990112,181.396469,152.587891,260.803223
0.158203,-0.080444,0.802734,316.772461,136.535645,383.361786
-0.055908,0.508301,0.67627,267.63916,74.401855,377.563446
0.086914,1.161133,0.570068,164.611801,30.151365,284.912109
0.248047,1.012573,0.586182,-60.05859,-48.034664,-9.338379
0.197754,0.601685,0.60437,-192.138657,-117.492668,-233.215317
0.288208,0.038574,0.998657,-226.318344,-177.917465,-310.60791
0.488647,-0.258667,1.365723,-157.287598,-156.188965,-226.257309
0.580811,-0.225708,1.36377,-48.828121,-65.429687,-73.913574
0.562378,0.033325,1.241211,32.836914,21.789549,60.119625
0.475952,0.160522,1.026733,77.697754,83.374016,132.507324
0.310669,0.012573,0.833862,172.851547,103.576653,191.955551
0.121216,0.363281,0.692017,223.266586,78.979492,267.700195
0.055298,0.944824,0.648193,124.206535,16.296387,214.660629
0.165649,0.681763,0.676636,-19.836426,-41.137691,-5.798339
0.1521,0.173096,0.809082,-70.922852,-85.144035,-130.310059
0.129883,0.437622,0.807373,-102.844231,-104.73632,-150.32959
0.24707,0.246704,1.041504,-98.083488,-137.268066,-205.688461
0.459839,-0.150879,1.391479,-81.420891,-126.03759,-176.696762
0.496216,-0.107422,1.509521,-20.507811,-41.992184,-40.771481
0.453857,0.205078,1.218994,8.300781,54.748531,65.368652
0.304932,0.111938,1.029419,30.151365,91.918938,102.111809
0.182495,-0.014282,0.895996,111.877434,112.853996,166.870102
0.084229,0.376831,0.682739,181.64061,102.47802,233.032211
0.09729,0.687012,0.585571,141.906738,45.593258,171.081528
0.129028,0.555298,0.604492,-9.94873,-25.451658,14.038085
0.203247,0.612427,0.54126,-105.651848,-82.214348,-104.37011
0.18457,0.567871,0.756104,-137.634277,-144.65332,-207.824692
0.209961,0.052368,1.218018,-173.095688,-180.541977,-273.31543
0.377441,-0.145264,1.500366,-153.808594,-146.484375,-199.890121
0.367798,-0.03479,1.557739,-48.21777,-51.147457,-67.016602
0.360229,0.124756,1.283569,14.831542,48.400875,26.672361
0.296265,0.067139,1.223999,36.743164,97.778313,83.496086
0.080444,-0.115356,1.005859,119.201653,152.22168,163.940414
-0.088989,0.224609,0.692017,225.158676,149.963379,265.197754
-0.095093,0.613403,0.553589,176.208481,69.702148,235.046371
0.047729,1.002441,0.537354,-6.774902,-30.151365,16.906738
0.153809,0.505615,0.612793,-104.49218,-95.458977,-127.746574
0.153564,0.670654,0.689453,-167.175278,-147.949219,-204.895004
0.183594,0.459717,0.962769,-180.236801,-188.720688,-282.470703
0.306274,-0.224731,1.494141,-106.872551,-136.71875,-188.049301
0.342041,-0.242187,1.660645,-23.742674,16.357422,-17.944336
0.381104,0.113159,1.2229,6.652832,99.731438,75.439453
0.26001,0.127075,1.140869,76.660156,138.61084,133.056641
0.076172,-0.033203,0.96582,196.350082,163.879379,223.327621
-0.040771,0.245728,0.728271,242.858871,112.915031,271.66748
-0.087646,0.842041,0.585083,86.486809,26.794432,148.986816
0.068115,0.84375,0.499268,-43.945309,-60.424801,-69.580078
0.152222,0.404175,0.762451,-94.421379,-123.413078,-159.851074
0.197144,0.580811,0.954468,-125.488274,-138.85498,-225.036606
0.277588,0.212158,1.122437,-119.445793,-133.728027,-241.088852
0.347046,-0.22522,1.4198,-50.23193,-61.828609,-117.980949
0.367065,-0.097412,1.450684,-2.563476,52.551266,14.22119
0.241577,0.0448,1.245605,18.432617,113.403313,86.730949
0.139526,-0.036865,1.031738,114.685051,152.832031,167.114243
0.022339,-0.001465,0.791016,222.290024,133.605957,252.685532
-0.043213,0.464111,0.670532,169.494614,70.495605,238.159164
0.010498,0.967529,0.532837,81.359856,31.677244,162.475571
0.160278,0.635742,0.612183,-75.927734,-55.664059,-54.687496
0.175781,0.619263,0.786133,-157.958984,-127.990715,-174.743637
0.122803,0.477905,1.011841,-154.47998,-167.968735,-263.366699
0.255249,-0.120728,1.393188,-134.887695,-168.701157,-283.508301
0.402344,-0.318237,1.612671,-73.608398,-80.505363,-148.4375
0.375854,-0.001465,1.395996,-11.96289,58.593746,20.019531
0.24353,0.144043,1.185303,13.916015,140.930176,104.73632
0.075317,-0.054932,0.922363,105.834953,192.993149,172.851547
-0.121582,0.186768,0.596069,240.844711,184.326157,278.442383
-0.09375,0.919067,0.476929,191.223129,84.83886,267.089844
0.091187,1.05896,0.414185,-36.071777,-27.526854,46.508785
0.162842,0.74292,0.535767,-196.838364,-138.183594,-169.494614
0.134766,0.359985,1.179321,-176.574692,-214.355453,-264.404297
0.293335,-0.059448,1.554688,-83.129875,-171.325668,-250.244125
0.429932,-0.202637,1.547485,-26.733397,-62.133785,-131.530762
0.445679,0.081909,1.303223,12.20703,60.607906,14.09912
0.295776,0.115479,1.151367,31.372068,132.080078,91.247551
0.112305,-0.131104,0.959473,124.816887,184.143051,172.363266
-0.092407,0.216309,0.622681,235.046371,179.687485,286.499023
-0.097778,0.897705,0.442505,147.766113,80.13916,261.230469
0.043091,0.98584,0.39563,-78.796387,-33.752441,38.391113
0.148193,0.676636,0.535156,-198.852524,-141.174316,-162.414536
0.113892,0.570923,1.036743,-195.983871,-215.087875,-250.915512
0.245728,0.118164,1.364868,-136.291504,-200.866684,-280.700684
0.384277,-0.134033,1.578491,-60.18066,-124.206535,-186.035141
0.407837,-0.07312,1.554321,-4.02832,13.061522,-33.752441
0.307861,0.269165,1.243042,21.606443,129.882812,81.115715
0.159424,0.005859,1.054077,101.257317,185.485825,134.094238
-0.045532,0.041748,0.700073,233.215317,208.98436,245.727524
-0.099487,0.788696,0.420044,226.806625,140.686035,299.072266
-0.061035,1.143799,0.31604,15.502929,19.104004,124.938957
0.106201,0.999878,0.267822,-133.300781,-114.379875,-121.704094
0.174194,0.652344,0.644897,-167.541489,-213.623032,-238.159164
0.168091,0.430176,1.19873,-114.501945,-209.10643,-280.456543
0.272461,-0.060791,1.500854,-51.513668,-130.79834,-210.693344
0.347656,-0.059326,1.416504,-5.493164,-18.676758,-80.93261
0.290039,0.102661,1.12561,47.790524,43.151852,12.08496
0.159912,0.43396,0.852905,44.189449,44.55566,26.672361
0.204224,0.535034,0.581421,13.97705,-6.04248,-19.65332
0.229004,0.261108,0.933716,17.028809,-29.235838,-30.944822
0.163696,0.093384,1.169189,40.588375,13.488769,15.441894
0.174561,0.285034,1.020264,53.283688,31.188963,38.574219
0.203613,0.317261,1.034668,70.556641,36.560059,29.235838
0.214111,0.277222,0.967529,79.467773,44.55566,28.991697
0.264526,0.249756,0.980225,78.063965,40.466305,29.785154
0.259033,0.136597,1.160034,72.875977,50.170895,41.259762
0.235718,0.020386,1.388916,55.114742,79.589844,65.734863
0.210937,-0.014282,1.497437,31.98242,125.610344,98.632805
0.236694,0.156372,1.367798,24.536131,168.212875,117.309563
0.266846,0.286255,1.205688,54.992672,192.138657,114.135735
0.237915,0.196899,1.272217,77.941895,235.656723,120.605461
0.299561,0.258789,1.126343,45.715328,264.831543,119.750969
0.378296,0.480347,0.972046,35.095215,260.192871,105.957024
0.362061,0.542847,1.032837,34.118652,273.498535,53.344723
0.322144,0.222778,0.78894,2.868652,326.415985,4.760742
0.427246,0.1521,0.557007,11.718749,340.393036,18.188477
0.506104,0.278442,0.668213,16.052246,310.119629,32.897949
0.480469,0.320068,0.610596,-70.800781,307.922363,15.319823
0.553955,0.486694,0.242065,-119.873039,340.148895,-7.446289
0.651245,0.495239,-0.064331,-178.527817,350.158661,-55.786129
0.689819,0.260376,-0.138428,-152.038574,336.30368,-104.49218
0.710205,0.094971,0.115479,-112.30468,313.842773,-115.783684
0.595581,-0.06543,0.12146,-90.698235,324.707001,-106.872551
0.514526,0.108032,0.06897,-72.387695,326.660126,-87.280266
0.202026,-0.017456,0.121338,-81.05468,338.19577,-93.444817
0.081787,-0.076538,-0.204834,-71.105957,400.817841,-88.623039
0.139404,-0.071533,-1.0896,-85.571281,442.382782,-82.763664
0.34375,-0.058716,-1.627686,-69.030762,372.680634,-93.444817
0.336182,-0.210327,-1.300659,-17.211914,256.652832,-103.637688
0.187622,-0.426636,-1.178345,-37.04834,214.111313,-89.11132
0.189819,-0.257202,-1.127686,-24.902342,168.823227,-54.992672
0.281372,-0.086914,-1.14563,-6.835937,133.605957,-47.607418
0.232178,-0.088135,-1.166992,-7.385253,110.41259,-62.07275
0.11145,-0.19873,-1.194824,5.859375,88.806145,-73.791504
0.092041,-0.268188,-1.218994,16.357422,66.955566,-74.09668
0.052856,-0.342285,-1.137329,1.708984,49.194332,-56.213375
0.081299,-0.241455,-1.231445,-6.103515,36.92627,-30.09033
0.078003,-0.261475,-1.194336,14.709472,0.671387,-22.3999
0.14209,-0.220947,-1.139893,25.512693,-31.005857,-15.930175
0.157227,-0.227295,-0.991699,23.864744,-46.264645,-10.498046
0.189331,-0.167236,-1.00354,22.338865,-33.081055,1.647949
0.21228,-0.148437,-1.039185,23.132322,-28.015135,5.249023
0.255859,-0.138916,-1.056152,24.658201,-41.564938,5.554199
0.273926,-0.130859,-1.062256,19.470215,-57.250973,4.699707
0.285034,-0.126099,-1.04895,20.019531,-68.54248,4.272461
0.302246,-0.105347,-0.960815,16.296387,-67.810059,6.469726
0.313599,-0.130615,-1.073242,-0.244141,-66.345215,7.568359
0.295044,-0.172119,-1.147827,-1.89209,-87.951653,13.916015
0.295288,-0.200928,-1.082886,5.187988,-100.402824,24.902342
0.340698,-0.096924,-1.272827,10.437011,-121.337883,25.024412
0.318481,-0.356934,-1.396362,-21.240232,-160.461426,40.100098
0.254517,-0.392334,-1.497559,-25.390623,-230.468735,81.420891
0.165771,-0.392822,-1.445679,4.02832,-322.143524,114.013664
0.128906,-0.356812,-1.621094,47.180172,-423.278778,149.536133
0.000122,-0.140381,-1.532471,146.484375,-562.011719,159.973145
0.016724,0.250488,-0.762939,179.62645,-634.277344,121.337883
0.102051,0.44165,-0.099609,114.501945,-603.210449,54.748531
0.158936,0.407104,0.267212,42.846676,-539.306641,-12.329101
0.262573,0.435669,0.464478,-28.686522,-466.97995,-76.23291
0.261353,0.241699,0.377563,-77.148437,-422.485321,-117.065422
0.213257,0.156006,0.483765,-79.284668,-401.916473,-110.351555
0.118042,0.362183,0.589966,-37.231445,-412.231415,-142.63916
0.01355,0.020996,1.107788,13.366698,-408.874481,-165.710434
-0.071655,-0.392334,1.512939,-7.385253,-335.571259,-109.802238
-0.047241,-0.313232,1.479004,-20.629881,-258.483887,-14.282226
0.022705,-0.194946,1.223755,-25.695799,-225.891098,6.04248
0.176392,-0.240234,1.149292,-6.652832,-191.711411,56.213375
0.248413,0.353271,1.152588,-32.287598,-156.921387,122.436516
0.2323,0.511963,0.998657,-68.17627,-129.150391,73.425293
0.119263,0.168213,1.161255,-76.904297,-126.03759,5.432128
0.04187,-0.029175,1.293457,-56.15234,-97.656242,10.742187
0.02124,0.157349,1.120972,-49.194332,-59.265133,42.907711
0.070435,0.250366,0.992798,-50.048824,-58.959957,35.03418
0.120605,0.178711,1.116577,-41.442867,-72.998047,21.789549
0.087524,0.235474,1.086304,-25.268553,-61.889645,22.949217
0.069214,0.076904,1.270874,-14.22119,-64.208984,15.258788
0.036987,0.283203,1.143188,19.348145,-40.283199,29.052732
0.018066,0.182251,1.053345,15.624999,-39.123535,0.244141
-0.015381,0.111084,1.098511,19.65332,-38.818359,-2.563476
-0.051147,0.156738,1.101807,25.512693,-29.052732,-1.342773
-0.041382,0.058472,1.096191,33.996582,-22.27783,-9.338379
-0.036499,0.13269,1.046753,35.400391,-11.413573,0.671387
-0.039917,0.144897,0.940796,21.850584,-3.234863,-3.601074
-0.033325,0.06311,1.000366,18.737793,-5.615234,-5.432128
-0.033813,0.108643,1.040771,13.610839,-2.075195,1.464844
-0.022583,0.105591,1.004395,5.493164,0.488281,-4.821777
0.010376,0.090454,0.987061,8.056641,-1.831055,-6.225585
0.013428,0.133667,0.993286,16.357422,-1.220703,-4.394531
0.006226,0.027588,1.006104,17.51709,0.610352,-8.972168
-0.007813,0.042847,1.00708,21.789549,3.540039,2.746582
-0.011719,0.084106,1.008545,24.597166,1.770019,3.601074
-0.001587,-0.004517,1.064209,25.085447,0.549316,-3.112793
0.014893,0.00647,1.081299,29.479979,6.652832,6.530761
0.009277,0.052856,1.053955,31.127928,17.700195,13.122558
0.008179,0.017334,1.081299,24.04785,23.803709,7.629394
0.005615,-0.036743,1.149536,26.916502,35.583496,9.58252
0.003296,-0.065308,1.158569,40.466305,56.396481,23.254393
-0.004639,-0.097656,1.203735,58.654781,79.956055,44.250484
0.008423,-0.111206,1.335449,66.345215,117.614738,56.213375
0.021606,-0.170288,1.408569,51.391598,153.564453,65.917969
0.080444,-0.163208,1.393799,56.335445,183.593735,80.078125
0.14624,-0.144653,1.218628,95.458977,196.289047,111.816399
0.096802,-0.08728,1.115479,135.681152,210.449203,147.155762
0.124146,-0.041748,0.988892,129.760742,223.999008,154.602051
0.234741,0.030029,0.944458,104.003899,207.885727,115.539543
0.334351,-0.194946,0.978516,106.872551,202.453598,93.811028
0.407227,-0.185181,0.744263,142.822266,207.336411,151.000977
0.550415,0.088501,0.723145,147.094727,195.861801,145.141602
0.746216,-0.122925,1.0177,93.566887,200.683578,95.092766
0.718262,-0.44043,1.254028,61.828609,259.58252,110.29052
0.545654,-0.368408,0.850586,102.294914,306.518555,173.706039
0.433594,-0.345093,0.71106,121.520988,317.626953,207.336411
0.394775,-0.246338,0.569702,117.187492,323.242157,230.041489
0.333618,-0.227295,0.446777,93.078606,328.24704,262.634277
0.316162,0.061279,0.257813,17.089844,334.16745,255.187973
0.230469,0.30188,-0.071655,-6.591796,336.730927,239.074692
0.395996,0.514771,-0.535034,45.898434,284.118652,221.862778
0.641602,0.441284,-0.311768,80.13916,230.957016,215.332016
0.582031,0.61731,-0.185669,93.627922,235.412582,221.252426
0.496704,0.635498,-0.354736,129.394531,261.901855,208.862289
0.373901,0.28186,-0.264526,144.348145,258.117676,199.096664
0.201416,0.514648,-0.348145,186.828598,257.69043,241.577133
0.144897,0.976074,-0.478394,238.037094,240.173325,255.126938
0.137573,1.168335,-0.55896,276.306152,204.650864,232.971176
0.075562,1.202271,-0.65625,259.277344,153.869629,202.453598
0.111084,1.263916,-0.429443,164.978012,84.411613,151.672363
0.100464,1.190186,-0.216553,107.788078,53.588863,100.158684
0.071777,1.161255,-0.233032,86.730949,59.326168,85.388176
0.036011,1.181885,-0.248291,69.030762,54.626461,81.17675
0.061768,1.166382,-0.114868,78.552246,41.748043,66.833496
0.064209,1.201294,-0.057129,88.439934,46.142574,46.508785
0.067139,1.227173,-0.126343,88.98925,52.001949,25.939939
0.057251,1.110596,-0.141968,69.519043,41.137691,14.648437
0.037109,1.116089,-0.109009,63.415524,25.329588,17.028809
0.092407,1.085815,0.005493,62.011715,18.737793,4.577637
0.127808,1.006104,0.0448,55.664059,26.489256,-8.972168
0.124756,1.0354,-0.028931,46.386715,33.203125,-13.000487
0.147705,0.994507,0.015137,41.381832,27.709959,-15.930175
0.131226,1.02417,-0.014404,33.26416,26.855467,-10.742187
0.125488,1.002563,-0.018188,24.414061,21.606443,-11.718749
0.162842,0.938843,0.064575,23.742674,18.127441,-16.662598
0.182617,0.994141,0.126709,23.620604,25.146482,-20.935057
0.172241,1.058716,0.119629,43.212887,38.757324,-32.043457
0.160034,1.139038,0.077393,54.077145,46.630856,-44.372555
0.163452,1.147705,0.141357,69.580078,47.851559,-61.218258
0.163696,1.145874,0.079834,77.087402,55.847164,-76.11084
0.184204,1.080688,0.093018,63.476559,50.903316,-86.120598
0.209473,1.173828,0.256958,56.945797,46.936031,-95.275871
0.264282,1.176147,0.343994,100.219719,71.105957,-130.737305
0.28833,1.206299,0.357788,134.765625,103.820793,-162.292465
0.314331,1.25,0.383911,102.60009,135.437012,-186.584457
0.305542,1.274902,0.33728,71.960449,155.700684,-210.571274
0.296753,1.330322,0.313721,70.739746,160.400391,-247.619614
0.342896,1.115967,0.359619,61.340328,175.048813,-280.517578
0.40332,0.854004,0.333984,34.240723,200.378403,-290.405273
0.481567,0.574341,0.256958,14.404296,227.600082,-296.325684
0.542236,0.337036,0.156006,27.648924,244.628891,-286.682129
0.562378,0.434204,0.002563,22.094725,251.95311,-275.939941
0.589233,0.422729,-0.04248,-23.803709,250.671371,-269.287109
0.60083,0.226807,-0.158081,-64.575195,237.243637,-256.04248
0.552734,0.144043,-0.119141,-88.012688,226.928696,-237.792953
0.4823,0.04248,-0.299438,-117.614738,231.750473,-226.928696
0.471313,-0.064819,-0.500732,-155.578613,192.565903,-213.378891
0.53064,-0.245972,-0.443115,-184.143051,159.301758,-195.37352
0.561401,-0.289673,-0.414307,-213.01268,142.51709,-177.490219
0.429932,-0.352783,-0.332275,-217.651352,158.325195,-178.527817
0.383911,-0.582764,-0.633423,-214.111313,148.254395,-156.860352
0.392944,-0.521606,-0.668945,-204.101547,92.285149,-145.568848
0.377075,-0.626465,-0.522705,-185.607895,69.091797,-153.564453
0.335571,-0.717285,-0.577515,-160.339355,61.828609,-160.705551
0.370605,-0.873779,-0.569824,-146.057129,39.306641,-157.043457
0.366821,-1.00647,-0.478149,-145.568848,37.780762,-147.766113
0.37085,-1.060913,-0.546265,-147.888184,40.40527,-121.704094
0.372925,-1.056641,-0.471436,-136.413574,18.493652,-96.496574
0.34314,-1.029053,-0.300903,-112.54882,3.723144,-74.707031
0.325317,-1.026123,-0.304199,-109.130852,16.784668,-60.791012
0.273926,-1.02063,-0.335205,-114.257805,23.010252,-49.560543
0.240601,-1.016113,-0.330444,-98.876945,20.202635,-46.142574
0.2677,-1.033203,-0.310791,-86.059563,15.808105,-47.729488
0.281738,-0.997681,-0.195679,-82.519524,12.756347,-51.696774
0.309326,-1.052002,-0.163574,-81.05468,23.986814,-56.823727
0.298706,-1.021362,-0.210571,-92.102043,33.447266,-52.36816
0.257813,-1.104248,-0.206543,-86.242668,23.437498,-48.522945
0.245483,-1.156738,-0.209961,-72.631836,14.709472,-31.188963
0.233765,-1.066895,-0.18042,-66.040039,7.93457,-13.549804
0.203491,-1.069336,-0.130981,-39.367676,2.746582,-9.70459
0.209351,-0.966675,-0.115723,-14.587401,2.502441,0.183105
0.225586,-0.944702,-0.127197,-13.244628,2.563476,-0.610352
0.254883,-0.995483,-0.132324,-26.000975,2.502441,-5.493164
0.260254,-1.001831,-0.105225,-43.273922,1.159668,-1.89209
0.243286,-0.940186,-0.076416,-47.424313,0.488281,2.258301
0.214111,-0.973267,-0.102051,-38.085937,-0.061035,-1.037598
0.213257,-0.95813,-0.067017,-33.02002,-3.845215,0.427246
0.240967,-1.002563,-0.087524,-45.410152,-0.488281,-1.525879
0.264648,-1.034912,-0.07666,-92.590324,-1.403808,3.295898
0.286255,-1.058105,-0.006226,-144.042969,-7.995605,8.789063
0.285156,-1.116333,0.118164,-167.480453,-14.343261,20.202635
0.254028,-1.16748,0.151367,-200.073227,-7.8125,49.621578
0.229614,-1.129028,0.104248,-261.291504,-5.310058,86.547844
0.251221,-1.16687,0.205566,-356.689423,-22.888182,105.163567
0.348999,-1.110962,0.577026,-475.891083,-39.672852,132.8125
0.382324,-0.884155,1.166748,-556.274414,-3.356933,171.508774
0.387573,-0.726562,1.345825,-633.850098,126.708977,166.809067
0.325562,-0.41687,1.363037,-556.884766,243.225082,94.055168
0.264648,-0.308105,1.116577,-409.790009,284.912109,24.658201
0.258301,-0.324341,0.892456,-304.199219,282.653809,9.765625
0.277954,-0.238525,0.734985,-254.272446,277.587891,22.644041
0.490845,-0.022827,0.682739,-180.725082,249.328598,9.460449
0.606934,0.105713,0.89856,-139.648437,249.450668,-25.756834
0.631836,0.179077,0.913086,-157.653809,290.405273,-66.955566
0.532837,0.09082,0.614136,-118.164055,331.176727,-86.486809
0.49585,0.115723,0.290161,-66.223145,326.23288,-95.031731
0.562988,0.183594,0.182617,-45.410152,292.724609,-118.041985
0.602905,0.221436,0.293335,-25.207518,302.246094,-137.329102
0.484009,0.061035,0.132202,-57.067867,349.243134,-158.203125
0.37561,-0.202637,-0.313721,-82.153313,367.30954,-164.367661
0.357666,-0.220093,-0.526367,-20.446775,327.514618,-177.795395
0.297241,-0.577637,-0.441162,31.249998,333.984344,-177.85643
0.414917,-0.853149,-0.695312,-38.635254,343.99411,-106.811516
0.581543,-0.562622,-1.243652,-6.286621,263.244629,-66.894531
0.659424,-0.521851,-1.237061,59.143063,156.25,-68.847656
0.499512,-0.598755,-0.802612,65.795898,136.657715,-47.729488
0.361206,-0.561646,-0.719604,43.823238,169.616684,-24.29199
0.313232,-0.417236,-1.002197,6.896972,150.20752,-45.166012
0.369873,-0.544678,-1.011353,-4.882812,127.258293,-55.786129
0.361206,-0.598633,-1.010986,-9.460449,97.045891,-47.729488
0.35498,-0.580444,-0.959351,5.493164,68.969727,-29.296873
0.367065,-0.461792,-0.920532,10.681151,40.039062,-11.779784
0.396973,-0.460449,-1.006226,22.27783,16.906738,-10.498046
0.370361,-0.529785,-0.965332,39.855957,-3.601074,-5.371093
0.360962,-0.424927,-0.876709,43.762203,-9.94873,10.009766
0.349365,-0.442627,-0.877441,22.888182,-10.375976,7.568359
0.397095,-0.40686,-0.865967,11.718749,-4.089355,6.530761
0.421997,-0.396118,-0.896851,0.915527,0.366211,4.211426
0.419434,-0.373047,-0.854858,2.990722,-8.972168,3.051758
0.431885,-0.350464,-0.814941,7.568359,-13.732909,0.244141
0.449341,-0.386597,-0.84668,9.94873,-10.498046,-3.417969
0.475464,-0.366211,-0.868408,10.986327,-14.038085,-1.708984
0.45874,-0.385986,-0.87085,8.239746,-20.629881,-3.845215
0.441162,-0.394165,-0.855225,11.291503,-30.700682,-2.13623
0.450562,-0.385132,-0.801025,14.22119,-35.888672,1.464844
0.484985,-0.383911,-0.920166,15.99121,-32.165527,5.493164
0.496826,-0.397095,-0.996338,22.338865,-47.363277,8.972168
0.495239,-0.416382,-0.989746,29.174803,-72.32666,12.817382
0.488647,-0.450073,-1.016479,28.015135,-95.581047,19.958496
0.498291,-0.457153,-0.973755,29.846189,-123.168938,33.752441
0.484619,-0.358887,-0.886597,38.330078,-144.287109,48.522945
0.522339,-0.416382,-0.905518,55.114742,-157.043457,52.612301
0.553589,-0.419922,-1.009399,76.35498,-174.560532,69.213867
0.619507,-0.341675,-1.172974,96.862785,-210.327133,84.045403
0.630981,-0.359741,-1.108643,115.600578,-266.174316,84.167473
0.511841,-0.257446,-0.852661,129.943848,-318.237305,90.270988
0.523071,-0.053101,-0.615723,157.470703,-375.488251,88.74511
0.636475,0.082764,-0.412964,172.790512,-417.846649,62.622066
0.582153,0.025391,-0.297119,164.489731,-416.870087,20.019531
0.568481,0.040039,-0.236084,134.216309,-419.006317,-15.197753
0.59021,0.221802,0.015259,58.715816,-418.640106,-59.814449
0.479736,0.285034,0.292114,-1.89209,-388.305634,-129.577637
0.329224,-0.019897,0.433594,-57.922359,-338.745087,-158.752441
0.312622,-0.225708,0.543579,-76.477051,-294.311523,-123.718254
0.206665,-0.295654,0.49353,-66.52832,-285.583496,-74.401855
0.141479,-0.154907,0.650635,-3.540039,-313.659668,-41.870113
0.155762,0.036255,1.002686,6.835937,-307.189941,-75.622559
0.158813,-0.218262,1.187622,10.437011,-259.338379,-102.416985
0.183594,-0.453735,1.265991,-2.868652,-203.430161,-57.861324
0.252197,-0.296387,1.297974,-11.169433,-146.240234,-15.380858
0.272217,-0.115479,1.180786,-24.658201,-110.961906,-23.742674
0.282471,-0.245117,1.229492,-19.40918,-95.764153,-27.038572
0.265381,-0.267456,1.320801,-11.657714,-58.776852,-1.159668
0.252808,-0.09082,1.214844,-22.827147,-28.015135,-1.037598
0.235718,-0.151367,1.234619,-39.367676,-5.249023,-15.624999
0.189941,-0.26001,1.175293,-46.386715,12.756347,-2.746582
0.206543,-0.1604,0.904541,-14.770507,-33.02002,4.882812
0.211426,-0.112427,1.25708,12.756347,-28.137205,3.784179
0.260498,-0.042236,1.075928,-22.15576,0.366211,-18.737793
0.271606,-0.056152,0.963379,-30.761717,-3.479004,-25.085447
0.206543,-0.098022,0.986694,-34.301758,-8.422852,-41.259762
0.23291,-0.146729,1.055176,-42.968746,-6.652832,-43.762203
0.23938,-0.138306,1.005371,-63.232418,3.662109,-43.823238
0.313965,-0.119141,0.986084,-59.997555,3.479004,-38.085937
0.257446,-0.10022,0.957031,-39.855957,4.02832,-29.541014
0.262329,0.027954,0.970215,-39.794922,0.12207,-29.479979
0.290039,0.064575,1.033569,-91.796867,-0.488281,-67.321777
0.195801,-0.208008,0.99585,-111.816399,6.530761,-92.77343
0.247437,-0.09436,1.020142,-91.186516,2.624511,-54.931637
0.354858,-0.18335,0.906982,-45.471188,10.742187,-28.686522
0.266235,-0.147949,0.96582,21.240232,4.211426,3.784179
0.257935,-0.039551,1.055298,61.95068,4.089355,24.780272
0.267578,-0.042114,0.96228,70.556641,19.348145,25.939939
0.300049,-0.10437,0.750488,10.864257,15.441894,24.780272
0.268799,-0.096191,0.837769,41.809078,-20.935057,43.457027
0.25647,-0.041992,1.049072,60.485836,-43.090816,59.204098
0.197998,0.011353,1.247192,36.987305,-43.334957,53.039547
0.162231,0.043945,1.459595,32.348633,-13.122558,45.410152
0.203491,-0.0271,1.460083,30.456541,52.24609,39.611816
0.275879,-0.362427,1.218506,28.869627,121.032707,34.973145
0.247314,-0.36145,1.160156,61.035152,143.005371,89.477531
0.230713,-0.196777,1.231079,83.679192,152.587891,141.845703
0.288818,-0.184814,1.129517,99.304192,179.62645,157.104492
0.403076,-0.281738,1.178955,118.10302,181.335434,167.846664
0.330933,-0.348877,1.331665,121.276848,185.424789,191.833481
0.213379,-0.262573,1.16394,151.916504,243.103012,247.924789
0.413574,0.193359,0.800903,121.643059,298.400879,287.963867
0.638062,0.483521,0.761353,21.057127,290.466309,224.426254
0.525757,0.095215,0.95105,-59.814449,281.005859,104.37011
0.50293,-0.163696,0.750854,-71.594238,332.702606,78.979492
0.580322,-0.075562,0.443726,-48.33984,368.225067,113.708488
0.56897,-0.075684,0.303589,-19.775391,336.914032,120.788567
0.421753,-0.221191,0.376221,-21.240232,278.320312,122.619621
0.147095,-0.169312,0.490845,-15.441894,337.524384,198.852524
0.159424,0.447144,0.003906,-62.866207,443.176239,207.397446
0.416382,0.684082,-0.733521,-79.89502,416.503876,123.535149
0.435181,0.470581,-0.710449,-1.586914,328.124969,62.622066
0.365112,0.015015,-0.809448,-44.860836,279.724121,97.595207
0.436768,0.358032,-0.847778,-54.26025,224.121078,137.756348
0.52832,0.749268,-0.642578,-34.729004,204.040512,80.505363
0.42395,0.452759,-0.737061,-113.342278,229.125961,61.584469
0.234009,0.539062,-1.194458,-161.132797,224.426254,55.786129
0.219238,0.561401,-1.408569,-111.877434,143.188477,9.460449
0.238525,0.427368,-1.168701,-63.110348,84.594719,-10.19287
0.311646,0.348877,-0.796265,-153.137207,98.388664,-6.469726
0.30957,0.325195,-0.935913,-136.169434,146.606445,-9.521484
0.166748,0.296753,-1.471802,-90.270988,91.735832,-15.624999
0.190308,0.21521,-1.350586,-47.485348,23.620604,-15.075683
0.208984,0.209106,-1.123535,-1.89209,-5.615234,-13.366698
0.264771,0.230957,-0.94873,5.737304,-10.742187,-17.944336
0.339722,0.26001,-0.882935,0.732422,6.04248,-15.86914
0.310547,0.22583,-0.995605,-0.976562,16.174316,-14.831542
0.263062,0.16394,-1.041504,-0.183105,4.638672,-9.216309
0.267456,0.15625,-0.980103,11.169433,-14.648437,-5.798339
0.31189,0.191162,-0.892822,8.361816,-20.324705,-2.380371
0.342041,0.226685,-0.976196,-2.746582,-20.019531,3.540039
0.381958,0.270996,-1.015625,-14.587401,-26.977537,4.638672
0.334961,0.185547,-0.971313,-9.277344,-32.958984,-1.953125
0.301514,0.089111,-1.105469,4.394531,-32.531738,10.864257
0.319336,0.175781,-1.128784,13.183593,-58.349606,41.320797
0.218628,0.363159,-1.00647,40.893551,-99.548332,56.457516
0.51123,0.485229,-0.744263,-101.745598,-122.00927,60.913082
0.653809,0.22168,-0.666138,-67.016602,-84.899895,24.29199
0.460815,0.115356,-0.977661,20.690916,-36.92627,13.000487
0.364258,0.059814,-1.303345,34.912109,-41.931149,41.625973
0.342285,0.206787,-1.446655,63.476559,-106.201164,66.589355
0.352417,0.525635,-1.205811,129.02832,-176.757797,41.198727
0.512451,0.518188,-0.697632,158.14209,-216.613754,-35.095215
0.570679,0.316284,-0.500366,95.581047,-194.519028,-72.387695
0.515015,0.322266,-0.917603,62.011715,-157.897949,-65.307617
0.451416,0.262695,-1.10022,94.90966,-193.969711,-61.279293
0.484375,0.515381,-1.033203,140.625,-254.760727,-51.574703
0.464111,0.575684,-0.659058,167.358383,-311.889648,-93.078606
0.512085,0.297607,-0.21582,141.662598,-344.177216,-155.090332
0.500366,0.251099,-0.100586,111.328117,-325.988739,-163.513168
0.489014,0.305054,-0.25647,98.449699,-292.297363,-168.02977
0.463623,0.191772,-0.095947,83.496086,-303.405762,-191.406235
0.440918,-0.02771,0.160156,68.725586,-316.162109,-206.603989
0.411743,-0.076782,0.279053,52.551266,-314.27002,-201.965317
0.397705,-0.329224,0.437866,41.809078,-316.589355,-201.354965
0.303955,-0.612183,0.627319,11.230468,-322.021454,-163.085922
0.3479,-0.203735,0.618286,-21.850584,-301.086426,-90.515129
0.391235,-0.063965,0.866211,-32.897949,-304.077148,-114.929192
0.40686,-0.354492,1.185303,-67.993164,-290.161133,-160.27832
0.414307,-0.297119,1.203979,-106.323235,-243.347153,-138.122559
0.379883,-0.209595,1.223022,-135.803223,-211.425766,-126.342766
0.275879,-0.304077,1.234131,-102.47802,-178.771957,-122.985832
0.381226,-0.387451,1.336914,-38.024902,-149.169922,-78.491211
0.303101,-0.150146,1.364136,-44.006344,-98.205559,-74.768066
0.191772,-0.311279,0.970703,-20.26367,-94.177238,-69.763184
0.135498,-0.259033,1.096191,-4.455566,-101.257317,-34.240723
0.114868,-0.060913,1.198486,-12.329101,-81.237785,-51.147457
0.11731,-0.177002,1.111084,1.403808,-62.683102,-58.593746
0.046631,-0.089478,1.014648,16.601562,-65.368652,-54.992672
0.049927,-0.13269,1.160034,-11.657714,-59.753414,-80.383293
0.138794,-0.214233,1.15625,-10.31494,-40.954586,-73.059082
0.038574,-0.177979,1.165405,-7.93457,-19.714355,-48.034664
0.013794,-0.26355,0.984253,0.671387,-12.451171,-42.785641
0.06897,-0.243164,1.112427,-3.295898,-17.456055,-29.418943
0.083984,-0.252808,1.166748,-11.291503,6.16455,-19.104004
0.084351,-0.291626,0.987427,13.97705,17.51709,18.737793
0.069214,-0.201172,0.979858,29.907225,8.300781,31.86035
0.093506,-0.268066,1.06543,27.587889,11.535644,33.203125
0.14978,-0.45874,1.057251,52.24609,20.996092,83.862297
0.21936,-0.532959,1.038696,61.767574,17.76123,164.611801
0.106201,-0.421265,1.103882,17.456055,27.526854,217.102036
0.047363,-0.18689,0.983398,-55.664059,45.043941,219.238266
0.054932,0.234131,0.761963,-90.454094,38.452148,159.545898
0.030884,0.691406,0.505615,-93.322746,19.226074,86.425774
0.124023,0.871094,0.458984,-99.365227,-51.086422,-121.582024
0.065918,0.635376,0.779297,-66.52832,-120.605461,-315.612793
-0.047485,-0.177979,1.294067,-28.869627,-149.597168,-434.692352
-0.125,-0.404175,1.73877,-110.107414,-117.919914,-380.065887
-0.217773,-1.217041,1.385254,-99.365227,-30.2124,-294.189453
0.170898,-1.417358,1.44873,46.020504,21.606443,-46.813961
-0.043457,-0.559692,1.500366,72.753906,92.834465,244.811996
-0.147827,-0.19165,0.947754,48.156734,179.74852,349.365204
-0.210205,0.20874,0.315552,110.046379,155.395508,377.685516
-0.158447,0.965942,0.313599,119.445793,29.357908,297.302246
0.033569,1.118164,0.706177,-6.591796,-70.373535,22.521971
0.069092,0.449951,0.846802,-73.059082,-104.553215,-250.488266
0.053345,-0.18396,1.10083,-52.429195,-131.04248,-345.092743
0.033447,-0.745117,1.488525,-10.925292,-120.483391,-292.96875
0.115479,-1.027588,1.637939,-6.347656,-41.259762,-138.977051
0.097046,-0.712769,1.494629,6.225585,53.283688,56.396481
0.012939,-0.379517,1.213623,11.840819,119.018547,178.100571
-0.038208,-0.300049,0.879272,30.517576,144.226074,236.389145
-0.119385,0.203979,0.450317,59.204098,120.788567,277.099609
-0.074097,1.01709,0.271851,25.756834,30.944822,186.523422
0.111328,0.771851,0.642456,-48.645016,-74.829102,-76.477051
0.107666,0.029175,0.951904,-72.692871,-118.164055,-243.774399
0.060181,-0.259521,1.150513,-37.109375,-124.633781,-249.572739
0.104126,-0.687256,1.500854,16.845703,-107.727043,-195.007309
0.19397,-0.852295,1.706177,17.272949,-25.451658,-55.480953
0.127563,-0.452026,1.439575,-6.530761,84.228508,102.294914
0.05481,-0.348145,1.105469,3.295898,138.977051,180.786118
-0.067627,-0.197021,0.741089,41.870113,151.245117,244.26268
-0.104248,0.316528,0.435547,57.739254,98.327629,255.249008
-0.078247,0.623901,0.414551,-8.605957,3.112793,132.385254
0.046753,0.880737,0.512207,-76.293945,-71.350098,-90.270988
0.113159,0.46106,0.634644,-52.062984,-134.521484,-239.196762
0.061523,0.005981,1.010742,3.601074,-162.414536,-273.010254
0.0448,-0.405884,1.36731,22.827147,-126.586906,-226.74559
0.066895,-0.709473,1.539917,17.028809,-43.334957,-108.764641
0.165039,-0.763794,1.565308,2.258301,44.006344,46.142574
0.10144,-0.391235,1.459229,-13.427733,119.384758,146.972656
0.047485,-0.358765,1.131714,10.131835,160.644516,208.435043
-0.064697,-0.206421,0.699219,69.824219,137.451172,269.104004
-0.147217,0.447754,0.345947,68.481445,44.128414,214.111313
-0.030884,1.091919,0.362183,-12.451171,-58.959957,-30.578611
0.08252,0.507568,0.624268,-30.2124,-125.427238,-236.511215
0.049194,-0.048584,0.863647,26.977537,-157.165527,-266.113281
0.032959,-0.330688,1.249023,72.387695,-145.996094,-235.290512
0.076904,-0.781616,1.605713,53.222652,-72.143555,-139.526367
0.193726,-1.002075,1.777466,12.512206,34.423828,35.705566
0.062012,-0.584351,1.553345,-6.469726,134.887695,167.480453
-0.041992,-0.428345,1.018799,26.611326,169.067368,236.755356
-0.119385,-0.196655,0.556152,83.679192,123.291008,284.973145
-0.158936,0.427612,0.325806,57.128902,20.324705,214.233383
-0.028442,1.025391,0.45459,-22.827147,-60.607906,-31.127928
0.082886,0.468994,0.70459,-25.695799,-105.041496,-238.830551
0.041992,-0.260376,0.959961,6.835937,-120.056145,-270.812988
0.013306,-0.547607,1.286865,69.763184,-123.291008,-242.980942
0.102539,-0.840576,1.508057,97.228996,-79.467773,-172.119125
0.203735,-1.042603,1.567505,75.744629,-6.652832,-43.151852
0.091675,-0.617798,1.297119,46.203609,70.556641,118.469231
0.041748,-0.481079,1.055786,26.977537,108.093254,189.025864
-0.068848,-0.337524,0.748901,41.564938,117.309563,240.417465
-0.115479,0.258911,0.447388,35.27832,77.453613,238.830551
-0.026978,0.687988,0.488037,-44.006344,0.12207,82.153313
0.091919,0.379761,0.633911,-66.711426,-51.574703,-124.450676
0.086426,0.059082,0.818237,-18.676758,-89.843742,-239.257797
0.021118,-0.477905,1.160156,43.212887,-107.727043,-286.987305
0.015991,-1.00415,1.331055,57.067867,-76.782227,-233.215317
0.145386,-1.091064,1.430542,37.109375,-21.606443,-87.463371
0.133789,-0.743042,1.423706,3.112793,42.114254,67.077637
0.070801,-0.474121,1.083374,-18.676758,106.018059,151.489258
-0.002686,-0.498657,0.743652,5.615234,123.962395,205.20018
-0.094116,-0.046387,0.50354,23.742674,89.050285,255.371078
-0.070312,0.727783,0.437256,-30.578611,15.624999,170.837387
0.088013,0.548828,0.614868,-72.814941,-53.649899,-70.068359
0.099609,-0.04248,0.808594,-51.391598,-96.740715,-224.365219
0.013916,-0.210327,1.000488,5.371093,-121.887199,-257.446289
0.030396,-0.701782,1.341064,54.992672,-118.774406,-259.399414
0.131592,-1.223145,1.614746,31.005857,-59.631344,-160.27832
0.115601,-0.996582,1.591431,-17.63916,38.513184,36.437988
0.013306,-0.507324,1.232422,-38.146973,126.708977,173.278793
-0.11377,-0.543457,0.792847,-9.155273,164.855942,232.971176
-0.177368,-0.099487,0.375244,35.949707,127.990715,291.015625
-0.10498,0.80835,0.306885,13.732909,24.475096,223.266586
0.10498,0.771362,0.57251,-46.630856,-61.645504,-28.564451
0.094116,0.129517,0.767334,-55.419918,-103.820793,-221.923813
0.036865,-0.054565,0.878052,12.329101,-140.014648,-282.958984
0.009888,-0.583862,1.275269,65.368652,-131.652832,-261.108398
0.070557,-1.120117,1.636353,31.066893,-54.504391,-127.624504
0.114624,-1.080444,1.628174,0.732422,49.987789,56.457516
0.067871,-0.533936,1.283813,-8.361816,115.051262,161.743149
0.016724,-0.524536,0.987793,18.493652,140.930176,222.83934
-0.102539,-0.402954,0.641846,47.180172,114.19677,286.92627
-0.116943,0.299072,0.371338,10.253905,23.681639,219.665512
-0.002686,0.834106,0.541382,-55.358883,-48.156734,-6.652832
0.132935,0.348511,0.699463,-83.251945,-78.857422,-189.086899
0.078735,0.042358,0.794189,-12.451171,-120.605461,-251.831039
-0.025024,-0.28772,1.058228,69.519043,-137.451172,-279.907227
0.022095,-0.972168,1.451538,64.63623,-89.172356,-192.810043
0.180664,-1.253296,1.673218,2.563476,11.901855,4.455566
0.122192,-0.743652,1.511963,-31.677244,106.079094,158.508301
0.052856,-0.550903,1.170288,-20.324705,160.766586,230.590805
-0.116821,-0.468262,0.70105,23.864744,150.45166,307.006836
-0.185425,0.256836,0.277222,-2.441406,49.865719,255.065903
-0.040405,0.875488,0.440796,-67.260742,-42.968746,25.329588
0.075073,0.38501,0.641968,-78.796387,-80.13916,-174.377426
0.065796,0.087646,0.692993,-22.460936,-130.065918,-234.802231
-0.054687,-0.014893,0.963867,78.674316,-166.686996,-299.743652
-0.030151,-0.801636,1.414795,99.121086,-159.118652,-300.354004
0.14978,-1.291138,1.757813,53.161617,-80.93261,-173.278793
0.124756,-0.990479,1.704468,-17.150879,42.480465,47.973629
-0.009521,-0.490112,1.267212,-51.574703,146.240234,191.772446
-0.148315,-0.470459,0.756836,-17.700195,186.279282,253.601059
-0.19812,0.042847,0.275269,33.14209,138.061523,298.522949
-0.089233,0.829346,0.310913,2.624511,18.676758,207.458481
0.066772,0.599121,0.615234,-58.227535,-62.927242,-36.071777
0.138916,0.053955,0.786255,-68.481445,-102.355949,-191.894516
0.024536,-0.110596,1.06311,8.300781,-136.413574,-227.539047
0.026489,-0.630737,1.373535,81.970207,-133.728027,-238.769516
0.172119,-1.128174,1.685913,68.481445,-75.683594,-145.263672
0.169434,-0.842896,1.668091,0.488281,35.888672,43.395992
0.075928,-0.415649,1.218628,-40.52734,134.70459,163.940414
-0.086426,-0.429932,0.765991,-11.596679,166.13768,218.200668
-0.147705,0.092651,0.348389,36.132812,122.985832,258.178711
-0.075684,0.689087,0.392212,1.342773,15.380858,155.212402
0.091187,0.34436,0.641724,-45.471188,-56.701656,-55.725094
0.135498,0.002197,0.803345,-40.893551,-90.576164,-158.203125
0.049072,-0.021606,1.01001,3.295898,-117.309563,-194.702133
0.045166,-0.643311,1.301514,64.880371,-118.530266,-222.900375
0.147217,-1.13147,1.62207,62.011715,-68.237305,-122.497551
0.141724,-0.740112,1.638672,-0.549316,32.226562,56.945797
0.067139,-0.417114,1.242798,-43.640133,121.948235,145.874023
-0.043091,-0.438721,0.764893,-14.892577,155.578613,196.655258
-0.114502,0.267578,0.307861,3.051758,115.722649,238.525375
0.010132,0.741089,0.358032,-47.424313,12.878417,111.816399
0.137085,0.152466,0.719238,-60.852047,-62.622066,-78.00293
0.104858,0.02771,0.902466,-40.283199,-95.458977,-140.380859
0.030884,0.172485,0.908203,20.751951,-120.666496,-191.223129
0.016357,-0.411743,1.151855,91.613762,-142.333984,-255.920395
0.020752,-0.770386,1.375854,83.496086,-105.468742,-195.617661
0.121216,-1.108887,1.732056,5.004883,3.295898,-27.648924
0.066406,-0.80603,1.551758,-41.564938,112.915031,134.277344
0.014526,-0.464844,1.189941,-39.428711,164.978012,206.665024
-0.114624,-0.449219,0.801025,12.329101,169.92186,273.193359
-0.149048,0.099976,0.313843,39.794922,77.514648,260.437012
-0.006104,0.676025,0.465942,-5.126953,-27.770994,96.80175
0.093262,0.406738,0.765991,-59.93652,-52.734371,-83.312981
0.141479,0.128296,0.716919,-59.448238,-88.623039,-158.508301
0.061157,0.221313,0.84314,31.799314,-134.033203,-236.145004
-0.02002,-0.367065,1.127197,91.247551,-132.568359,-260.253906
0.066162,-0.964966,1.444092,79.040527,-78.735352,-142.883301
0.20874,-0.944946,1.702148,9.460449,23.071287,22.094725
0.098511,-0.618286,1.460083,-47.546383,119.934074,134.155273
0.036865,-0.570679,1.09314,-39.916992,161.560043,214.233383
-0.140259,-0.342407,0.641968,-5.187988,144.042969,281.982422
-0.078247,0.388062,0.305298,-8.605957,44.372555,210.082993
0.014771,0.714722,0.55896,-46.020504,-41.809078,4.943848
0.119141,0.229126,0.738525,-63.293453,-72.998047,-135.986328
0.095337,0.254883,0.745605,-35.095215,-115.173332,-201.782211
-0.0177,0.097534,0.92395,62.866207,-155.517578,-288.330078
-0.008789,-0.831909,1.40332,93.811028,-129.089355,-233.093246
0.134888,-1.15979,1.780884,68.786621,-78.063965,-139.892578
0.116455,-0.685791,1.583862,-1.831055,50.109859,56.457516
0.040039,-0.427246,1.228271,-34.545898,134.82666,153.137207
-0.060303,-0.548706,0.886963,-17.028809,171.386703,215.637192
-0.159424,-0.037109,0.389282,24.963377,149.780273,290.100098
-0.03418,0.77124,0.314453,7.690429,42.175289,226.379379
0.091187,0.676636,0.643921,-50.659176,-49.682613,0.183105
0.130493,0.154175,0.714844,-82.641594,-88.073723,-171.142563
0.070679,0.039673,0.925171,-18.127441,-136.71875,-224.487289
-0.022095,-0.283813,1.223511,73.913574,-154.724121,-257.080078
0.04834,-0.908691,1.539673,80.01709,-112.487785,-224.792465
0.183472,-1.109009,1.736084,28.19824,-16.784668,-63.232418
0.048218,-0.626709,1.473389,-25.207518,98.937981,127.502434
-0.019287,-0.429077,1.011841,-52.36816,176.208481,220.886215
-0.101807,-0.108643,0.470703,-13.793944,177.490219,278.869629
-0.05188,0.464722,0.32666,32.165527,80.383293,256.225586
0.025879,0.694824,0.686279,-14.587401,-24.353025,97.778313
0.131226,0.210327,0.739258,-79.284668,-54.016109,-88.684074
0.132324,0.149414,0.748413,-63.110348,-93.811028,-155.944824
0.038818,0.179443,0.953125,16.845703,-142.272949,-213.195786
0,-0.552612,1.338867,81.848137,-155.639648,-264.648437
0.147095,-1.081299,1.734497,69.030762,-89.294426,-165.222153
0.143921,-0.855835,1.714355,9.58252,35.217285,31.372068
0.036133,-0.495972,1.356079,-34.362793,142.944336,168.212875
-0.108154,-0.423584,0.801025,-30.2124,197.631821,242.797836
-0.126099,0.176147,0.200317,21.118162,158.38623,292.663574
0.000854,0.769531,0.335327,23.620604,22.827147,203.30809
0.091675,0.625122,0.695068,-42.236324,-57.617184,-2.441406
0.132202,0.24353,0.700439,-88.439934,-88.562004,-157.836914
0.053711,0.154053,0.973755,-24.16992,-149.414062,-231.628403
-0.03479,-0.424316,1.374023,67.871094,-168.212875,-280.029297
-0.007202,-0.765991,1.498779,76.965332,-105.163567,-206.9702
0.181885,-0.99707,1.666504,37.109375,-2.197266,-25.695799
0.147949,-0.674805,1.601318,-9.94873,103.149406,129.455566
0.025879,-0.515015,1.300171,-44.128414,185.54686,218.322739
-0.119873,-0.34436,0.699097,-3.417969,187.377914,289.672852
-0.160889,0.44043,0.173828,4.394531,63.96484,226.74559
0.011597,0.954102,0.367676,-48.095699,-53.100582,1.342773
0.125366,0.334351,0.676025,-71.777344,-98.999016,-154.35791
0.145264,0.127319,0.818848,-16.540527,-140.441895,-192.077621
0.027466,0.036865,1.158569,61.645504,-157.836914,-240.4785
-0.013184,-0.682251,1.500732,70.861816,-106.445305,-196.899399
0.167969,-1.023438,1.659302,38.269043,-5.798339,-14.587401
0.111328,-0.564209,1.531372,2.13623,94.116203,130.249023
0.078247,-0.400513,1.208984,-24.597166,150.878906,190.185532
-0.033569,-0.424316,0.881226,0.732422,166.198715,268.310547
-0.110718,0.185791,0.403687,32.897949,95.031731,257.324219
-0.015991,0.675415,0.42981,-13.000487,-13.366698,98.632805
0.044434,0.54187,0.661011,-80.322258,-54.504391,-81.17675
0.152222,0.272095,0.629761,-78.613281,-104.797356,-170.471176
0.079102,0.359863,0.834351,3.479004,-163.269028,-250.671371
-0.052734,-0.163208,1.230957,77.941895,-174.743637,-301.757812
0.018677,-0.869263,1.616943,70.43457,-97.534172,-196.838364
0.193726,-1.015991,1.788208,45.104977,-37.109375,-101.074211
0.076538,-0.60144,1.560059,-5.554199,86.425774,89.294426
-0.029419,-0.418579,1.119019,-41.259762,178.588852,197.570786
-0.14978,-0.080322,0.481445,-18.554687,203.796371,269.958496
-0.123413,0.763794,0.102173,-7.568359,102.72216,238.403305
0.055176,0.768188,0.517334,-23.315428,-41.259762,29.174803
0.077393,0.187622,0.72876,-62.19482,-95.886223,-141.601562
0.033813,0.215454,0.87439,-36.987305,-143.188477,-202.026352
-0.004028,-0.315552,1.308838,50.781246,-180.114731,-255.310043
0.073608,-0.870117,1.697388,59.753414,-127.319328,-190.917953
0.123047,-0.702026,1.699707,15.136718,-4.821777,-23.193357
0.034302,-0.422852,1.430664,-36.560059,103.332512,98.632805
-0.00647,-0.484619,1.10791,-50.598141,173.217758,177.001938
-0.118896,-0.115479,0.557861,-8.361816,192.016586,266.967773
-0.090454,0.578979,0.196655,21.606443,106.079094,259.155273
-0.009888,0.786011,0.517578,11.718749,-22.583006,95.520012
0.109131,0.260498,0.776123,-38.635254,-82.092278,-94.055168
0.045898,0.317749,0.851196,-37.475586,-121.948235,-167.9077
-0.078735,0.222168,0.940918,41.320797,-165.283188,-254.821762
-0.001099,-0.612915,1.408813,99.060051,-184.875473,-302.978516
0.149292,-0.697876,1.904175,25.268553,-99.060051,-167.846664
0.081909,-0.762573,1.623657,-43.823238,48.278805,-29.174803
-0.010742,-0.696655,1.403809,-7.385253,140.441895,119.140617
-0.172485,-0.446045,1.055054,-15.86914,213.317856,261.291504
-0.256226,0.142456,0.300171,19.348145,219.177231,333.801239
-0.074585,0.916382,0.106445,40.710445,76.23291,253.96727
0.083984,0.787964,0.655518,7.263183,-60.119625,25.024412
0.124146,0.151733,0.821045,-62.011715,-91.979973,-148.193359
0.009521,0.057739,0.919067,-25.817869,-122.863762,-187.316879
0.037354,-0.095825,1.139038,57.617184,-148.193359,-219.238266
0.113159,-0.658813,1.476074,79.162598,-125.549309,-198.913559
0.147583,-0.793579,1.608032,44.067379,-34.851074,-63.720699
0.131348,-0.633179,1.612183,2.624511,67.077637,73.059082
0.063354,-0.415894,1.338013,-15.319823,138.427734,151.916504
-0.055176,-0.525879,1.014526,-2.624511,174.987778,243.347153
-0.131592,-0.026123,0.53418,41.931149,122.00927,278.503418
-0.063354,0.684082,0.420288,2.197266,15.747069,149.963379
0.04834,0.864014,0.543213,-73.303223,-49.499508,-68.359375
0.142212,0.372437,0.639771,-76.11084,-105.773918,-199.584946
0.057129,-0.008057,1.064209,1.831055,-144.592285,-240.844711
0.01062,-0.429321,1.414063,36.193848,-109.497063,-206.542953
0.13855,-0.66748,1.436768,36.376953,-39.18457,-89.660637
0.200317,-0.540161,1.408569,16.357422,34.057617,37.353516
0.144287,-0.335205,1.391113,-9.887695,95.397942,110.29052
0.115723,-0.408813,1.26416,-16.174316,159.484863,178.222641
-0.03894,-0.245117,0.74585,28.625486,159.973145,248.779282
-0.057983,0.359131,0.394043,31.677244,59.265133,197.998032
0.016846,0.71521,0.558716,-29.357908,-24.16992,26.611326
0.07373,0.383423,0.687256,-89.965813,-64.453125,-126.647942
0.114624,0.263916,0.643677,-86.669914,-113.159172,-188.293442
0.018555,0.266357,0.917603,-21.667479,-170.288071,-261.59668
-0.013672,-0.311523,1.438354,-0.305176,-145.141602,-259.460449
0.106445,-0.672241,1.608154,-8.117676,-38.818359,-129.760742
0.214844,-0.520508,1.339722,6.286621,8.361816,-51.208492
0.090576,-0.053711,1.103149,42.480465,55.175777,64.819336
0.067383,0.125244,0.945068,54.077145,67.504883,69.946289
0.074829,-0.088257,0.918335,46.936031,53.527828,36.865234
0.047119,-0.120361,0.915161,35.583496,40.64941,43.823238
0.068481,-0.130981,1.065796,30.517576,24.29199,44.372555
0.084717,-0.269287,1.289673,28.320311,22.338865,40.466305
0.086548,-0.334351,1.439209,31.921385,56.823727,65.124512
0.071411,-0.290527,1.414917,30.578611,122.314445,105.895988
0.102173,-0.22583,1.429321,12.634276,158.325195,121.582024
0.114624,-0.221924,1.522339,-10.0708,175.96434,121.520988
0.090454,-0.241333,1.389893,-12.939452,211.791977,130.432129
0.130127,-0.0896,1.251221,20.874022,245.544418,166.01561
0.212891,0.266235,1.319092,11.474608,277.709961,170.654282
0.182983,0.287964,1.208374,-37.536621,339.294403,107.727043
0.185791,-0.038208,0.96875,-49.377438,385.742157,53.100582
0.218994,-0.066162,0.86438,-19.592285,405.151337,66.52832
0.052124,-0.060669,0.752441,1.831055,427.551239,92.834465
0.055786,0.011108,0.329468,-8.117676,467.040985,126.281731
0.238037,0.446777,-0.017944,-89.050285,470.031708,129.760742
0.377319,0.681274,-0.252686,-209.777817,445.495575,33.508301
0.339478,0.271606,-0.235352,-244.38475,406.249969,-99.853508
0.254395,-0.166382,-0.193359,-113.464348,387.207001,-136.84082
0.161255,-0.341187,-0.253662,-105.407707,385.192841,-102.905266
0.233887,-0.165649,-0.874268,-116.577141,417.602509,-43.945309
0.234741,-0.014404,-1.371216,-100.341789,394.287079,-21.118162
0.338013,-0.112671,-1.730713,-32.531738,321.716278,-27.770994
0.375244,-0.124146,-1.755981,-24.04785,203.552231,-32.897949
0.315918,-0.238281,-1.432861,-6.530761,93.078606,-40.954586
0.373901,-0.233398,-1.115479,13.000487,43.212887,-24.780272
0.380981,-0.064087,-0.953369,-14.770507,47.180172,-5.798339
0.358276,-0.087646,-0.948364,-32.226562,57.312008,-8.178711
0.373291,-0.143921,-1.015747,-7.568359,56.15234,-1.220703
0.431885,-0.039551,-1.256104,1.159668,30.029295,-3.417969
0.372681,-0.056519,-1.161377,-3.112793,-10.864257,-18.493652
0.293701,-0.10083,-0.971069,-46.752926,-11.901855,-14.22119
0.360107,0.046997,-0.848755,-75.256348,10.620116,-26.000975
0.560303,-0.275513,-0.69458,-42.5415,60.18066,-38.635254
0.403931,-0.432007,-1.094116,-47.546383,63.049313,12.573241
0.416748,-0.161011,-1.326782,-15.686034,-14.892577,24.108885
0.446289,-0.15271,-0.98877,-5.004883,-53.344723,15.563964
0.441406,-0.138428,-0.911621,-23.254393,-33.508301,16.418457
0.401245,-0.143555,-0.935425,-21.179197,-44.55566,10.0708
0.408691,-0.187866,-0.80835,-3.723144,-53.283688,10.253905
0.488647,-0.179932,-0.828369,4.699707,-41.015621,21.240232
0.545654,-0.093506,-0.973633,8.117676,-43.090816,21.789549
0.527588,-0.100464,-0.993164,3.479004,-58.654781,10.498046
0.485474,-0.231079,-1.020142,-2.13623,-74.21875,12.634276
0.474609,-0.243652,-1.10083,1.159668,-106.994621,27.587889
0.525513,-0.152466,-1.082764,21.484373,-151.672363,31.86035
0.534302,-0.203979,-1.067505,38.452148,-188.232407,33.508301
0.486694,-0.386597,-1.257935,83.496086,-240.539536,60.119625
0.444092,-0.20813,-1.2854,146.728516,-322.753876,72.875977
0.343384,-0.116333,-1.134888,191.040024,-357.788055,62.622066
0.37561,-0.02063,-0.892822,305.725098,-411.621063,34.240723
0.563965,0.283325,-0.447632,322.082489,-449.890106,-3.90625
0.59375,0.338257,0.074707,236.511215,-419.555634,-59.387203
0.60498,0.151367,0.134155,143.859863,-331.054657,-101.745598
0.579956,0.160034,-0.005737,80.749504,-283.569336,-113.769524
0.49707,0.182251,-0.000244,29.663084,-281.982422,-132.568359
0.401245,0.115845,0.069946,9.521484,-302.001953,-163.879379
0.31189,0.072876,0.353271,-49.011227,-324.401825,-186.706528
0.221802,-0.316284,0.687256,-103.088371,-340.20993,-211.059555
0.177856,-0.690063,1.153931,-96.740715,-342.834442,-177.917465
0.225464,-0.455811,1.114014,-130.981445,-274.291992,-102.111809
0.231934,-0.378418,0.971069,-154.968262,-227.172836,-68.42041
0.233032,-0.312988,1.064941,-143.188477,-229.553207,-37.780762
0.230347,-0.118408,1.193726,-120.727531,-218.078598,-7.141113
0.343994,0.032593,1.126587,-124.084465,-179.687485,3.295898
0.37561,0.205811,1.078979,-104.431145,-174.255356,-7.629394
0.092773,0.411011,1.209961,-71.166992,-180.847153,-49.316402
0.459473,0.182495,1.354004,-91.369621,-154.846191,-111.511223
-0.178711,-0.034424,1.210327,-37.231445,-122.192375,-122.619621
0.027954,-0.185425,1.400024,-49.255367,-114.379875,-103.576653
0.118164,-0.048828,1.374878,-43.334957,-73.303223,-59.753414
0.00647,0.02063,1.14624,-14.09912,-31.127928,-30.883787
0.019287,0.056274,1.131348,-19.470215,-26.000975,-21.911619
0.027588,0.005005,1.253052,-19.287109,-20.446775,-26.123045
0.040405,-0.050781,1.170044,-16.662598,5.493164,-21.789549
0.073853,-0.023682,1.04834,-7.93457,19.897461,-4.699707
0.099243,0.001587,1.068604,12.451171,21.179197,9.94873
0.130737,0.0625,0.982666,13.85498,29.418943,14.404296
0.154175,0.050903,0.90332,15.86914,26.30615,10.253905
0.148804,-0.012695,1.012451,25.634764,14.404296,7.202148
0.142944,-0.043701,1.059937,18.127441,20.019531,8.789063
0.142212,-0.076172,1.056274,5.92041,30.578611,15.86914
0.159424,-0.074219,1.004639,5.798339,34.851074,29.724119
0.179565,-0.018311,0.953613,10.009766,33.630371,40.344234
0.195557,0.040405,0.936646,16.418457,24.841307,36.132812
0.199585,0.003174,1.009644,18.005371,22.338865,29.663084
0.207886,-0.08313,1.09082,18.615723,32.897949,39.855957
0.19043,-0.103394,1.119629,16.174316,43.701168,58.715816
0.195557,-0.043091,1.168823,11.413573,59.814449,69.519043
0.219727,0.006592,1.182251,3.662109,83.557121,71.350098
0.231934,0.044312,1.183838,4.577637,110.473625,67.626953
0.260376,-0.020264,1.204102,3.417969,138.85498,75.683594
0.293335,0.021729,1.270996,-0.610352,164.672836,82.336418
0.319824,0.059204,1.398438,3.417969,201.538071,72.265625
0.333374,0.016602,1.536377,17.39502,259.521484,64.697266
0.340332,-0.017578,1.419189,21.911619,333.496063,80.566399
0.297729,0.135742,1.15332,26.611326,383.605927,104.675285
0.248779,0.400635,0.829224,31.249998,440.307587,89.172356
0.404419,0.487427,0.376831,-6.286621,430.297821,7.93457
0.522705,0.093872,0.188721,29.296873,370.666473,-45.776363
0.722046,-0.355835,0.1604,80.505363,295.10498,-15.624999
0.78064,-0.381836,0.501953,89.599602,260.375977,62.255856
0.666382,-0.11853,0.706421,88.623039,271.911621,90.820305
0.326294,0.045532,0.527588,111.572258,328.49118,129.089355
0.334839,0.445068,-0.273193,115.173332,410.339325,174.438461
0.468018,0.572144,-0.626221,87.829582,395.568817,137.512207
0.547729,0.204102,-0.299683,52.917477,320.617676,71.166992
0.26062,0.075317,-0.165527,-2.319336,311.401367,74.645996
0.27124,0.54126,-0.856812,-37.29248,356.750458,101.196281
0.510254,0.712646,-1.305298,-81.359856,320.983887,46.56982
0.391724,0.31543,-0.858643,-102.905266,213.073715,-24.353025
0.290161,0.048462,-0.557373,-23.559568,201.354965,-10.498046
0.185669,0.234619,-0.958618,-48.583981,249.816879,42.480465
0.001099,0.4375,-1.345337,-98.937981,238.830551,38.269043
0.168701,0.326294,-1.188477,22.521971,182.800278,-0.549316
0.400024,0.215088,-0.81958,-110.046379,168.762192,16.601562
0.021606,0.36145,-1.297729,-64.941406,187.866196,21.911619
-0.029053,0.2854,-1.441162,-19.104004,118.713371,-14.404296
0.005249,0.233521,-1.306152,-7.019042,48.950191,-28.381346
0.036133,0.199951,-1.117188,10.803222,18.066406,-26.123045
0.031494,0.147217,-1.039307,-4.943848,20.080564,-12.512206
0.025757,0.200317,-1.112061,-13.732909,26.367186,4.699707
0.058838,0.180664,-1.076294,-8.178711,13.122558,3.967285
0.091797,0.187622,-1.044312,-9.82666,2.563476,1.770019
0.109985,0.184448,-1.034668,-6.896972,-4.211426,-1.403808
0.124023,0.177612,-0.980469,-3.662109,-11.047362,-3.112793
0.124878,0.172485,-0.961182,-2.868652,-9.521484,-2.075195
0.135132,0.176025,-0.992798,0.854492,-8.056641,-1.770019
0.13501,0.174561,-1.00061,4.394531,-11.108397,-1.403808
0.120605,0.173462,-1.069946,-1.525879,-13.671874,1.464844
0.13208,0.220947,-1.085083,-2.868652,-26.123045,2.075195
0.140381,0.203735,-1.015259,6.896972,-39.306641,-5.187988
0.158813,0.197266,-1.045654,5.737304,-43.762203,-7.202148
0.163818,0.210937,-1.087524,-4.455566,-55.969234,-6.591796
0.196777,0.239258,-1.203125,-8.361816,-85.021965,-8.789063
0.245728,0.207031,-1.159058,-14.282226,-115.478508,-7.93457
0.264526,0.199829,-0.933594,-25.878904,-104.49218,-2.868652
0.27063,0.254395,-0.98584,-20.935057,-93.078606,-15.441894
0.287476,0.154175,-1.030884,-10.31494,-100.524895,-21.362303
0.312012,0.178345,-1.115479,-3.417969,-122.25341,-20.874022
0.286377,0.228394,-1.27417,15.808105,-170.04393,-41.076656
0.297974,0.177856,-1.189209,20.38574,-226.318344,-57.006832
0.328857,0.103394,-1.045776,4.02832,-250.915512,-46.081539
0.363892,0.185181,-1.063477,28.07617,-279.663086,-40.344234
0.403564,0.280396,-0.933105,104.064934,-306.335449,-64.758301
0.404907,0.262573,-0.851807,191.223129,-322.4487,-100.952141
0.419556,0.21228,-0.77063,220.458969,-347.90036,-130.065918
0.469482,0.197998,-0.493896,214.477524,-370.910614,-154.663086
0.529541,0.098755,-0.093262,197.143539,-349.060028,-175.415024
0.642944,0.01709,0.143311,131.896973,-295.288086,-181.213364
0.675781,0.024292,0.169312,28.442381,-248.352036,-189.392075
0.594604,0.004517,0.094116,-7.385253,-235.534653,-206.848129
0.582764,-0.0802,0.148193,-34.423828,-244.26268,-221.374496
0.591675,-0.18457,0.335815,-86.608879,-236.755356,-211.730942
0.557617,-0.25415,0.401367,-132.263184,-236.022934,-190.673813
0.468262,-0.223877,0.537598,-169.799789,-238.403305,-187.622055
0.410278,-0.246826,0.672974,-218.078598,-240.295395,-197.998032
0.282959,-0.275879,0.873901,-264.282227,-240.4785,-210.144028
0.280396,-0.304932,0.977783,-285.03418,-220.94725,-219.055161
0.374878,-0.378418,1.102173,-294.616699,-202.819809,-203.979477
0.330811,-0.462769,1.287598,-276.489258,-165.344223,-155.761719
0.405029,-0.31311,1.273438,-234.252914,-108.27636,-102.60009
0.328369,-0.219727,1.166138,-184.082016,-75.561523,-81.603996
0.374512,-0.304199,1.027954,-164.855942,-89.172356,-69.091797
0.308105,-0.341797,1.401733,-49.926754,-117.309563,-22.766111
0.334595,-0.24292,1.310425,-24.963377,-59.875484,33.508301
0.327393,-0.094482,1.004883,-6.530761,-13.916015,72.509766
0.251465,-0.013306,0.827759,25.939939,-24.963377,79.101562
0.234375,0.074951,0.919678,57.556149,-68.54248,71.044922
0.229248,0.063232,1.065063,52.36816,-90.454094,46.691891
0.210571,0.031738,1.213257,37.04834,-83.496086,28.930662
0.190674,0.031494,1.296509,33.874512,-52.429195,18.371582
0.180054,-0.060669,1.200439,26.611326,-10.31494,1.525879
0.194702,-0.262939,1.02002,11.474608,14.343261,-12.08496
0.240967,-0.224487,0.992432,8.972168,10.375976,7.751464
0.251343,-0.083496,0.974609,13.732909,8.300781,24.841307
0.25647,-0.092285,0.938477,13.122558,9.94873,17.456055
0.245239,-0.128418,0.913818,19.65332,6.652832,9.70459
0.239136,-0.165527,0.963867,12.695312,-3.662109,2.563476
0.250732,-0.219482,1.053955,0.976562,-6.591796,-0.976562
0.313354,-0.230347,1.095459,-8.850098,3.784179,3.90625
0.286011,-0.238159,1.040283,-2.929687,18.737793,20.629881
0.290771,-0.140015,0.981812,5.615234,29.602049,41.320797
0.274658,-0.061157,0.977661,-11.352538,33.02002,38.330078
0.431152,-0.168579,1.063843,-35.583496,31.372068,19.53125
0.209839,-0.346924,1.111572,-30.273436,38.818359,27.587889
-0.083374,-0.4198,1.097046,-3.90625,55.725094,60.119625
0.429565,-0.249268,1.540039,-118.10302,92.468254,119.567863
0.251831,0.064819,1.490234,3.784179,175.96434,103.759758
0.252197,-0.281372,1.017456,13.671874,184.631332,118.10302
0.376465,-0.112793,0.997559,45.715328,165.344223,175.048813
0.423462,0.171631,1.218262,12.329101,182.128891,168.02977
0.341553,0.017212,1.351563,-26.30615,239.440903,138.793945
0.278198,-0.233154,1.368896,-9.277344,291.931152,150.268555
0.315674,0.002197,1.495483,-53.161617,342.956512,149.291992
0.246826,0.280762,1.342163,-66.650391,434.448212,109.436028
0.218018,0.236206,0.812622,-34.118652,487.548798,105.407707
0.209717,0.268555,0.599609,-22.521971,479.309052,100.46386
0.043945,0.170166,0.844238,-17.700195,495.788544,83.984367
-0.483521,0.105103,0.610229,-22.888182,567.871094,87.768547
-0.645752,0.295166,-0.174805,-107.238762,606.689453,84.045403
-0.385864,0.492676,-0.9375,-209.2285,564.758301,31.86035
-0.147461,0.41333,-1.431885,-136.047363,479.186981,-29.113768
0.226074,0.271729,-1.839478,-56.823727,358.337372,-48.400875
0.355347,0.216797,-1.686768,-36.92627,216.552719,-42.785641
0.223511,0.227051,-1.060059,-11.657714,163.757309,-40.283199
0.108398,0.133057,-0.947876,-2.624511,177.551254,-33.38623
0.117554,0.149048,-1.123901,-5.615234,164.916977,-18.310547
0.113281,0.272583,-1.187256,1.159668,151.855469,-20.080564
0.09436,0.240234,-1.327026,13.732909,123.229973,-36.254883
0.074341,0.257813,-1.251099,13.793944,79.223633,-42.41943
0.024048,0.255737,-1.157593,18.798828,60.791012,-46.44775
0.031128,0.217773,-1.251221,7.446289,58.1665,-47.424313
0.067749,0.127441,-1.239502,15.624999,34.545898,-41.687008
0.113159,0.151733,-1.142944,10.986327,7.629394,-21.728514
0.15332,0.284302,-1.04834,-2.258301,-8.056641,-8.117676
0.173218,0.257568,-1.064697,-0.854492,-10.19287,-15.502929
0.169922,0.286743,-1.085083,1.464844,-16.296387,-19.775391
0.1427,0.344971,-0.989258,-5.493164,-29.663084,-31.921385
0.291138,0.081909,-0.916382,-28.07617,-31.616209,-47.546383
0.237671,0.135986,-0.998047,-46.020504,-17.822266,-16.418457
0.333008,0.031494,-1.137817,-37.414551,-19.470215,-3.90625
0.207397,0.040283,-1.12207,18.859863,-54.504391,11.230468
0.262695,0.408569,-1.008301,2.380371,-82.214348,29.235838
0.270386,0.261108,-1.0177,15.014647,-79.101562,-0.976562
0.285889,0.253052,-0.984009,-41.625973,-74.829102,4.516602
0.367554,0.140137,-1.010864,-48.095699,-68.481445,1.098633
0.303711,0.13269,-1.198242,-6.103515,-77.697754,-1.770019
0.301392,0.151978,-1.29834,-9.338379,-117.065422,3.356933
0.32959,0.139771,-1.235474,-12.512206,-162.963852,6.652832
0.352173,0.190552,-1.178467,-7.141113,-195.739731,16.662598
0.372925,0.259521,-1.067139,9.155273,-228.332504,12.451171
0.357544,0.139648,-0.801392,23.071287,-257.202148,-5.004883
0.456909,0.085083,-0.73938,49.133297,-258.850098,3.662109
0.574829,0.299805,-0.710571,48.400875,-271.789551,16.357422
0.545654,0.256104,-0.59729,43.212887,-298.034668,-7.263183
0.56543,0.117432,-0.442627,42.5415,-314.575195,-25.390623
0.561035,0.115234,-0.334595,26.794432,-317.443848,-11.779784
0.516968,0.183105,-0.378906,29.418943,-312.927246,3.967285
0.512939,0.234863,-0.34436,44.189449,-328.796356,3.90625
0.546631,0.325928,-0.069214,76.049805,-349.426239,-23.376463
0.534546,0.307495,0.167114,74.829102,-330.627411,-54.626461
0.535034,0.376587,0.131958,35.522461,-311.950684,-89.050285
0.500244,0.412476,0.317383,23.864744,-316.28418,-143.615723
0.423828,0.175415,0.517822,38.330078,-294.73877,-172.546371
0.285645,-0.005127,0.54187,9.70459,-269.958496,-169.006332
0.307007,-0.041504,0.715088,-39.123535,-265.991211,-181.091293
0.428101,-0.150391,0.926514,-73.181152,-287.536621,-207.641586
0.346191,-0.364746,1.213501,-80.93261,-267.51709,-193.725571
0.349365,-0.567261,1.094849,-61.462399,-256.591797,-130.859375
0.290283,-0.420288,1.180298,-20.690916,-268.188477,-47.180172
0.291016,-0.066895,1.447754,-19.40918,-184.814438,-53.955074
0.274292,-0.214844,1.193726,-11.047362,-140.197754,-62.07275
0.19043,-0.25708,1.186646,14.404296,-135.803223,-28.869627
0.126953,-0.237793,1.289307,44.006344,-114.868156,-12.145995
0.116943,-0.295044,1.279907,37.04834,-89.965813,4.638672
0.114746,-0.052368,1.306641,-17.272949,-58.593746,17.211914
0.109619,-0.108887,1.126709,-53.894039,-34.790039,-33.996582
0.123047,-0.37561,1.062622,-4.150391,-40.893551,8.605957
0.127075,-0.020874,1.180298,18.188477,-28.259275,23.071287
0.120728,-0.117554,1.164185,0.915527,-4.455566,-5.737304
0.05542,-0.22644,1.022461,18.554687,7.873535,4.882812
0.085449,-0.178589,0.986938,22.583006,6.16455,11.108397
0.180664,-0.180786,1.053833,11.596679,4.272461,8.361816
0.193848,-0.202515,1.049927,6.16455,9.216309,7.080078
0.205078,-0.145142,1.039429,22.949217,12.268065,13.671874
0.215088,-0.109375,0.995728,22.460936,18.676758,9.460449
0.190552,-0.144531,0.921875,21.911619,22.338865,0.976562
0.184448,-0.270752,0.965576,22.338865,15.686034,-3.356933
0.186157,-0.311035,1.026123,16.357422,14.282226,5.676269
0.220581,-0.296997,0.993408,25.085447,20.690916,22.521971
0.286499,-0.387085,1.010742,25.146482,20.935057,42.480465
0.226929,-0.484619,1.024658,3.479004,25.451658,83.007805
0.191284,-0.539062,0.955811,-28.320311,33.203125,139.953613
0.093384,-0.420776,0.901367,-60.668941,28.503416,208.740219
0.102051,0.00415,0.903076,-56.15234,23.254393,255.004868
0.09314,0.611694,0.781372,-36.254883,16.296387,206.726059
0.283813,1.208618,0.589111,-62.988277,-8.789063,25.573729
0.289673,1.308472,0.595093,-49.987789,-56.15234,-238.037094
0.165161,0.412231,1.035767,-84.716789,-107.849113,-472.167938
-0.201172,-0.296265,1.403809,-180.114731,-127.868645,-519.40918
-0.104004,-1.106567,1.727417,-163.269028,-96.496574,-428.466766
0.058105,-1.511963,1.604858,-78.24707,-2.807617,-187.43895
0.054199,-0.863037,1.285034,64.39209,97.045891,130.859375
-0.034302,-0.178345,0.86499,73.974609,151.733398,316.345215
-0.054687,0.076904,0.564209,126.586906,117.004387,351.80661
-0.106689,0.470947,0.585083,189.147934,30.456541,327.636688
0.050049,0.996338,0.69812,72.44873,-22.583006,178.161606
0.208862,0.887207,0.732056,-60.18066,-54.565426,-87.280266
0.186035,0.226685,0.98645,-75.866699,-89.233391,-288.818359
0.255493,-0.526001,1.229004,-67.565918,-86.181633,-314.51416
0.297974,-0.9021,1.439331,-34.423828,-55.297848,-180.114731
0.281982,-0.572754,1.396606,-8.178711,13.610839,11.169433
0.253052,-0.315308,1.283447,-18.920898,68.969727,111.938469
0.197998,-0.286987,1.114868,5.126953,87.09716,154.785156
0.123779,-0.314331,0.924194,40.100098,91.674797,236.633286
-0.00061,0.19873,0.646362,64.51416,53.344723,245.544418
-0.037109,0.864258,0.500244,2.319336,-17.700195,85.571281
0.146973,0.871338,0.582031,-62.744137,-89.721672,-153.442383
0.161743,0.259155,0.928467,-74.21875,-120.422356,-265.563965
0.177979,-0.170288,1.152222,-66.223145,-106.872551,-242.919907
0.21106,-0.495239,1.344238,-49.133297,-72.265625,-145.202637
0.231689,-0.580322,1.529541,-39.489746,9.277344,-1.281738
0.223999,-0.234009,1.438232,-66.40625,91.613762,91.125481
0.173706,-0.053467,1.197632,-74.09668,133.544922,119.689934
0.111328,-0.062622,0.9375,-39.0625,148.498535,161.193832
0.027588,0.251099,0.520142,-28.991697,108.032219,171.142563
0.035278,0.776489,0.227051,-32.470703,-3.662109,60.485836
0.135498,0.628174,0.48645,-23.132322,-114.135735,-92.041008
0.204224,0.327637,0.879028,-53.771969,-152.832031,-152.160645
0.191284,0.232422,1.031738,-15.808105,-155.456543,-166.13768
0.214233,-0.015259,1.292358,29.479979,-127.075188,-144.348145
0.264648,-0.383789,1.651367,22.460936,-33.813477,-45.837399
0.268188,-0.243652,1.624878,-19.226074,91.491692,72.875977
0.20752,0.053223,1.286621,-17.883301,150.268555,112.365715
0.148682,-0.012817,1.091431,-0.915527,164.428696,125.610344
-0.016113,0.052979,0.731323,29.357908,167.968735,169.006332
-0.058228,0.623779,0.300415,-3.356933,116.638176,172.424301
0.067017,0.838867,0.07251,-64.147949,-2.807617,38.574219
0.142578,0.473389,0.432617,-38.879395,-143.676758,-102.233879
0.157959,0.35022,0.87439,25.451658,-208.618149,-147.338867
0.13916,0.055786,1.363525,43.762203,-212.158188,-168.090805
0.219482,-0.361084,1.80481,43.640133,-146.911621,-132.019043
0.272095,-0.403687,1.955566,19.104004,-6.591796,-6.652832
0.159668,-0.010254,1.512939,-30.700682,139.831543,106.933586
0.062866,0.02478,1.030029,-26.611326,205.20018,144.40918
-0.036865,0.105835,0.584961,0.793457,205.32225,180.236801
-0.017334,0.501099,0.296997,-1.098633,139.587402,183.044418
0.041016,0.792725,0.155029,-75.927734,28.07617,77.392578
0.127197,0.58374,0.233154,-54.26025,-97.656242,-62.19482
0.089844,0.577271,0.678711,-0.488281,-207.275375,-142.39502
0.094116,0.250488,1.249512,26.123045,-246.887192,-212.646469
0.107666,-0.288452,1.74353,45.654293,-195.190414,-200.134262
0.21814,-0.375,1.7677,40.40527,-56.396481,-76.904297
0.165039,-0.023926,1.477539,26.245115,72.998047,57.922359
0.114868,0.118164,1.241211,16.601562,143.066406,104.675285
0.022339,-0.066284,1.059937,47.241207,170.715317,124.389641
0.015137,0.128052,0.702637,63.903805,175.292953,172.729477
0.117798,0.360474,0.618286,97.900383,119.445793,173.339828
0.192627,0.35022,0.818481,81.970207,51.818844,115.661613
0.264282,0.241577,0.918823,31.616209,20.996092,55.053707
0.164185,0.044312,1.072266,-27.465818,1.342773,11.352538
0.155762,0.217529,0.943237,-23.681639,9.216309,7.873535
0.2323,0.55896,0.64978,25.085447,-7.446289,-37.902832
0.355713,0.125977,0.873047,139.831543,-73.608398,-131.835937
0.425537,-0.302612,1.156372,201.110825,-71.838379,-101.623528
0.418335,-0.278442,1.193726,203.552231,-14.892577,6.04248
0.381104,-0.141357,1.178833,209.716782,19.348145,58.959957
0.343506,-0.320313,1.168213,227.355942,40.52734,94.421379
0.228638,-0.622925,1.074585,243.896469,57.128902,185.302719
0.088135,-0.38562,0.801025,198.852524,33.813477,257.141113
0.171387,0.173828,0.711182,50.903316,-5.065917,172.973618
0.136597,0.238647,0.869751,-81.420891,6.530761,0.12207
0.302368,0.168823,0.831665,-218.444809,19.287109,-138.122559
0.309326,0.233398,0.897949,-347.045868,15.380858,-233.276352
0.224243,0.113647,0.94812,-397.582977,-16.601562,-304.6875
0.367676,-0.550171,1.273804,-314.697266,-23.986814,-227.172836
0.456421,-0.598755,1.399048,-188.964828,53.527828,-27.893064
0.318604,-0.105713,1.174316,-78.674316,107.116692,68.969727
0.265137,0.107666,0.772217,59.997555,90.148918,82.397453
0.278442,0.254395,0.382446,260.498047,-0.488281,74.829102
0.349609,0.244141,0.51062,452.880829,-105.468742,27.832029
0.385376,-0.105103,1.141479,484.863251,-124.877922,-21.789549
0.368408,-0.382813,1.369995,415.283173,-38.330078,-27.648924
0.396606,-0.652588,0.936646,340.026825,4.760742,4.272461
0.400513,-0.836426,0.852539,178.100571,-0.183105,82.641594
0.296509,-0.691162,0.890015,35.15625,14.892577,132.141113
0.23291,-0.656006,0.779297,-109.069817,33.26416,146.54541
0.203613,-0.478882,0.699951,-230.895981,44.616695,160.217285
0.265747,0.166382,0.826294,-466.97995,65.979004,153.015137
0.345337,0.491943,0.697876,-539.428711,79.223633,20.568846
0.442871,0.11377,0.829102,-332.336395,23.498533,-124.877922
0.460571,-0.111816,0.818726,-75.500488,-26.245115,-135.681152
0.48291,0.069946,0.668579,126.464836,-59.265133,-85.571281
0.501465,-0.289429,1.078857,290.649414,-97.167961,-85.083
0.468018,-1.015747,1.487671,401.489227,-78.186035,-44.677731
0.376831,-1.19873,1.331909,464.599579,-19.836426,98.81591
0.198975,-1.00647,0.936646,479.980438,6.591796,250.671371
0.148315,-0.556519,0.838989,331.115692,-8.483887,324.951141
0.308594,-0.605713,1.131958,37.353516,6.408691,271.484375
0.357666,-0.790161,1.354614,-216.308578,100.402824,208.312973
0.281738,-0.848877,1.419067,-323.120087,202.209457,170.410141
0.069458,-0.516357,1.361328,-363.037079,285.827637,145.812988
-0.043457,0.148071,0.358887,-361.5112,382.568329,146.42334
0.137207,0.637085,-0.953857,-357.48288,395.568817,110.656731
0.803101,0.341187,-1.005493,-206.848129,222.412094,3.173828
1.226318,-0.084717,0.743896,-4.455566,10.681151,-25.817869
1.107666,-0.110962,2.139893,9.765625,57.189938,25.451658
0.364136,-0.152588,1.769165,-97.656242,288.391113,42.480465
-0.435303,-0.235596,-0.025391,-201.232895,449.829071,29.235838
-0.031982,0.01062,-2.62793,-159.790039,426.330536,26.550291
1.540405,0.608643,-3.689575,183.410629,66.223145,22.15576
1.746216,0.937622,-0.353516,490.905731,-393.920868,-23.681639
1.017456,0.21228,2.0625,329.772919,-260.314941,-121.032707
0.19165,-0.72876,1.481079,-150.512695,133.605957,-164.00145
0.165405,-1.109131,-0.40332,-333.068817,234.252914,-139.953613
1.157227,-0.315918,-1.324707,-107.727043,93.994133,5.004883
1.270752,0.432007,-0.374268,214.599594,-25.207518,73.364258
0.767456,0.005127,0.982666,115.417473,-8.911133,-13.366698
0.603394,-0.341919,1.274902,-95.764153,95.214836,-32.470703
0.742554,-0.430176,0.292358,-182.922348,200.439438,55.603024
1.213989,0.188843,-1.590698,-109.374992,139.709473,79.956055
1.356079,0.499268,-1.46228,0.793457,-114.379875,9.399414
1.168213,0.335083,1.004395,13.97705,-172.607407,-37.17041
0.822144,0.026733,1.957886,-34.851074,21.850584,-24.04785
0.835815,-0.264771,-0.052856,-6.408691,141.296387,46.813961
0.783325,-0.224243,-2.213013,101.257317,18.554687,75.98877
0.903442,0.11731,-1.291626,103.576653,-181.823715,43.640133
1.102905,0.489258,1.655396,25.207518,-137.084961,4.638672
0.930542,0.28418,2.854858,-87.036125,137.695312,-14.831542
0.781616,-0.236572,-0.422241,-94.66552,338.745087,61.218258
0.665894,0.001221,-3.240967,114.868156,61.767574,93.505852
1.129517,0.72644,-0.763184,166.564926,-242.858871,8.972168
1.303101,0.256226,2.523315,60.485836,-82.519524,-43.701168
0.92334,0.066406,2.346069,-92.529289,261.047363,-2.563476
0.187866,-0.148926,-1.978027,-103.088371,373.10788,24.108885
0.005737,-0.372314,-4,101.684563,-40.52734,32.714844
0.583374,0.209473,-1.170532,154.23584,-492.065399,-2.319336
1.239136,0.222778,3.562866,73.608398,-315.124512,-26.550291
1.280518,0.164917,3.878906,-95.764153,259.216309,18.798828
0.522095,0.179321,-0.803589,-152.099609,537.04834,26.06201
-0.096924,-0.388306,-4,-72.265625,398.986786,18.310547
0.427612,-0.171997,-1.354736,66.52832,-169.92186,8.300781
1.51416,0.455078,2.580566,77.575684,-293.945312,14.953612
1.328247,0.604614,2.949707,-12.634276,36.743164,19.714355
0.541626,0.028931,-1.098145,-160.461426,383.605927,-7.995605
-0.064087,-0.499512,-4,-85.510246,280.700684,7.141113
0.604614,0.303589,-1.532837,122.924797,-283.02002,33.813477
1.385254,0.421265,3.02063,159.729004,-450.256317,-25.695799
1.487549,0.350342,3.402344,46.142574,-38.879395,-18.920898
0.60083,0.297485,-0.420776,-141.418457,400.756805,-5.859375
-0.088623,-0.617676,-4,-160.827621,376.220673,-36.621094
0.194458,-0.320557,-2.773193,34.484863,-122.25341,15.502929
1.19873,0.497925,1.747192,162.963852,-446.899384,19.40918
1.600586,0.508789,3.581665,108.27636,-190.734848,-8.789063
0.955933,0.493042,0.96814,-97.290031,292.96875,-9.82666
-0.025757,-0.362793,-2.869385,-222.71727,429.748505,-50.292965
-0.34082,-1.121338,-4,-56.823727,91.064445,-19.40918
0.629028,0.185059,-0.921875,150.878906,-419.006317,68.54248
1.343506,0.623657,3.475342,216.79686,-515.075684,18.676758
1.38623,0.255493,3.957397,75.073242,-57.983395,-19.470215
0.399658,0.245728,0.487549,-185.791,492.370575,-11.169433
-0.438354,-0.806763,-3.526733,-288.94043,566.589355,-55.175777
-0.171875,-0.888916,-4,-36.376953,94.421379,11.291503
0.940918,0.612183,-0.359619,194.274887,-525.817871,83.251945
1.404663,0.581665,3.937988,261.108398,-559.326172,9.82666
1.156738,0.322754,3.678223,76.782227,-7.324218,-21.667479
0.151733,0.138184,-0.504517,-214.172348,526.794434,-39.428711
-0.601196,-1.134155,-4,-230.834946,486.816376,-86.669914
-0.165649,-0.744385,-3.456909,77.880859,-173.767075,15.930175
0.983398,0.761963,1.016724,242.187485,-685.913025,74.951172
1.205078,0.402954,3.999878,256.896973,-528.381348,-17.63916
1.159546,-0.026611,3.999878,57.800289,53.466793,-40.466305
0.491455,-0.029541,1.931519,-196.594223,568.42041,5.371093
-0.370972,-0.230835,-2.577637,-256.835937,550.90332,-38.208008
-0.405396,-1.122559,-4,3.173828,-41.320797,23.925779
0.656616,0.354736,-1.765747,213.867172,-603.881836,82.94677
1.141113,0.832397,3.003784,205.261215,-503.051727,-34.057617
1.117432,-0.041748,3.999878,-2.197266,66.040039,-48.21777
0.460815,-0.015869,1.606445,-231.384262,565.490723,-9.033203
-0.312988,-0.430786,-2.925781,-214.294418,496.45993,-37.841797
-0.277588,-1.083984,-4,62.683102,-163.207993,46.203609
0.721191,0.414917,-1.142334,224.060043,-646.667419,76.293945
1.160156,0.687988,3.32019,207.031235,-457.824677,-24.475096
1.065674,-0.127075,3.999878,-12.023925,125.305168,-31.372068
0.540894,0.016479,1.5625,-219.055161,565.490723,-2.563476
-0.007202,-0.146973,-2.175781,-224.304184,511.047333,-41.381832
-0.071655,-0.888428,-4,-26.367186,75.378418,2.929687
0.578735,-0.131226,-2.401611,150.32959,-389.160126,73.730469
1.311523,0.679932,1.243774,198.913559,-440.856903,27.9541
1.385254,0.452881,3.330811,76.538086,-119.445793,-26.733397
0.990112,0.202515,2.181274,-132.263184,314.575195,-46.203609
0.338013,-0.106323,-0.950928,-232.116684,414.611786,-71.411133
0.009766,-0.889893,-3.330444,-104.980461,127.197258,-34.973145
0.424683,-0.543091,-2.721802,15.319823,-113.952629,22.827147
1.17688,0.551392,0.742676,183.349594,-446.044891,79.101562
1.361694,0.559937,3.018433,169.799789,-339.721649,24.963377
0.993652,0.172729,2.536133,12.08496,48.889156,-22.644041
0.454712,-0.058838,-0.18396,-161.010727,368.835419,-35.766602
0.16394,-0.571289,-2.741089,-195.068344,364.868134,-41.076656
0.341431,-0.598267,-3.060913,-44.921871,43.640133,10.803222
1.060425,0.306885,-0.278931,125.671379,-322.509735,73.425293
1.393311,0.649658,1.97229,153.076172,-335.632294,51.574703
1.230347,0.388184,2.476807,56.091305,-100.158684,-9.338379
0.866333,0.094727,0.848267,-86.364738,200.134262,-44.494625
0.478638,-0.171021,-1.09082,-148.742676,297.180176,-52.062984
0.352051,-0.629395,-2.420044,-95.642082,170.410141,-41.503902
0.664551,-0.290894,-1.868408,47.180172,-119.323723,27.465818
1.161865,0.389893,0.342896,143.066406,-326.965302,59.814449
1.332153,0.509155,1.954712,127.502434,-271.911621,24.780272
1.078125,0.218872,2.052124,29.541014,-37.04834,-22.644041
0.774658,-0.022461,0.48584,-88.195793,200.866684,-41.748043
0.510498,-0.214478,-1.177124,-102.905266,250.976547,-34.667969
0.524414,-0.487427,-2.626953,-59.814449,138.793945,-17.211914
0.916016,0.029053,-1.405029,70.068359,-171.997055,33.508301
1.245728,0.477295,1.257202,144.897461,-340.393036,34.423828
1.184814,0.255127,2.473022,87.707512,-174.377426,-11.352538
0.899658,0.001221,1.455444,-39.916992,139.587402,-27.832029
0.618164,-0.101685,-0.633789,-124.816887,314.63623,-21.057127
0.522217,-0.362061,-2.236206,-134.277344,239.379868,-17.150879
0.633179,-0.384033,-2.455078,-34.667969,-34.790039,11.108397
1.029053,0.325562,0.029053,85.388176,-352.905243,48.828121
1.068115,0.541626,2.156128,120.544426,-356.079071,11.474608
1.106934,0.085693,1.792969,56.945797,-87.341301,-49.621578
0.967407,-0.053467,0.233887,9.094238,135.681152,-31.066893
0.890747,-0.050293,-0.460449,42.846676,175.781235,-0.244141
0.776855,-0.246826,-1.192871,93.139641,96.069328,32.531738
0.967041,-0.11377,-0.999146,85.937492,-24.353025,77.636719
1.184326,0.204224,0.538818,82.458488,-51.269527,77.819824
1.172852,0.174561,1.352051,-12.329101,91.308586,80.93261
0.919312,0.366699,0.347168,-150.45166,171.630844,30.883787
0.680664,0.05896,-0.980591,-148.376465,98.937981,-18.798828
0.619385,-0.160645,-1.799316,-17.333984,-103.149406,-9.155273
0.857666,0.170044,-1.021484,81.359856,-325.683563,-10.681151
1.05603,0.481201,0.799927,110.351555,-351.318329,-60.852047
1.110107,0.231201,1.926025,78.308105,-192.199692,-95.397942
1.032471,0.014648,1.896484,26.245115,39.550781,-79.89502
0.79834,-0.141724,0.595703,-18.005371,219.055161,-45.593258
0.668457,-0.35791,-1.271729,-46.32568,226.684555,11.901855
0.730591,-0.142822,-2.00769,-72.998047,36.254883,38.330078
1.072144,0.17749,-0.577148,6.103515,-157.348633,25.756834
1.36731,0.420776,1.603882,26.855467,-143.798828,1.525879
1.146729,0.278198,2.46582,-41.442867,68.664551,-39.18457
0.747803,-0.183838,0.971436,-117.553703,278.991699,-25.451658
0.321045,-0.393555,-1.613525,-97.839348,255.126938,0.183105
0.280518,-0.667725,-3.350342,12.451171,-57.922359,38.330078
0.87207,0.217651,-1.544678,101.623528,-421.447723,61.95068
1.25708,0.828491,2.123291,113.830559,-467.407196,25.207518
1.130981,0.251221,3.670044,43.518063,-244.38475,-66.772461
0.675049,-0.190674,2.216431,-75.256348,173.583969,-69.519043
0.193237,-0.440186,-0.852173,-156.677246,421.630829,-27.587889
0.085815,-0.988647,-3.788086,-113.403313,366.271942,0.671387
0.65979,-0.078125,-2.721558,35.705566,-109.985344,84.472649
1.303955,0.980103,1.306641,112.243645,-497.863739,72.692871
1.162842,0.604126,3.968506,103.637688,-371.45993,-39.733887
0.617065,-0.213623,3.092651,-46.813961,77.636719,-94.177238
0.160645,-0.611328,-0.910156,-164.12352,441.77243,-47.302242
0.099976,-1.05603,-4,-33.203125,355.71286,16.174316
0.822998,0.227539,-2.537598,80.627434,-195.617661,110.717766
1.185059,1.072266,1.970215,124.999992,-546.936035,54.626461
0.924438,0.331665,3.999878,94.66552,-336.242645,-78.491211
0.372559,-0.277832,3.289185,-52.917477,169.372543,-96.80175
-0.140259,-0.54895,-0.677124,-190.063461,568.237305,-40.52734
-0.403687,-1.352051,-4,-121.582024,530.883789,-0.732422
0.620605,-0.078369,-3.294678,99.609367,-81.29882,131.652832
1.188232,1.299316,1.329834,203.491196,-602.294922,114.257805
0.957886,0.320679,3.999878,160.27832,-459.16745,-66.650391
0.612305,-0.301758,3.425415,-35.583496,93.322746,-83.312981
0.035889,-0.260742,-0.448486,-199.096664,545.532227,-22.888182
-0.272217,-1.223267,-3.99646,-183.105453,517.39502,-37.109375
0.603638,-0.390625,-3.216187,53.710934,-39.18457,73.791504
1.344238,1.147095,1.265869,197.26561,-522.827148,107.543938
1.079468,0.467773,3.999878,164.978012,-400.634735,-42.66357
0.597046,-0.272095,3.134766,-49.316402,133.239746,-80.93261
-0.033813,-0.469482,-1.076172,-239.501938,561.584473,-35.15625
-0.145264,-1.359497,-4,-167.663559,484.069794,-21.423338
0.708984,0.027832,-2.843262,94.177238,-163.879379,115.112297
1.170776,1.179443,1.875732,198.059067,-623.901367,87.890617
1.061523,0.813232,3.674927,166.25975,-429.504364,-67.565918
0.770264,-0.087769,3.999878,-29.541014,170.410141,-69.641113
0.096436,-0.181152,1.210083,-246.15477,637.634277,-36.315918
-0.415161,-1.027832,-3.358154,-197.082504,525.756836,-40.40527
0.007813,-1.224976,-4,88.623039,-186.706528,116.760246
0.999268,0.934448,-0.695435,202.819809,-667.419373,109.680168
1.000854,0.900146,3.685425,179.62645,-457.580536,-58.410641
0.946899,-0.077271,3.999878,-37.963867,157.958984,-55.358883
0.648804,0.066162,0.983154,-229.186996,571.960449,-16.845703
0.271729,-0.315674,-2.688843,-220.336899,431.8237,-65.856934
0.502075,-0.789795,-3.647095,-1.586914,-108.825676,13.916015
0.902832,0.128662,-0.937988,81.603996,-419.006317,54.809566
1.264038,0.355835,0.676392,32.287598,-323.974579,33.569336
1.431519,0.587891,0.746338,-32.897949,-194.824203,11.96289
1.179932,0.668823,0.776611,-117.004387,-130.92041,-70.983887
0.919312,0.209473,0.571655,-153.808594,-88.317863,-124.206535
0.857544,-0.206299,0.065552,-140.014648,-81.665031,-99.487297
0.764648,-0.299683,-0.236694,-107.360832,-123.718254,-51.208492
0.682617,-0.185791,-0.126099,-101.989738,-174.926743,-15.075683
0.742798,0.020874,0.220703,-64.27002,-219.848618,10.559081
0.74707,0.262085,0.714233,-56.701656,-212.402328,7.019042
0.671387,0.307007,0.932251,-94.543449,-154.541016,-25.146482
0.607666,0.247803,0.904541,-123.90136,-124.816887,-42.236324
0.626465,0.183472,0.759155,-146.484375,-96.496574,-57.861324
0.564941,0.157837,0.675049,-141.845703,-103.271477,-53.649899
0.496948,0.107788,0.75415,-138.183594,-109.008781,-53.527828
0.605103,0.342041,0.99292,-139.709473,-93.200676,-55.908199
0.655884,0.351074,0.942261,-104.431145,-43.151852,-98.754875
0.692505,0.339722,0.94751,-68.29834,-16.113281,-129.333496
0.630127,0.608643,1.259033,-73.120117,13.061522,-161.315903
0.61438,0.395386,0.989014,-104.187004,108.093254,-272.766113
0.509399,-0.085693,0.82312,84.472649,152.282715,-297.119141
0.598877,-0.257324,0.813599,133.911133,161.193832,-222.167953
0.740112,0.097046,0.859741,112.915031,167.541489,-151.306152
0.647339,-0.203979,0.699585,132.873535,212.219223,-161.376938
0.74292,-0.082031,0.516602,66.894531,252.258286,-156.799316
0.645386,-0.001587,0.426147,-25.390623,256.652832,-188.598618
0.321411,-0.180664,0.540161,-156.311035,246.459946,-250.671371
0.341675,-0.413574,0.553955,-240.051254,245.361313,-292.724609
0.459961,-0.508789,0.285156,-200.683578,255.371078,-278.381348
0.305298,-0.50415,0.172852,-232.055649,228.332504,-251.525864
0.238159,-0.815796,0.268433,-345.153778,195.312485,-286.254883
0.21228,-1.082275,0.164307,-372.619598,172.607407,-285.949707
0.315308,-0.86853,0.250977,-277.099609,125.610344,-234.55809
0.283936,-0.628418,0.463135,-311.157227,98.57177,-223.205551
0.024414,-0.882568,0.682861,-493.041962,97.534172,-267.883301
0.054321,-1.231323,0.894165,-669.738708,69.458008,-286.437988
0.317749,-1.028076,1.10083,-848.205505,22.27783,-250.915512
-0.034668,-0.614258,1.365234,-928.588806,-18.493652,-228.393539
0.049927,-0.514526,1.509766,-444.702118,-21.179197,-150.45166
0.324707,0.04895,1.089722,-263.366699,39.0625,-72.631836
0.317383,-0.249756,0.947021,-291.19873,20.629881,-102.661125
0.390259,-0.160522,1.02002,-183.044418,-15.319823,-55.419918
0.368164,-0.019775,0.949097,-163.146957,-21.362303,-19.592285
0.304443,0.159302,1.037842,-127.258293,-27.282713,-12.20703
0.316528,0.151978,1.188721,-26.123045,3.173828,-10.742187
0.34436,0.065552,0.965088,23.193357,31.188963,-3.356933
0.359131,0.034058,0.816772,27.343748,16.601562,12.512206
0.306885,0.146484,1.023682,51.391598,12.451171,23.010252
0.288574,0.126099,1.114746,78.552246,30.456541,23.681639
0.308594,-0.001709,1.094604,98.876945,52.185055,34.790039
0.318237,-0.070557,1.11792,149.902344,75.866699,60.05859
0.305786,-0.094238,1.115845,229.919418,92.65136,87.09716
0.353638,-0.124023,1.042969,255.98143,82.885735,105.468742
0.321289,-0.185547,1.166992,263.671875,84.716789,120.727531
0.265991,-0.241577,1.228027,399.658173,114.624016,143.432617
0.314941,-0.438965,1.12561,509.460419,131.408691,190.978989
0.427612,-0.649292,0.83252,602.050781,125.427238,253.601059
0.571655,-0.753296,0.665527,549.499512,80.749504,332.885712
0.592773,-0.347656,0.528442,360.473602,42.236324,339.294403
0.498291,-0.46814,0.463501,374.816864,-6.408691,299.682617
0.414551,-0.850464,0.536621,529.968262,-50.048824,349.609344
0.467041,-0.759277,0.382202,684.509216,-106.079094,429.016083
0.430054,-0.319336,0.375854,765.380798,-198.669418,455.810516
0.479004,0.102661,0.824097,670.22699,-228.698715,379.455536
0.71936,-0.042969,0.853638,474.304169,-153.747559,279.968262
0.808838,-0.232788,0.494507,414.611786,-129.211426,259.155273
0.794922,-0.189941,0.593506,435.546844,-116.882317,256.408691
0.710083,-0.031128,0.612427,587.158203,-122.985832,260.192871
0.703247,-0.164185,0.60083,657.287537,-162.414536,225.097641
0.664917,-0.338989,0.408813,471.923798,-192.443832,195.068344
0.636353,-0.160034,0.599243,492.492645,-233.032211,190.612778
0.605225,-0.042969,0.670166,497.924774,-231.689438,133.850098
0.573486,-0.306763,0.371216,473.693817,-217.041,49.560543
0.541992,-0.526855,0.371094,481.872528,-258.972168,4.516602
0.566406,-0.667725,0.758789,554.260254,-298.76709,-14.709472
0.485962,-0.761841,0.86438,552.429199,-259.277344,-25.634764
0.473389,-0.852783,0.524414,534.545898,-189.208969,-37.536621
0.56958,-0.974609,0.496948,543.640137,-174.621567,-45.654293
0.571777,-1.017334,0.737671,480.102509,-157.653809,-47.546383
0.474121,-0.925171,0.2229,412.658661,-79.162598,-40.283199
0.386353,-1.07666,-0.215332,387.695282,-65.002441,-39.855957
0.418335,-1.003052,-0.191284,313.903809,-95.947258,-22.033689
0.463013,-0.94165,0.027344,292.907715,-115.966789,-23.315428
0.492187,-0.952393,0.101563,303.222656,-83.06884,-21.606443
0.475586,-0.761841,-0.222656,252.624496,-23.315428,-7.080078
0.48938,-0.965454,-0.375854,167.480453,-14.831542,-20.019531
0.487549,-0.893677,-0.189087,32.958984,-9.94873,3.112793
0.447754,-0.795776,-0.290894,-10.620116,14.038085,12.390136
0.485962,-0.752686,-0.334595,11.96289,8.483887,13.793944
0.505859,-0.845459,-0.237427,1.89209,0.671387,5.065917
0.48645,-0.943726,-0.33374,-25.634764,12.939452,-0.244141
0.496582,-0.944092,-0.312622,-48.034664,9.521484,7.568359
0.475708,-0.840088,-0.252319,-83.374016,7.93457,19.470215
0.484863,-0.878662,-0.278931,-97.839348,16.052246,15.99121
0.519897,-0.978638,-0.23584,-144.592285,18.981934,21.789549
0.52832,-1.031738,-0.188477,-226.074203,25.024412,41.687008
0.500977,-1.15271,-0.161743,-311.279297,36.254883,72.143555
0.453491,-1.051025,-0.092773,-352.600067,40.344234,106.140129
0.491211,-0.721802,0.040283,-373.046844,54.13818,110.473625
0.591797,-0.721191,0.125366,-412.536591,60.852047,87.951653
0.627197,-0.968994,0.334595,-494.20163,72.753906,94.482414
0.632935,-0.914551,0.515747,-554.077148,100.341789,120.544426
0.625488,-0.776001,0.578735,-580.505371,132.019043,126.708977
0.630005,-0.498901,0.525024,-551.696777,156.982422,120.666496
0.72644,-0.272705,0.402588,-478.57663,153.198242,100.341789
0.820923,-0.177368,0.513672,-497.192352,145.141602,78.857422
0.871338,-0.05603,0.751343,-545.959473,169.372543,52.978512
0.789795,0.042847,0.748901,-529.968262,204.650864,6.286621
0.724976,-0.087891,0.544312,-451.23288,221.862778,-21.545408
0.824097,0.015747,0.425659,-427.551239,236.694321,-23.010252
0.897217,0.304932,0.318726,-480.83493,244.079575,-66.52832
0.832764,0.241821,0.380127,-518.432617,252.014145,-133.728027
0.754395,0.0802,0.289307,-459.838837,266.174316,-173.645004
0.701294,-0.013306,0.149658,-387.329071,262.207031,-192.321762
0.700684,-0.023682,0.044556,-416.992157,273.55957,-228.942856
0.620728,-0.172485,-0.093994,-466.552704,256.225586,-269.40918
0.529175,-0.320557,0.09668,-524.597168,246.520981,-289.123535
0.464111,-0.298462,0.058716,-578.308105,252.014145,-300.109863
0.191528,-0.655273,0.013306,-671.997009,240.35643,-349.79245
0.047241,-1.019897,0.241943,-630.92041,187.43895,-363.891571
0.147217,-0.846802,0.099731,-591.003418,155.761719,-323.791473
0.067505,-0.834229,-0.04248,-628.234863,95.092766,-322.509735
-0.06958,-1.085083,0.413452,-563.537598,-7.568359,-319.335937
-0.111694,-1.027588,0.666992,-549.804688,-59.753414,-263.61084
-0.167358,-1.061157,0.841064,-580.627441,-94.482414,-210.266098
-0.147217,-0.894409,1.048706,-489.623993,-115.478508,-143.371582
-0.088745,-0.705566,0.921997,-424.0112,-105.651848,-90.698235
-0.133667,-0.546875,0.952026,-449.645966,-120.300285,-51.391598
-0.233521,-0.384644,1.243042,-354.370087,-133.483887,-9.155273
-0.212036,-0.106567,1.165894,-241.882309,-94.482414,25.817869
-0.215576,-0.228394,1.069702,-219.848618,-86.242668,25.146482
-0.2854,-0.070923,1.064575,-146.728516,-97.351067,58.1665
-0.334717,0.052246,1.309326,-98.388664,-86.181633,59.326168
-0.346802,0.05481,1.188965,-69.030762,-39.367676,47.729488
-0.339233,0.029663,1.131592,-41.198727,-24.230955,42.602535
-0.325073,0.060181,1.186035,-28.07617,-19.836426,35.461426
-0.32019,-0.013916,1.166748,-37.780762,0.854492,23.864744
-0.35144,-0.096313,1.252197,-41.076656,22.521971,32.714844
-0.339233,-0.028564,1.307739,-25.573729,54.992672,56.457516
-0.337036,0.079468,1.165527,-25.390623,91.430656,65.185547
-0.299316,0.103394,1.089111,-7.263183,105.529778,63.96484
-0.228516,0.035278,1.134888,11.169433,114.44091,64.27002
-0.20166,0.044922,1.156006,5.371093,130.92041,64.147949
-0.158447,0.046753,1.264038,16.540527,141.906738,57.617184
-0.066528,0.044434,1.170288,60.668941,167.602524,57.739254
0.081055,-0.048462,0.990601,85.20507,177.246078,60.424801
0.094971,-0.229736,1.183594,115.722649,168.640121,80.444328
-0.062012,-0.511353,1.351318,167.785629,197.448715,131.958008
-0.330078,-0.630859,1.444702,117.736809,262.084961,226.013168
-0.129639,0.064697,1.377319,169.677719,328.186005,254.943832
0.294067,0.069702,0.758789,141.357422,317.504883,187.68309
0.345459,-0.364746,0.63208,52.429195,234.802231,180.053696
0.32605,-0.338013,0.989502,126.525871,216.857895,215.087875
0.359375,-0.239136,0.911987,265.869141,244.445786,237.487778
0.434692,-0.168579,0.544678,262.512207,229.064926,264.892578
0.517578,0.015259,0.281616,132.568359,172.607407,267.944336
0.550903,0.072021,0.370605,128.78418,124.1455,253.051743
0.617187,0.083374,0.472412,180.969223,118.835442,247.375473
0.612305,0.106323,0.402588,259.82666,111.328117,251.708969
0.559814,0.194458,0.397583,332.214325,87.341301,258.789062
0.589722,0.223389,0.423462,315.307617,65.002441,266.906738
0.606934,0.243164,0.389771,272.949219,43.273922,261.962891
0.588745,0.254883,0.418823,319.519043,22.827147,271.057129
0.585083,0.30957,0.43042,397.277802,-1.953125,281.616211
0.469482,0.153931,0.509155,491.882294,-38.94043,291.809082
0.3479,0.125122,0.663818,534.606934,-88.073723,336.852997
0.385498,0.411011,0.796875,466.85788,-123.657219,333.496063
0.436646,0.52124,0.833008,394.89743,-138.366699,264.953613
0.449951,0.439697,0.849243,360.290497,-150.817871,198.974594
0.375732,0.312744,0.878784,345.825165,-162.719711,142.089844
0.290894,0.144775,0.995972,339.050262,-166.320786,117.553703
0.293945,0.021362,1.046021,295.776367,-162.719711,82.214348
0.290405,0.052246,1.016602,215.087875,-169.006332,65.917969
0.24585,0.109253,1.172241,194.274887,-166.442856,33.813477
0.102905,-0.116943,1.082153,183.65477,-130.004883,-22.888182
0.020996,-0.322388,0.952881,171.630844,-120.178215,-51.086422
0.061768,-0.179932,0.963013,156.188965,-116.882317,-58.776852
0.104492,-0.100952,1.095581,99.487297,-113.281242,-98.022453
0.05188,-0.278687,1.311157,61.828609,-90.393059,-150.45166
-0.017334,-0.589722,1.199219,81.787102,-39.306641,-162.10936
-0.016479,-0.654663,1.084717,87.707512,-1.89209,-121.704094
0.029907,-0.69397,1.15979,67.260742,19.287109,-73.608398
-0.038818,-0.717407,0.984253,46.020504,40.954586,-20.935057
-0.079956,-0.658081,0.873779,72.32666,39.916992,40.466305
0.036011,-0.477417,0.891235,93.688957,38.024902,80.749504
0.078491,-0.523682,1.032349,76.477051,29.907225,70.983887
0.089966,-0.786377,1.194458,31.249998,38.391113,62.927242
0.101685,-0.910278,1.444092,17.456055,73.974609,104.73632
0.025024,-0.885132,1.526733,33.38623,153.198242,171.752914
-0.094849,-0.955078,1.420166,43.090816,245.666489,239.929184
-0.160645,-0.969482,1.50708,33.630371,298.095703,322.082489
-0.120972,-0.768433,1.387329,57.556149,378.051727,436.035126
-0.295044,-0.200195,0.942749,-46.56982,492.370575,519.165039
-0.179199,0.31543,0.043335,-154.602051,577.087402,456.054657
0.201782,0.225586,-0.334351,-171.997055,535.766602,294.372559
0.477051,0.154785,-0.443359,-174.743637,445.495575,186.218246
0.584717,0.158203,-0.60083,-177.246078,386.352509,143.676758
0.577637,0.057983,-0.503784,-93.933098,327.636688,134.094238
0.46521,-0.028687,-0.360962,-35.522461,290.95459,144.226074
0.502563,0.098633,-0.502441,-19.042969,280.578613,161.865219
0.617432,0.456787,-0.611084,-44.860836,271.54541,179.87059
0.429199,0.307495,-0.580566,-86.85302,275.45166,154.663086
0.326416,0.100098,-0.604858,-101.867668,287.963867,139.099121
0.289429,0.123779,-0.713623,-63.476559,273.681641,157.470703
0.38562,0.430298,-0.58252,-53.588863,264.526367,144.592285
0.146118,0.470581,-0.375488,-23.620604,312.37793,99.060051
0.006104,0.26001,-0.809692,3.90625,349.731415,93.749992
-0.067749,0.45459,-1.075195,-12.817382,318.603516,98.754875
-0.109863,0.656738,-1.2854,-78.186035,259.643555,50.415035
-0.16687,0.616455,-1.224487,-124.938957,200.012192,-2.319336
-0.294922,0.470337,-1.067383,-198.425278,193.969711,-37.658691
-0.452515,0.212402,-1.376587,-236.694321,163.085922,-58.776852
-0.408081,0.109131,-1.366089,-224.60936,81.17675,-52.673336
-0.410278,0.123779,-0.966797,-177.490219,70.739746,-45.776363
-0.475708,0.016724,-1.289185,-121.887199,64.880371,-35.15625
-0.475342,0.005249,-1.365234,-76.721191,13.916015,-29.907225
-0.451904,-0.091675,-1.187134,-63.354488,-11.108397,-26.855467
-0.448486,-0.16394,-1.3302,-67.260742,-42.968746,-12.268065
-0.406982,-0.067261,-1.513428,-72.998047,-115.417473,-1.525879
-0.410889,-0.026367,-1.575562,-57.983395,-192.077621,-9.765625
-0.400391,-0.202026,-1.649048,-43.640133,-271.362305,4.455566
-0.376831,-0.209473,-1.457764,-44.860836,-347.290009,28.503416
-0.208252,-0.096924,-1.295898,-35.522461,-392.578094,36.682129
-0.101563,-0.030029,-1.07251,9.094238,-417.114227,19.714355
-0.113647,-0.246948,-0.529785,33.325195,-413.452118,18.676758
0.336426,-0.34436,-0.157715,131.896973,-325.073212,47.180172
0.691528,-0.123413,-1.014038,68.847656,-181.64061,102.47802
0.214478,0.25647,-1.719971,-38.085937,-216.735825,119.445793
0.145752,0.284424,-1.155151,40.893551,-407.409637,29.724119
0.314453,0.093384,-0.532104,87.09716,-513.48877,-52.551266
0.30957,-0.004639,-0.546387,122.25341,-518.859863,-85.144035
0.367798,-0.044189,-0.203491,208.740219,-528.747559,-112.792961
0.374023,-0.119019,0.258057,218.139633,-496.398895,-144.042969
0.417969,-0.276733,0.344116,175.231918,-420.837372,-162.536606
0.528198,-0.144409,0.264771,110.717766,-376.647919,-163.452133
0.450439,-0.114502,0.469971,61.523434,-391.052216,-193.725571
0.400024,-0.445801,0.790771,14.953612,-384.765594,-227.050766
0.388916,-0.643921,0.730835,-29.418943,-309.692383,-187.622055
0.348755,-0.384521,0.575806,-61.645504,-252.685532,-114.135735
0.220581,-0.301025,0.830811,-83.374016,-261.901855,-104.248039
0.102539,-0.502686,0.99353,-108.459465,-261.59668,-114.746086
0.17041,-0.420166,1.070923,-106.872551,-246.582016,-84.472649
0.250732,-0.215698,1.244141,-86.364738,-215.02684,-61.584469
0.173462,-0.280396,1.239258,-81.970207,-146.30127,-72.814941
0.1073,-0.319336,1.151367,-83.129875,-85.876457,-73.852539
0.08313,-0.286377,1.207153,-71.105957,-62.133785,-69.580078
0.074829,-0.214478,1.195801,-49.316402,-39.855957,-71.655273
0.113892,-0.130493,1.102173,-43.579098,-14.465331,-88.74511
0.102173,-0.198242,1.072144,-24.04785,4.516602,-112.060539
0.066162,-0.272095,1.054565,15.319823,24.902342,-114.868156
0.006714,-0.290894,1.111084,52.429195,33.874512,-108.459465
0.022583,-0.371704,1.202271,69.213867,40.283199,-109.130852
0.100098,-0.562134,1.220215,99.731438,63.84277,-95.764153
0.297241,-0.632568,1.071411,151.611328,104.064934,-38.757324
0.357056,-0.637329,1.007935,210.99852,127.92968,31.738279
0.235107,-0.630859,1.061523,237.976059,138.793945,86.059563
0.051758,-0.72168,1.025513,245.117172,151.000977,126.708977
0.106201,-0.729248,0.86731,273.864746,144.714355,168.395981
0.307373,-0.63208,0.582031,270.629883,102.47802,183.898911
0.489746,-0.534912,0.663452,220.031723,62.927242,156.005859
0.565063,-0.609619,0.767944,169.433578,91.918938,124.938957
0.548462,-0.766602,0.594482,175.781235,118.34716,133.972168
0.553101,-0.762329,0.521118,193.35936,115.783684,148.742676
0.55603,-0.615234,0.347412,245.849594,103.149406,148.4375
0.638184,-0.522095,0.199463,283.569336,77.575684,139.465332
0.838623,-0.490845,0.184448,253.234848,62.011715,129.760742
0.87085,-0.531128,0.214844,205.383286,71.533203,121.215813
0.7146,-0.547363,0.15918,253.540024,81.420891,104.309074
0.678833,-0.585327,-0.022827,306.945801,78.796387,105.163567
0.816284,-0.471191,-0.127686,352.294891,56.762691,125.183098
0.874023,-0.370605,-0.147827,406.433075,31.616209,135.986328
0.906006,-0.363892,-0.200806,507.568329,0.244141,142.578125
0.779175,-0.380615,-0.310059,617.736816,-35.827637,161.071762
0.696167,-0.213257,-0.425049,624.633789,-85.20507,171.81395
0.796509,-0.063599,-0.269531,590.209961,-128.417969,151.184082
0.861816,0.068481,-0.164062,378.784149,-135.070801,138.000488
0.722046,0.469238,-0.108643,216.186508,-124.26757,105.651848
0.828979,0.572632,0.11438,186.157211,-113.647453,79.040527
0.977417,0.314575,0.258423,188.476547,-66.650391,26.672361
1.057007,0.202393,0.068848,200.012192,-21.057127,12.268065
0.904175,0.328369,-0.027222,232.849106,-19.714355,15.747069
0.88562,0.349731,0.003174,306.335449,-41.381832,2.929687
0.916992,0.394653,0.061523,337.402313,-69.702148,0.793457
0.95166,0.415894,0.219727,239.318832,-83.312981,-6.774902
0.987549,0.189697,0.364014,154.11377,-64.880371,-19.287109
0.970093,0.263672,0.341187,140.686035,-24.353025,-3.417969
0.953613,0.422241,0.33374,112.670891,-0.244141,-4.211426
1.008057,0.266724,0.352051,75.683594,19.65332,-22.033689
1.015259,0.240723,0.280762,55.419918,37.231445,-16.967773
0.975952,0.255249,0.285034,42.907711,44.128414,-15.319823
0.98938,0.228882,0.290283,49.743649,61.218258,-21.667479
1.008667,0.237305,0.26355,52.551266,81.970207,-25.329588
1.031982,0.325928,0.374146,40.161129,94.848625,-25.756834
1.002075,0.374634,0.42395,11.779784,125.91552,-24.29199
0.962524,0.472778,0.339233,-15.808105,174.865707,-35.583496
0.971313,0.310547,0.241211,-101.562492,210.205063,-65.612793
0.985962,-0.061279,0.12207,-172.180161,238.769516,-95.764153
0.93811,-0.285645,-0.444458,-396.911591,255.432114,-83.19091
0.929199,-0.540405,-0.602295,-620.666504,185.363754,-50.598141
0.835083,-0.827148,-0.804321,-607.910156,123.779289,0.610352
0.579834,-1.193359,-1.184326,-564.819336,54.748531,115.600578
0.341675,-1.026733,-1.067383,-368.102997,-55.297848,245.178207
0.324585,0.05835,-0.40918,-140.441895,-136.84082,280.212402
1.207642,1.31311,0.564209,118.652336,-147.583008,135.009766
1.729858,1.37085,1.397339,329.589813,-45.104977,-104.61425
0.996338,0.693237,0.506226,297.363281,209.2285,-248.596176
0.542603,-0.672485,-1.07019,138.85498,325.439423,-259.94873
0.471191,-1.422363,-1.600098,33.569336,189.880356,-106.567375
0.318237,-1.437622,-1.693115,-17.456055,10.864257,95.642082
0.233276,-0.425903,-1.277832,71.472168,-153.381348,174.804672
0.846436,0.834595,0.247925,300.476074,-148.254395,8.239746
1.452148,0.594238,0.86499,433.776825,52.12402,-146.728516
1.040161,0.012085,-0.241577,244.14061,157.836914,-88.86718
0.727783,-0.490479,-1.253906,31.738279,89.050285,1.708984
0.492432,-0.665649,-1.493042,-52.612301,-31.799314,90.332024
0.69812,0.212402,-0.616089,84.899895,-107.238762,37.536621
1.291016,0.436035,0.669556,229.675278,-27.709959,-72.509766
1.307983,0.395996,0.689819,203.979477,113.586418,-83.06884
0.88623,0.065674,-0.425293,52.307125,175.781235,-32.409668
0.369263,-0.517456,-1.96814,-87.341301,72.937012,61.706539
0.10083,-0.219727,-2.13562,-102.050774,-157.165527,111.999504
0.741211,0.198364,-0.129028,59.448238,-210.87645,23.986814
1.391846,0.346313,1.106445,173.095688,-45.654293,-39.794922
1.391846,0.682007,1.043823,112.915031,127.80761,-75.98877
0.920776,-0.067749,-0.457397,-0.305176,213.439926,-44.006344
0.273071,-0.561279,-2.286621,-89.721672,61.035152,57.983395
0.099854,-0.053467,-1.918701,-55.847164,-168.823227,71.228027
0.814453,0.350342,0.13147,69.213867,-190.185532,-6.469726
1.496094,0.482544,1.296265,115.600578,-21.118162,-58.349606
1.407837,0.307251,0.767578,46.936031,142.272949,-56.762691
0.75293,-0.321899,-1.130493,0.366211,173.645004,-30.456541
0.203857,-0.35144,-2.22644,-79.040527,69.580078,49.926754
0.379028,0.035034,-1.249146,-62.133785,-123.168938,71.716309
1.189575,0.427246,0.690063,45.043941,-179.809555,10.131835
1.665649,0.497925,1.569824,110.168449,-34.057617,-61.401363
1.183716,0.029907,0.191895,45.227047,165.710434,-64.575195
0.335083,-0.284424,-1.933228,-78.430176,179.565414,14.526366
0.027954,-0.317993,-2.25354,-120.11718,1.953125,64.27002
0.627808,-0.009155,-0.807617,-12.145995,-149.536133,45.959469
1.424316,0.443359,0.940063,100.524895,-148.742676,-8.239746
1.61499,0.611328,1.519287,102.661125,-17.39502,-51.086422
0.955811,0.210571,0.027588,-14.22119,132.507324,-35.339355
0.269531,-0.31311,-1.918335,-119.384758,143.188477,13.97705
0.251343,-0.686157,-2.259766,-134.094238,6.774902,43.457027
0.844849,-0.127075,-0.768555,0.366211,-141.906738,52.490231
1.540894,0.470093,1.122803,134.155273,-147.033691,-6.835937
1.392334,0.750244,1.450439,110.351555,5.737304,-46.813961
0.7854,0.177734,-0.114136,7.141113,160.766586,-49.255367
0.055542,-0.312622,-2.255493,-89.599602,163.207993,11.413573
0.228149,-0.571167,-2.308716,-105.712883,-24.963377,43.884274
0.978882,-0.227539,-0.523926,8.728027,-181.213364,42.297359
1.64917,0.549683,1.450317,135.437012,-163.696274,0.427246
1.494263,0.81665,1.807983,113.769524,11.352538,-46.142574
0.692749,0.160034,-0.174072,-9.338379,196.105942,-44.006344
-0.143921,-0.27478,-2.542603,-112.915031,189.514145,19.104004
0.063354,-0.599854,-2.523438,-121.704094,-26.672361,42.785641
1.018555,-0.30603,-0.464478,5.554199,-206.176743,36.865234
1.756592,0.392212,1.531006,130.126953,-179.74852,3.356933
1.448364,0.667603,1.546631,96.740715,6.652832,-24.230955
0.500732,0.140381,-0.714478,-34.057617,168.762192,-8.972168
-0.000488,-0.273438,-2.36145,-106.811516,115.722649,28.686522
0.111328,-0.498047,-2.395874,-74.279785,-63.232418,35.949707
0.769531,-0.387329,-1.157715,34.912109,-205.932602,39.0625
1.720825,0.416992,1.51001,139.221191,-150.817871,-16.113281
1.636963,0.955566,2.307983,67.993164,104.248039,-49.316402
0.901123,0.303223,0.490601,-33.874512,283.874512,-49.743649
-0.176514,-0.498535,-2.568604,-109.924309,221.252426,31.311033
-0.27002,-0.605225,-3.467651,-89.050285,-110.778801,66.101074
0.611328,-0.481567,-1.258301,27.648924,-290.588379,58.227535
1.445923,0.238647,1.144287,129.455566,-228.881821,24.841307
1.702271,1.235718,2.826294,105.468742,-6.530761,-43.273922
1.098633,0.790405,1.692627,-23.681639,276.428223,-77.941895
0.145874,-0.428345,-1.604614,-98.022453,323.303192,-21.423338
-0.385498,-0.779541,-3.765869,-127.136223,40.222164,53.833004
0.177612,-0.682007,-2.5177,-31.677244,-269.226074,78.918457
1.120483,-0.216675,0.052246,93.688957,-326.721161,66.101074
1.692749,0.88916,2.396484,135.559082,-166.564926,9.155273
1.385864,1.370605,2.743286,35.15625,138.793945,-65.979004
0.763184,0.282104,0.484253,-57.067867,341.186493,-83.923332
0.022217,-0.700684,-2.306519,-82.824699,308.71582,-23.132322
-0.485352,-0.923462,-4,-100.280754,-29.296873,78.063965
0.194824,-0.345215,-2.047607,-0.610352,-370.727509,89.660637
1.404053,0.094727,1.335083,150.57373,-328.918427,29.479979
1.795044,1.285034,3.222412,165.771469,-195.617661,5.859375
1.074829,0.860962,1.80481,54.321285,160.217285,-64.819336
0.093018,-0.36377,-1.576416,-56.823727,367.919891,-61.157223
-0.358276,-0.564453,-3.637085,-120.483391,227.233871,22.216795
0.216553,-0.779907,-2.571533,-108.39843,-117.187492,53.466793
1.174072,-0.58374,-0.128906,42.785641,-317.138672,56.27441
1.651367,1.091919,2.448242,145.507812,-305.603027,61.279293
1.372314,1.463257,3.096802,110.961906,-47.424313,-39.0625
0.49585,0.104248,-0.004517,-42.175289,304.992676,-79.589844
-0.107178,-0.602417,-2.868774,-123.596184,337.524384,-26.18408
-0.025146,-1.166382,-3.434937,-140.50293,82.214348,27.587889
0.839355,-0.649292,-1.288208,-33.26416,-230.4077,80.810539
1.643066,0.684082,1.943115,134.399414,-348.693817,63.781734
1.502441,1.751221,3.524658,164.794907,-140.869141,-14.953612
0.676636,0.560303,1.137695,7.141113,257.629395,-94.543449
-0.105957,-0.637695,-2.264038,-88.74511,419.311493,-66.223145
-0.506714,-1.165405,-4,-150.024414,236.755356,22.644041
0.212036,-0.817017,-2.55127,-94.90966,-167.785629,94.055168
1.376709,-0.063721,0.895264,94.421379,-408.3862,69.335937
1.6875,1.509399,3.326172,166.992172,-302.856445,39.550781
1.11853,1.12915,2.361206,47.668453,58.227535,-50.964352
0.60437,-0.066895,-0.243164,-64.147949,315.551758,-81.420891
0.369141,-0.717041,-1.967407,-71.044922,333.312958,-57.067867
0.349854,-0.896118,-2.861206,-70.3125,193.176254,4.882812
0.652588,-0.507324,-1.827515,-10.803222,-60.852047,49.621578
0.852783,-0.167358,-0.668457,57.434078,-170.166,46.020504
0.716797,-0.030518,-0.411255,60.607906,-162.658676,46.630856
0.196289,-0.056396,-0.963867,11.901855,-160.27832,86.486809
-0.516357,0.218994,-1.963013,12.512206,-246.27684,154.052734
-0.943726,0.118286,-2.473999,77.941895,-457.39743,152.160645
-1.42334,0.249023,-1.209839,113.159172,-756.28656,119.506828
-1.495361,0.512817,-0.205933,170.715317,-913.696228,45.959469
-1.144531,-0.011475,1.571289,191.162094,-875.915466,-53.955074
-0.674683,0.505493,3.761475,93.200676,-649.963318,-80.505363
-0.000122,0.19043,3.999878,37.841797,-203.674301,-90.393059
0.410889,-0.314087,2.289429,5.615234,13.000487,-30.334471
0.632202,-0.305908,1.327515,-3.356933,9.460449,-20.874022
0.83313,-0.255981,1.215332,12.390136,10.009766,5.065917
0.734741,0.035278,1.081177,30.395506,21.545408,22.338865
0.525269,0.216431,1.001831,45.715328,44.738766,29.113768
0.369385,0.373657,0.834473,34.362793,47.485348,26.489256
0.352905,0.380249,0.899048,12.573241,35.03418,6.591796
0.396729,0.255859,1.040649,2.13623,40.40527,-7.446289
0.458496,0.132324,1.261597,9.399414,70.129395,-14.648437
0.559326,-0.021851,1.704224,30.273436,142.883301,-19.348145
0.623779,-0.254517,2.547974,106.323235,282.775879,-18.920898
0.4823,-0.44104,3.762695,264.648437,541.687012,14.892577
-0.3573,-0.560303,3.999878,366.760223,907.775818,132.873535
-2.336914,-0.245972,3.086914,313.964844,1254.638672,291.320801
-3.998047,1.079712,0.849365,319.458008,1363.342163,306.274414
-3.313965,1.9552,-1.156372,246.887192,1139.953613,200.134262
-1.943726,1.347046,-2.239868,50.292965,698.364197,133.666992
-1.361816,0.803955,-2.477417,-62.499996,363.586395,103.759758
-0.993286,0.530151,-2.207031,-71.289062,239.929184,85.571281
-0.754761,0.677246,-1.338867,-11.413573,75.744629,56.762691
-0.456909,0.514893,-1.580811,10.803222,51.879879,20.202635
-0.158203,0.121704,-1.88208,-4.882812,6.835937,-1.403808
0.040649,0.11377,-1.595825,-1.159668,-74.34082,-2.624511
0.215698,0.280029,-0.809082,18.920898,-127.685539,-13.97705
0.318237,0.291626,-0.430786,14.526366,-96.313469,-17.63916
0.296753,0.268066,-0.697876,-11.474608,-29.907225,-4.02832
0.137451,0.290527,-1.235596,-34.179687,-12.145995,14.709472
-0.190918,0.314331,-1.966187,-74.21875,-67.260742,42.724606
-0.646606,0.356445,-2.690063,-130.737305,-211.364731,77.270508
-1.286499,0.615845,-2.862061,-184.936508,-465.759247,105.529778
-1.879761,0.563477,-2.177368,-209.411606,-785.5224,104.553215
-2.658691,0.447144,-1.154419,-212.219223,-1072.143555,123.962395
-3.107422,1.180908,0.111084,-189.880356,-1244.445801,160.339355
-2.363281,0.949463,1.699951,-108.154289,-1241.394043,52.429195
-1.085938,0.191162,2.972046,-55.297848,-1056.518555,-34.484863
-0.369141,0.564331,3.442505,-69.763184,-726.257263,12.145995
0.017822,0.185547,3.44397,32.104492,-316.833496,-28.503416
0.14209,0.088135,2.551025,60.18066,-19.836426,-33.813477
0.419312,0.238159,1.512817,-7.019042,46.56982,-25.817869
0.73645,-0.109253,1.279907,-24.597166,5.493164,-40.954586
0.771606,-0.080566,1.128906,0.061035,24.475096,-14.09912
0.62915,0.143188,0.836304,12.451171,73.608398,15.99121
0.522583,0.308838,0.508423,5.004883,92.590324,25.329588
0.536011,0.269287,0.616699,5.310058,62.744137,13.97705
0.585327,0.165161,1.34436,26.123045,56.701656,-1.281738
0.67688,0.016479,2.258057,87.280266,160.827621,-12.329101
0.680786,-0.246948,3.187256,197.38768,380.187958,-13.793944
0.393921,-0.408936,3.999878,349.79245,676.574646,14.892577
-1.184448,-0.256104,3.684814,424.0112,990.173279,128.356934
-2.331177,0.199707,2.861816,380.493134,1254.211426,270.996094
-3.431641,1.338623,0.259888,324.645966,1254.821777,262.878418
-2.490479,1.797363,-1.477295,231.201157,934.570251,143.432617
-1.490723,1.255981,-1.8573,77.148437,560.974121,82.885735
-1.115845,0.892944,-2.259888,-26.18408,284.851074,68.664551
-0.831299,0.847656,-1.948364,-24.536131,80.627434,37.536621
-0.401733,0.707153,-1.30603,-3.784179,23.986814,-9.70459
-0.042358,0.371704,-1.409668,-10.559081,19.65332,-15.319823
0.206177,0.045532,-1.736816,-0.915527,-25.024412,-12.390136
0.301147,0.102295,-1.437378,25.390623,-83.740227,-10.009766
0.290771,0.443726,-0.821899,22.888182,-97.778313,-16.601562
0.36438,0.440918,-0.500977,0.976562,-70.007324,-21.057127
0.423584,0.339722,-0.639282,-21.789549,-38.208008,-6.774902
0.268188,0.402954,-1.171875,-55.908199,-63.354488,13.732909
-0.033936,0.442383,-1.833252,-114.257805,-163.635239,39.123535
-0.452393,0.471558,-2.427124,-200.866684,-355.224579,77.392578
-1.091064,0.443237,-2.75708,-289.733887,-643.432556,130.67627
-2.054688,0.415771,-2.238525,-296.081543,-988.464294,199.951157
-2.932373,0.809448,-0.758301,-190.307602,-1207.763672,229.553207
-2.512207,1.067993,0.928711,-56.579586,-1161.865234,127.92968
-1.085938,0.30835,2.224976,27.893064,-967.895447,36.193848
-0.058716,-0.066528,3.375488,50.781246,-640.563965,58.28857
0.057007,0.661743,3.361328,48.156734,-431.518524,67.138672
0.16687,0.501099,2.355957,32.409668,-126.464836,14.22119
0.364258,0.370972,1.902954,-20.568846,-43.090816,-14.709472
0.616821,0.255615,1.311157,-25.573729,1.953125,-28.259275
0.660889,0.204834,1.019531,4.02832,7.202148,-31.311033
0.628418,0.230469,0.842407,12.390136,20.935057,-19.53125
0.609863,0.286743,0.681641,-0.183105,40.771481,-3.234863
0.609863,0.351685,0.765137,-9.82666,45.166012,2.13623
0.646118,0.366577,1.165039,8.300781,58.532711,-8.728027
0.688599,0.378174,1.741821,57.556149,124.511711,-33.569336
0.779907,0.20105,2.428955,133.361816,270.446777,-67.749023
0.724121,0.011719,3.075439,244.445786,499.755829,-79.833984
0.132568,-0.155518,2.991211,330.322235,780.273376,-29.174803
-0.964966,0.01001,1.82019,333.129852,1016.967712,80.200195
-1.818848,0.743408,0.191406,272.277832,1083.374023,165.466293
-1.688965,1.249878,-1.102295,236.32811,958.862244,138.977051
-0.999512,1.065918,-1.683594,186.157211,694.641052,68.847656
-0.727295,0.873291,-1.719604,83.618156,407.653778,50.170895
-0.502441,0.747314,-1.617188,36.376953,201.660141,35.583496
-0.194702,0.494873,-1.31189,25.756834,78.491211,14.587401
0.040039,0.387451,-1.258179,8.666992,35.705566,11.535644
0.273682,0.238159,-1.170776,24.658201,13.732909,3.601074
0.373047,0.223389,-1.175537,30.883787,1.464844,3.234863
0.359741,0.327515,-0.973755,26.428221,-24.902342,-2.685547
0.275146,0.424927,-0.915405,12.329101,-42.724606,-4.333496
0.084595,0.47644,-1.349243,-36.560059,-68.359375,7.629394
-0.19165,0.531128,-2.158325,-115.051262,-165.832504,34.240723
-0.63208,0.565674,-2.492798,-197.814926,-386.230438,61.706539
-1.156738,0.701416,-1.868774,-223.571762,-664.42865,73.974609
-1.594727,0.689941,-0.872925,-223.022446,-883.544861,76.538086
-1.533569,0.883789,0.214478,-177.917465,-980.590759,80.505363
-1.224365,0.695679,0.596191,-91.918938,-938.842712,32.897949
-0.571045,0.158569,1.226685,-39.916992,-842.956482,17.272949
0.139771,0.12561,2.784058,71.105957,-627.01416,-25.573729
0.658081,0.081543,3.453125,33.935547,-267.39502,12.390136
0.50708,0.499756,2.11499,-41.198727,-57.678219,18.554687
0.578979,0.161987,1.409912,-43.395992,-26.06201,-16.784668
0.764038,0.177368,1.267456,-21.728514,-14.770507,-15.563964
0.786621,0.265625,1.220825,-6.530761,14.587401,-19.042969
0.768066,0.227661,1.096558,-5.981445,58.28857,-15.563964
0.726685,0.310303,1.266113,-6.469726,124.206535,-16.967773
0.642456,0.74707,1.75,30.700682,235.778793,-60.485836
0.59314,1.240234,2.664673,145.385742,428.405731,-185.729965
0.478516,0.277588,2.678223,136.84082,681.518494,-217.834457
-0.48999,0.008667,1.748657,56.15234,878.601013,-132.507324
-1.351685,0.394653,0.571167,-94.970695,972.351013,-123.229973
-1.579956,0.314331,-0.97876,-319.030762,860.412537,-177.795395
-0.985474,-0.313843,-1.89209,-416.07663,581.481934,-215.332016
-0.330688,-1.492065,-2.213013,-470.092743,304.748535,-147.827148
-0.002075,-1.890625,-1.961914,-338.317841,92.65136,-9.399414
0.121216,-1.022095,-1.091553,-116.943352,0.12207,59.692379
0.102539,-0.396362,-0.703247,-57.006832,6.896972,45.654293
0.264771,-0.361694,-0.651611,-98.57177,21.240232,11.779784
0.4552,-0.644165,-0.610962,-139.526367,24.475096,6.16455
0.560791,-0.806763,-0.509766,-241.271957,27.160643,31.188963
0.578979,-0.762695,-0.467773,-309.997559,39.367676,62.683102
0.541016,-0.583862,-0.507446,-363.037079,49.987789,71.777344
0.477661,-0.427612,-0.504272,-392.028778,38.330078,58.715816
0.512573,-0.302124,-0.404175,-459.655731,11.108397,34.973145
0.60144,-0.533813,-0.014771,-542.96875,-22.827147,-13.061522
0.545532,-0.926758,0.272095,-537.536621,-25.756834,-64.758301
0.459351,-0.825317,0.237183,-592.407227,0.732422,-57.006832
0.405029,-0.513306,0.340332,-649.963318,3.90625,-37.109375
0.334961,-0.376587,0.58728,-640.136719,4.150391,-48.706051
0.25293,-0.538696,0.817139,-576.477051,1.464844,-93.01757
0.373047,-0.551025,0.907227,-495.971649,7.080078,-103.454582
0.408569,-0.323608,0.835937,-433.471649,19.348145,-73.608398
0.355103,-0.308472,0.787231,-320.251465,1.586914,-57.861324
0.313721,-0.207031,0.535767,-265.930176,-108.093254,-52.185055
0.217773,-0.050171,1.364868,-220.94725,-215.209946,-48.583981
0.198486,-0.146484,1.035278,-204.040512,-109.802238,-29.113768
0.170776,-0.057739,1.085938,-142.578125,-111.511223,10.742187
0.153198,-0.007813,1.365479,-94.848625,-124.572746,24.536131
0.186646,0.058228,1.11438,-96.984856,-86.303703,22.583006
0.248047,-0.10791,0.965454,-76.721191,-82.824699,17.456055
0.067261,-0.050293,0.870483,14.404296,-98.876945,53.771969
-0.178467,0.13855,0.954224,99.670403,-116.943352,86.242668
-0.159912,0.205688,1.175659,105.773918,-112.609856,75.98877
0.076416,0.12793,1.185791,43.762203,-79.956055,37.902832
0.114624,0.099731,1.508423,-23.132322,-8.850098,2.868652
0.106812,-0.081543,1.085693,18.920898,76.293945,-26.855467
0.002441,0.028809,1.004517,48.889156,38.146973,5.859375
0.005005,0.081665,1.008911,18.249512,22.338865,20.446775
0.023071,0.017334,1.004395,3.173828,14.343261,2.685547
0.026001,0.009399,1.010986,5.249023,10.681151,-2.441406
0.034424,-0.040771,1.0177,-1.831055,16.113281,-5.493164
0.024292,-0.084839,1.00293,-7.507324,15.197753,-10.620116
0.065918,-0.104126,0.987549,-5.676269,3.479004,1.647949
0.064087,-0.026978,0.995605,2.319336,-4.02832,16.418457
0.075562,0.034546,0.980835,15.747069,-17.150879,26.367186
0.049683,0.046509,1.003052,18.310547,-31.433104,30.029295
0.003662,0.011475,1.070068,4.455566,-33.02002,25.390623
-0.003662,0.022461,1.107788,67.749023,-17.089844,7.141113
0.077148,-0.076904,1.009888,70.922852,-8.605957,9.399414
0.048218,-0.061035,1.026855,68.603516,5.981445,9.338379
0.039673,-0.107544,0.935547,66.223145,9.216309,11.291503
0.042358,-0.065918,0.967896,39.489746,5.004883,6.04248
0.037231,-0.117188,0.984619,26.000975,5.310058,0.12207
0.031982,-0.177368,0.975342,14.404296,2.563476,-0.183105
0.032227,-0.168335,0.983643,4.699707,-1.159668,1.403808
0.030884,-0.160522,0.988037,0.366211,-3.051758,3.234863
0.032227,-0.138306,0.997314,-2.075195,-3.479004,4.02832
0.036621,-0.163574,0.980957,-2.746582,-2.319336,5.92041
0.037476,-0.14502,0.973755,-10.864257,-3.845215,7.873535
0.029785,-0.119507,1.017456,-10.19287,-3.051758,6.347656
0.025757,-0.115479,1.026001,2.075195,-0.488281,5.554199
0.027466,-0.106445,1.022705,8.605957,0.610352,5.310058
0.03186,-0.11499,0.995483,17.150879,2.563476,2.929687
0.033325,-0.157715,0.979004,13.85498,2.441406,0.061035
0.032837,-0.15918,0.978027,5.310058,0.732422,0.061035
0.031494,-0.149902,0.989014,-2.13623,-0.793457,0.305176
0.031372,-0.144531,0.999634,-4.821777,-1.281738,0.183105
0.033325,-0.139893,1.006104,-3.234863,-1.037598,0.183105
0.033081,-0.137695,1.002441,0.793457,-0.244141,0.305176
0.031738,-0.14917,0.989502,2.990722,0.427246,0
0.030396,-0.148315,0.996216,0.366211,-0.610352,-0.12207
0.03064,-0.136108,1.009521,1.770019,-0.549316,0.244141
0.029297,-0.146606,0.998657,7.93457,1.403808,0.12207
0.031494,-0.150879,0.987427,7.8125,1.464844,-0.305176
0.032959,-0.152222,0.991577,3.90625,0.488281,-0.732422
0.034302,-0.156372,0.989136,1.220703,-0.061035,-1.098633
0.035278,-0.154053,0.99292,-0.915527,-0.671387,-0.549316
0.034424,-0.150635,0.995361,-1.525879,-0.793457,-0.061035
0.031738,-0.150269,0.996948,-1.708984,-0.671387,-0.183105
0.028931,-0.148682,0.997437,-0.671387,-0.305176,0
0.028564,-0.152466,0.991089,-0.488281,-0.12207,-0.183105
0.031128,-0.153198,0.993408,-2.441406,-0.732422,-0.12207
0.033447,-0.146729,0.99707,-4.089355,-1.159668,-0.12207
0.031738,-0.140137,1.002197,-3.295898,-0.915527,-0.061035
0.03186,-0.141602,1.000977,-0.183105,-0.183105,-0.061035
0.031372,-0.148926,0.996704,2.01416,0.305176,-0.061035
0.032104,-0.148926,0.991333,1.159668,0.12207,-0.12207
0.029297,-0.146729,0.993286,-0.976562,-0.488281,-0.061035
0.0271,-0.145264,1.000122,-1.831055,-0.732422,-0.061035
0.027588,-0.142944,1.001465,-0.732422,-0.366211,-0.061035
0.028931,-0.141846,0.997192,1.098633,-0.061035,0
0.033569,-0.144287,0.994873,2.01416,0.183105,0
0.034912,-0.146118,0.994629,1.525879,0.183105,0.061035
0.032104,-0.147705,0.997192,0.671387,-0.12207,0.061035
0.030029,-0.143433,0.998901,0.976562,-0.061035,0
0.02771,-0.144897,0.997925,1.953125,0.183105,0
0.028687,-0.147583,0.995239,2.258301,0.244141,0.12207
0.031128,-0.147217,0.993652,1.342773,0.061035,0.061035
0.031616,-0.147949,0.994873,0.061035,-0.183105,0
0.031006,-0.149048,0.996216,-0.610352,-0.305176,-0.12207
0.031372,-0.148071,0.995239,-1.525879,-0.671387,-0.061035
0.031006,-0.142334,1.002319,0.12207,-0.183105,0
0.030518,-0.142578,1.000488,2.807617,0.488281,0
0.03125,-0.147461,0.994751,3.051758,0.427246,0
0.031128,-0.152832,0.992554,1.281738,0,-0.183105
0.031372,-0.151245,0.993164,-0.793457,-0.366211,-0.12207
0.03064,-0.144531,0.994995,-1.342773,-0.488281,0
0.02832,-0.145264,0.997314,-1.037598,-0.427246,-0.061035
0.029175,-0.14917,0.996948,-0.976562,-0.366211,-0.061035
0.031616,-0.146606,0.99646,-1.159668,-0.427246,-0.061035
0.031616,-0.143921,0.995728,-1.464844,-0.427246,-0.061035
0.030884,-0.14563,0.996826,-1.647949,-0.549316,-0.12207
0.029541,-0.143677,1.00061,-0.793457,-0.427246,-0.061035
0.028564,-0.141479,0.999634,0.732422,-0.061035,-0.12207
0.029175,-0.143311,0.997437,1.708984,0.183105,-0.12207
0.030151,-0.146729,0.995728,1.708984,0.183105,-0.12207
0.028809,-0.145874,0.994995,0.793457,-0.12207,0
0.029541,-0.144165,0.996948,-0.061035,-0.305176,-0.061035
0.030029,-0.143188,0.997192,-0.183105,-0.305176,-0.12207
0.030884,-0.143433,0.996338,0.183105,-0.12207,-0.12207
0.03064,-0.142578,0.996704,0.427246,-0.12207,-0.12207
0.029297,-0.143555,0.998291,0.488281,-0.12207,0
0.028076,-0.144409,0.997192,0.610352,-0.061035,-0.061035
0.029297,-0.144043,0.99707,0.915527,-0.061035,0
0.030151,-0.144287,0.99646,1.037598,0,0
0.029907,-0.145142,0.996216,0.915527,0,0
0.030273,-0.146484,0.996094,0.610352,0,-0.061035
0.030029,-0.144775,0.99585,-0.427246,-0.305176,0
0.02832,-0.14209,0.99939,-0.366211,-0.305176,0
0.028198,-0.143921,0.997559,1.037598,0.061035,0.061035
0.029175,-0.146729,0.995728,1.586914,0.12207,0
0.029419,-0.145874,0.993652,0.854492,-0.061035,-0.061035
0.030029,-0.144897,0.995728,-0.427246,-0.366211,-0.12207
0.029175,-0.143921,0.99646,-0.793457,-0.366211,-0.12207
0.029663,-0.143921,0.998413,-0.366211,-0.244141,-0.12207
0.029663,-0.143799,0.996094,0.061035,-0.12207,-0.061035
0.029053,-0.145386,0.994141,-0.427246,-0.244141,-0.061035
0.029297,-0.142212,0.998291,-1.525879,-0.610352,-0.061035
0.02832,-0.140259,0.999146,-0.610352,-0.305176,-0.061035
0.027466,-0.140991,0.999512,0.732422,0,-0.061035
0.028198,-0.143799,0.99585,1.647949,0.244141,-0.12207
0.029663,-0.145142,0.992676,1.159668,0.061035,-0.061035
0.029541,-0.143799,0.99585,-0.244141,-0.244141,-0.061035
0.030151,-0.1427,0.998413,-0.549316,-0.244141,-0.061035
0.029053,-0.1427,0.999023,0.061035,-0.12207,0
0.028687,-0.143677,0.99707,0.549316,0,0
0.028931,-0.143311,0.996216,0.427246,-0.061035,0
0.028564,-0.14209,0.99646,-0.061035,-0.183105,-0.061035
0.027832,-0.14209,0.998413,-0.061035,-0.183105,-0.12207
0.02771,-0.141968,0.998291,0.488281,-0.061035,0
0.028564,-0.142456,0.997925,1.159668,0.061035,0.061035
0.029541,-0.142822,0.996582,1.281738,0.061035,0.061035
0.030029,-0.143799,0.997437,0.732422,0.061035,-0.061035
0.031372,-0.143066,0.995605,0.061035,-0.183105,0
0.028931,-0.141602,0.998169,0.366211,-0.061035,0
0.027832,-0.142578,0.998169,0.854492,0,-0.061035
0.027832,-0.144897,0.997192,0.610352,-0.12207,-0.12207
0.028931,-0.143799,0.995605,0.061035,-0.183105,-0.12207
0.029419,-0.142822,0.995605,-0.244141,-0.305176,-0.061035
0.028564,-0.142334,0.997192,-0.12207,-0.305176,0
0.028198,-0.142334,0.99707,0.12207,-0.183105,-0.061035
0.027954,-0.141968,0.997314,0,-0.12207,-0.12207
0.029297,-0.142334,0.994995,-0.427246,-0.305176,-0.061035
0.028687,-0.142334,0.996948,-0.305176,-0.305176,0
0.029419,-0.141602,0.999146,0.183105,-0.12207,-0.061035
0.029785,-0.140625,0.998413,0.671387,-0.061035,-0.12207
0.02832,-0.141235,0.995361,0.610352,0,-0.12207
0.027832,-0.141724,0.995728,0.183105,-0.183105,-0.061035
0.027466,-0.143066,0.998413,0.061035,-0.183105,-0.061035
0.028809,-0.141235,0.997192,0.061035,-0.183105,0
0.030396,-0.140381,0.997437,0.305176,-0.183105,0
0.030151,-0.142456,0.996948,0.366211,-0.183105,0
0.027344,-0.142578,0.997192,-0.061035,-0.12207,-0.061035
0.026978,-0.140747,0.997314,-0.305176,-0.183105,-0.12207
0.0271,-0.139648,0.997925,0.061035,-0.12207,-0.061035
0.029175,-0.140991,0.998535,0.793457,0,0
0.029663,-0.141724,0.997559,1.159668,0.061035,0
0.029297,-0.141602,0.996582,0.915527,0,-0.061035
0.029053,-0.141602,0.996216,0.488281,-0.061035,-0.12207
0.028442,-0.141479,0.996948,0.305176,-0.183105,-0.061035
0.02832,-0.142212,0.998291,0.488281,-0.12207,-0.061035
0.026245,-0.143066,0.996216,0.549316,0,0
0.026733,-0.142578,0.995361,0.427246,-0.061035,0
0.027344,-0.140503,0.995239,0,-0.183105,-0.061035
0.027832,-0.140015,0.99646,-0.305176,-0.244141,-0.12207
0.03064,-0.139771,0.997925,-0.12207,-0.12207,-0.12207
0.031982,-0.139771,0.997314,0.244141,-0.12207,-0.061035
0.029419,-0.140015,0.996094,0.488281,-0.061035,0
0.026611,-0.142456,0.996582,0.244141,-0.12207,-0.061035
0.02478,-0.141602,0.996948,-0.366211,-0.305176,-0.12207
0.025391,-0.139893,0.997437,-0.305176,-0.244141,-0.061035
0.027222,-0.138306,0.998901,0.488281,-0.12207,0
0.029907,-0.140503,0.997192,0.976562,0,-0.061035
0.029907,-0.141357,0.995117,0.549316,0,-0.12207
0.029907,-0.138306,0.996704,-0.183105,-0.183105,-0.061035
0.028564,-0.138916,0.999023,-0.366211,-0.244141,-0.061035
0.027344,-0.141724,0.999268,0.12207,-0.12207,-0.061035
0.026733,-0.140381,0.997803,0.671387,0,-0.12207
0.025146,-0.138672,0.996948,0.732422,0,-0.12207
0.025146,-0.139771,0.996826,0.366211,-0.061035,-0.061035
0.026245,-0.140869,0.997925,0.12207,-0.12207,-0.061035
0.029053,-0.138062,0.997559,0.305176,-0.061035,0
0.03064,-0.137207,0.997559,0.671387,0,-0.061035
0.030151,-0.139893,0.998413,0.732422,0,-0.12207
0.028809,-0.141724,0.998047,0.366211,-0.12207,-0.061035
0.026978,-0.141113,0.997559,0.061035,-0.12207,-0.12207
0.026001,-0.139038,0.997681,0.183105,-0.061035,0
0.026855,-0.138184,0.997559,0.549316,-0.061035,-0.061035
0.028076,-0.140137,0.996582,0.610352,0,0
0.029175,-0.139038,0.99585,0.244141,-0.12207,-0.12207
0.029785,-0.139771,0.997437,-0.12207,-0.244141,-0.061035
0.028564,-0.140381,0.998413,0.12207,-0.12207,-0.12207
0.028809,-0.139893,0.998779,0.427246,-0.061035,0
0.027466,-0.140381,0.997681,0.427246,-0.061035,0
0.0271,-0.139526,0.996948,0,-0.183105,-0.061035
0.026489,-0.138794,0.997925,0,-0.12207,-0.061035
0.026733,-0.139404,0.997192,0.366211,-0.061035,-0.12207
0.027466,-0.139282,0.998047,0.732422,0,-0.061035
0.028564,-0.140259,0.997192,0.610352,-0.061035,-0.061035
0.029541,-0.140015,0.996094,0,-0.12207,-0.061035
0.028198,-0.139526,0.997803,-0.305176,-0.244141,-0.12207
0.02771,-0.138062,0.998535,-0.305176,-0.244141,-0.061035
0.02771,-0.136719,0.997925,0.183105,-0.12207,-0.12207
0.027588,-0.138062,0.997803,0.610352,0,-0.061035
0.02771,-0.140259,0.996948,0.732422,0,-0.061035
0.027344,-0.138916,0.996704,0.427246,-0.061035,-0.061035
0.028564,-0.137817,0.996216,0.305176,-0.12207,-0.12207
0.029175,-0.140259,0.998291,0.366211,-0.061035,-0.061035
0.028564,-0.139526,0.998291,0.366211,-0.12207,-0.061035
0.027588,-0.138306,0.995361,0.305176,-0.12207,-0.061035
0.027222,-0.137695,0.996948,0.366211,-0.12207,-0.061035
0.026001,-0.138428,0.998779,0.488281,0,-0.061035
0.026611,-0.138062,0.998535,0.610352,-0.061035,-0.061035
0.026611,-0.13916,0.997314,0.610352,-0.061035,0
0.027832,-0.140625,0.996704,0.488281,0,-0.061035
0.028687,-0.139771,0.997314,0.244141,-0.061035,-0.12207
0.028442,-0.138794,0.996216,-0.183105,-0.12207,-0.12207
0.027832,-0.137817,0.997192,-0.183105,-0.183105,-0.061035
0.02771,-0.138062,0.997314,0.183105,-0.183105,0
0.025635,-0.138184,0.997437,0.549316,-0.12207,0
0.026611,-0.138916,0.996094,0.610352,-0.061035,-0.12207
0.028198,-0.139282,0.996826,0.488281,-0.061035,-0.12207
0.028931,-0.139038,0.998047,0.244141,-0.061035,-0.12207
0.027344,-0.137451,0.99707,-0.061035,-0.183105,-0.061035
0.027832,-0.136963,0.997314,-0.061035,-0.183105,-0.061035
0.028442,-0.137573,0.999023,0,-0.244141,-0.12207
0.026245,-0.137573,0.997925,0.183105,-0.12207,-0.12207
0.026489,-0.137451,0.997437,0.427246,-0.12207,0
0.026733,-0.136475,0.997559,0.610352,0,0
0.026978,-0.137695,0.996704,0.671387,-0.061035,0
0.027588,-0.138794,0.99707,0.427246,-0.061035,-0.061035
0.027344,-0.138428,0.997925,0.183105,-0.12207,-0.12207
0.026733,-0.138428,0.998047,0.12207,-0.12207,-0.061035
0.026367,-0.137695,0.998779,0.244141,-0.061035,-0.12207
0.027344,-0.137573,0.997681,0.427246,0,-0.12207
0.027466,-0.137085,0.996948,0.427246,-0.061035,-0.061035
0.0271,-0.138184,0.997437,0.610352,0,-0.12207
0.027222,-0.137085,0.998657,0.610352,0,-0.12207
0.026855,-0.13855,0.998169,0.488281,-0.061035,-0.061035
0.026978,-0.139038,0.996948,0.366211,-0.12207,-0.061035
0.02771,-0.13916,0.997681,0.183105,-0.12207,-0.061035
0.027344,-0.137695,0.997681,0.183105,-0.061035,-0.061035
0.028198,-0.136597,0.998413,0.244141,-0.061035,-0.061035
0.028076,-0.137817,0.998657,0.305176,0,-0.061035
0.026855,-0.137573,0.997437,0.366211,-0.12207,0
0.026123,-0.137451,0.999634,0.427246,-0.061035,-0.061035
0.025513,-0.137329,0.997925,0.366211,-0.061035,0
0.026489,-0.136719,0.99707,0.244141,-0.061035,-0.061035
0.028198,-0.137085,0.997314,0.183105,-0.061035,-0.12207
0.029785,-0.137695,0.998047,0.12207,-0.183105,-0.061035
0.028809,-0.137817,1,0.183105,-0.12207,-0.061035
0.026611,-0.137329,0.997681,0.12207,-0.12207,-0.12207
0.024902,-0.137207,0.998657,0.183105,-0.12207,-0.061035
0.02417,-0.136963,0.998535,0.427246,-0.12207,-0.12207
0.025513,-0.136963,0.998047,0.488281,-0.061035,-0.12207
0.028198,-0.135498,0.996704,0.549316,0,-0.12207
0.028564,-0.133789,0.99585,0.488281,-0.061035,-0.12207
0.028809,-0.136597,0.996826,0.549316,-0.061035,-0.12207
0.027344,-0.137939,0.998901,0.305176,-0.244141,-0.061035
0.025146,-0.137451,0.998413,0.12207,-0.12207,-0.12207
0.025879,-0.136475,0.998779,0.366211,-0.061035,-0.12207
0.027344,-0.137817,0.998901,0.427246,0,-0.12207
0.028076,-0.136597,0.997681,0.183105,-0.12207,-0.061035
0.028687,-0.135864,0.996704,0,-0.183105,-0.061035
0.026367,-0.135254,0.998169,0.183105,-0.12207,-0.061035
0.025146,-0.137085,0.997314,0.793457,-0.061035,0
0.025879,-0.138428,0.998413,0.976562,0.061035,0
0.026489,-0.139771,0.998535,0.732422,0,-0.12207
0.026855,-0.136475,0.996704,0.12207,-0.12207,-0.183105
0.02771,-0.135254,0.997192,-0.244141,-0.12207,-0.061035
0.029297,-0.135864,0.998413,-0.12207,-0.12207,-0.061035
0.030273,-0.134155,0.998535,0,-0.183105,-0.061035
0.0271,-0.136963,0.998657,0.488281,-0.061035,-0.12207
0.024902,-0.13855,0.998291,0.732422,0,-0.12207
0.024292,-0.138184,0.997559,0.549316,-0.061035,0
0.026489,-0.136719,0.996704,0.488281,0,-0.12207
0.028931,-0.136841,0.997437,0.305176,-0.061035,-0.061035
0.030273,-0.136841,0.998901,0.061035,-0.12207,0
0.027466,-0.13562,0.998657,-0.183105,-0.183105,-0.12207
0.024902,-0.13562,0.996826,-0.061035,-0.183105,-0.12207
0.024902,-0.13623,0.998901,0.366211,-0.061035,-0.12207
0.025024,-0.136841,0.998901,0.854492,0,-0.12207
0.027954,-0.136353,0.996582,0.915527,0.12207,-0.061035
0.028442,-0.135864,0.996216,0.549316,0.061035,-0.12207
0.02771,-0.137329,0.996948,0.061035,-0.12207,-0.061035
0.026978,-0.136597,0.997559,-0.305176,-0.244141,-0.12207
0.026855,-0.134277,0.997803,0.12207,-0.183105,-0.183105
0.026611,-0.136719,0.999146,0.671387,-0.061035,-0.061035
0.026245,-0.138916,0.997437,0.854492,0.061035,-0.061035
0.026611,-0.13623,0.995728,0.427246,0,-0.061035
0.026978,-0.134888,0.996338,0.12207,-0.12207,-0.061035
0.027222,-0.136841,0.997925,-0.061035,-0.244141,-0.12207
0.026001,-0.134766,0.999878,0.366211,-0.12207,-0.061035
0.02771,-0.134033,0.998169,0.732422,0.061035,-0.061035
0.025635,-0.136475,0.998779,0.671387,0,-0.061035
0.02478,-0.138306,0.997681,0.305176,0,-0.12207
0.026123,-0.134644,0.997192,0.12207,-0.12207,-0.061035
0.026733,-0.135132,0.998535,0.183105,-0.12207,-0.061035
0.02832,-0.135498,0.998657,0.305176,-0.12207,-0.12207
0.0271,-0.13562,0.997925,0.183105,-0.12207,-0.061035
0.025757,-0.134521,0.997437,0.244141,-0.061035,-0.061035
0.026001,-0.136475,0.998657,0.427246,-0.061035,-0.061035
0.026733,-0.137085,0.998779,0.671387,-0.061035,-0.061035
0.027466,-0.135742,0.996338,0.488281,-0.061035,-0.12207
0.026489,-0.135376,0.99707,0.183105,-0.183105,-0.12207
0.025269,-0.13623,0.997559,-0.183105,-0.183105,-0.061035
0.025269,-0.13501,0.998657,0,-0.12207,-0.061035
0.027344,-0.133301,0.999023,0.305176,-0.061035,-0.061035
0.027466,-0.135742,0.999268,0.793457,-0.12207,0
0.027466,-0.137207,0.997803,0.793457,-0.061035,0.061035
0.027466,-0.134277,0.996094,0.427246,0,-0.12207
0.026855,-0.134399,0.998413,0.12207,-0.061035,-0.061035
0.026245,-0.136597,0.998413,0.183105,-0.12207,0
0.025146,-0.135376,0.999146,0.427246,-0.061035,-0.061035
0.025024,-0.135376,0.997437,0.610352,0,-0.12207
0.025635,-0.134521,0.996704,0.427246,-0.061035,-0.12207
0.027222,-0.134521,0.997559,0.366211,-0.061035,-0.12207
0.028442,-0.135254,0.997925,0.183105,-0.12207,0
0.028076,-0.134766,0.997803,0.183105,-0.061035,-0.061035
0.026978,-0.135742,0.997925,0.427246,-0.12207,-0.061035
0.026367,-0.13562,0.998047,0.366211,-0.12207,-0.061035
0.025757,-0.135864,0.998535,0.305176,-0.12207,-0.061035
0.025146,-0.135864,0.99939,0.305176,0,-0.061035
0.026611,-0.133789,0.996704,0.488281,0.061035,-0.061035
0.027588,-0.133789,0.995728,0.549316,-0.12207,-0.061035
0.027344,-0.137451,0.998779,0.305176,-0.12207,-0.061035
0.027466,-0.13562,0.998413,-0.061035,-0.183105,-0.12207
0.026245,-0.131836,0.997314,0.061035,-0.12207,-0.12207
0.025513,-0.134766,0.998047,0.549316,0.061035,-0.12207
0.024536,-0.135742,0.999023,0.549316,0,-0.061035
0.02478,-0.134399,0.996948,0.488281,0,-0.12207
0.026245,-0.132568,0.997681,0.244141,-0.12207,-0.061035
0.028442,-0.134766,0.997559,0.305176,-0.12207,-0.12207
0.02832,-0.135132,0.998169,0.183105,-0.12207,-0.061035
0.026855,-0.134155,0.997314,0.183105,-0.12207,0
0.025146,-0.134888,0.997437,0.244141,-0.12207,-0.12207
0.025024,-0.134521,0.998413,0.366211,-0.061035,0
0.025757,-0.134521,0.998291,0.610352,0,-0.061035
0.025879,-0.134155,0.999023,0.671387,0,-0.12207
0.027344,-0.134521,0.998535,0.671387,0,-0.061035
0.026733,-0.134521,0.998291,0.244141,-0.183105,0
0.027832,-0.135132,0.998901,0.061035,-0.183105,-0.061035
0.026245,-0.135376,0.998291,0.061035,-0.183105,-0.12207
0.025879,-0.133545,0.998657,0.305176,-0.061035,-0.061035
0.026733,-0.133789,0.997803,0.488281,-0.061035,-0.061035
0.025513,-0.134766,0.997681,0.427246,-0.061035,-0.061035
0.025024,-0.132935,0.997314,0.366211,-0.061035,0
0.026001,-0.133911,0.997681,0.427246,-0.061035,-0.061035
0.026611,-0.134277,0.999512,0.488281,-0.12207,-0.061035
0.026978,-0.134277,0.997925,0.366211,-0.061035,-0.061035
0.026489,-0.134521,0.997803,0.12207,-0.12207,-0.061035
0.026733,-0.133545,0.997192,0.12207,-0.12207,-0.061035
0.026123,-0.133667,0.997437,0.244141,-0.12207,-0.061035
0.026245,-0.133911,0.997681,0.427246,-0.061035,0
0.026855,-0.133057,0.997559,0.610352,0,0
0.025635,-0.133789,0.998657,0.610352,-0.061035,-0.061035
0.02478,-0.136108,0.999146,0.305176,-0.12207,-0.12207
0.024414,-0.133789,0.998169,0.244141,-0.12207,-0.061035
0.026611,-0.132568,0.997925,0.305176,-0.061035,-0.061035
0.027222,-0.133423,0.997559,0.366211,-0.061035,-0.061035
0.0271,-0.133789,0.998901,0.366211,-0.061035,-0.12207
0.026123,-0.133545,0.998047,0.305176,-0.12207,-0.061035
0.025879,-0.133179,0.997925,0.244141,-0.12207,0
0.025635,-0.133301,0.999146,0.488281,-0.061035,-0.061035
0.025635,-0.133667,0.998779,0.610352,0.061035,-0.061035
0.026367,-0.134399,0.997925,0.610352,0.061035,-0.12207
0.026611,-0.134155,0.997681,0.366211,-0.12207,-0.12207
0.026611,-0.133667,0.999023,0.183105,-0.183105,-0.061035
0.024902,-0.134155,0.99939,0.244141,-0.12207,-0.061035
0.023193,-0.133301,0.999023,0.366211,-0.061035,-0.061035
0.024902,-0.133911,0.998169,0.671387,0,-0.061035
0.026367,-0.133789,0.998291,0.732422,0,-0.061035
0.028076,-0.133545,0.997681,0.488281,0,-0.061035
0.028931,-0.133667,0.998047,0.183105,-0.061035,-0.12207
0.026245,-0.133301,0.998413,0.12207,-0.183105,-0.12207
0.02478,-0.134644,0.999146,0.12207,-0.12207,-0.061035
0.024536,-0.134644,0.999023,0.305176,-0.12207,-0.061035
0.024536,-0.133667,0.997559,0.488281,-0.061035,-0.061035
0.026489,-0.132812,0.99707,0.610352,-0.061035,-0.12207
0.027466,-0.132935,0.997681,0.488281,-0.061035,-0.12207
0.02771,-0.133423,0.99707,0.183105,-0.12207,-0.183105
0.026978,-0.132812,0.997559,0.061035,-0.183105,-0.061035
0.025269,-0.13269,0.998779,0.183105,-0.061035,-0.061035
0.02478,-0.133545,0.998657,0.366211,0,-0.061035
0.024902,-0.134766,0.997559,0.610352,0,-0.12207
0.026489,-0.133667,0.997314,0.549316,-0.061035,-0.061035
0.026367,-0.133179,0.997925,0.366211,-0.061035,-0.12207
0.026733,-0.133423,0.997803,0.244141,-0.12207,-0.061035
0.026611,-0.134766,0.998901,0.244141,-0.12207,-0.061035
0.026245,-0.134644,0.999023,0.366211,-0.12207,-0.061035
0.025391,-0.133301,0.999634,0.366211,-0.061035,-0.061035
0.024902,-0.133057,0.999023,0.488281,0.061035,-0.061035
0.025513,-0.13269,0.998169,0.488281,-0.061035,-0.12207
0.026123,-0.132568,0.998047,0.427246,-0.061035,-0.061035
0.026611,-0.132935,0.998169,0.427246,-0.061035,-0.061035
0.026001,-0.134033,0.998413,0.305176,-0.061035,-0.061035
0.026367,-0.134033,0.999146,0.305176,-0.12207,-0.12207
0.025635,-0.13269,0.999023,0.305176,-0.12207,-0.061035
0.025757,-0.133057,0.997803,0.305176,-0.061035,0
0.025635,-0.133911,0.998413,0.366211,-0.061035,0
0.025146,-0.13269,0.997803,0.366211,-0.061035,0
0.025146,-0.131348,0.999146,0.427246,-0.183105,-0.12207
0.025635,-0.132935,0.999512,0.427246,-0.12207,-0.12207
0.025757,-0.133301,0.998535,0.488281,-0.061035,-0.061035
0.025146,-0.13269,0.998413,0.427246,-0.12207,-0.12207
0.025146,-0.133911,0.999268,0.244141,-0.061035,-0.12207
0.025757,-0.133301,0.998779,0.061035,-0.12207,-0.061035
0.026123,-0.133057,0.998535,0.061035,-0.12207,0
0.025024,-0.132202,0.999146,0.305176,-0.183105,-0.061035
0.026001,-0.130737,0.997925,0.610352,0,-0.183105
0.025757,-0.132446,0.997314,0.793457,0,-0.061035
0.025269,-0.132568,0.997925,0.610352,-0.061035,0
0.026001,-0.133423,0.998291,0.244141,-0.061035,-0.12207
0.0271,-0.133667,0.998169,0.12207,-0.12207,-0.061035
0.025879,-0.133179,0.997925,0.061035,-0.183105,-0.061035
0.025635,-0.132202,0.997925,0.061035,-0.183105,-0.12207
0.025391,-0.131348,0.998779,0.244141,-0.183105,-0.061035
0.026489,-0.132202,0.997559,0.488281,-0.061035,-0.12207
0.026489,-0.133667,0.998535,0.793457,0,-0.061035
0.026733,-0.133179,0.998291,0.671387,0,-0.061035
0.026245,-0.134277,0.998047,0.427246,-0.12207,-0.061035
0.025391,-0.133667,0.997925,0.12207,-0.12207,-0.061035
0.025513,-0.131104,0.997925,0.061035,-0.183105,-0.12207
0.025513,-0.132324,0.999146,0.244141,-0.12207,-0.061035
0.024902,-0.133423,0.999878,0.610352,0,-0.061035
0.024902,-0.133301,0.997314,0.610352,0,-0.12207
0.026245,-0.132446,0.99707,0.610352,0,-0.061035
0.026367,-0.134155,0.998169,0.427246,-0.061035,0
0.025513,-0.133301,0.998657,0.305176,-0.12207,-0.12207
0.024902,-0.13208,0.99707,0.183105,-0.061035,-0.12207
0.024658,-0.132324,0.996948,0.183105,-0.061035,-0.12207
0.025757,-0.132568,0.998657,0.305176,-0.12207,-0.12207
0.025391,-0.132202,0.999023,0.366211,-0.12207,-0.12207
0.026123,-0.133789,0.998657,0.488281,-0.12207,-0.061035
0.025513,-0.13208,0.997314,0.549316,-0.061035,-0.183105
0.02478,-0.133179,0.998535,0.427246,-0.061035,-0.183105
0.024414,-0.133667,0.999268,0.244141,-0.12207,-0.061035
0.026123,-0.132202,0.999146,0.183105,-0.12207,-0.061035
0.026733,-0.132446,0.998901,0.305176,-0.061035,-0.12207
0.027466,-0.132935,0.998047,0.366211,-0.061035,-0.061035
0.025391,-0.13269,0.998169,0.427246,-0.061035,-0.12207
0.025269,-0.132812,0.999878,0.366211,-0.061035,-0.061035
0.024658,-0.13269,0.999146,0.427246,-0.12207,-0.12207
0.026855,-0.132446,0.998291,0.549316,-0.061035,-0.12207
0.026611,-0.131592,0.998535,0.427246,0,-0.12207
0.026978,-0.131348,0.998291,0.244141,-0.12207,-0.061035
0.027222,-0.131958,0.997925,0.244141,-0.061035,-0.061035
0.025757,-0.132202,0.999634,0.366211,-0.061035,0
0.025146,-0.131714,0.998779,0.488281,-0.12207,0
0.025146,-0.132568,0.997803,0.610352,0,-0.061035
0.024902,-0.133057,0.996704,0.549316,0,-0.061035
0.02478,-0.131836,0.998413,0.427246,-0.061035,-0.12207
0.025146,-0.130859,0.997559,0.244141,-0.061035,-0.12207
0.026611,-0.131226,0.998657,0.305176,-0.12207,-0.061035
0.025146,-0.131958,0.999512,0.427246,-0.061035,-0.12207
0.024902,-0.13147,0.998535,0.427246,-0.061035,-0.061035
0.024658,-0.132812,0.998047,0.305176,-0.061035,-0.061035
0.025757,-0.132202,0.997803,0.366211,-0.061035,-0.12207
0.026245,-0.132568,0.998413,0.305176,-0.061035,-0.061035
0.025879,-0.131592,0.998657,0.305176,-0.12207,0
0.026123,-0.131592,0.997681,0.305176,-0.12207,-0.12207
0.025513,-0.132324,0.998291,0.366211,-0.061035,-0.12207
0.025269,-0.133911,0.998779,0.427246,-0.061035,-0.12207
0.025024,-0.131592,0.997803,0.427246,-0.061035,-0.061035
0.025757,-0.131958,0.998413,0.549316,0,-0.061035
0.026123,-0.131958,0.998779,0.427246,-0.061035,-0.061035
0.026489,-0.131348,0.998535,0.305176,-0.061035,-0.12207
0.025391,-0.131592,0.998413,0.305176,-0.061035,-0.12207
0.024902,-0.131836,0.998901,0.305176,-0.061035,-0.061035
0.025635,-0.131348,0.998779,0.427246,-0.061035,-0.12207
0.025513,-0.13269,0.998047,0.488281,0,-0.061035
0.026245,-0.132812,0.998291,0.366211,-0.12207,-0.061035
0.025391,-0.130737,0.996826,0.244141,-0.061035,-0.061035
0.026001,-0.130737,0.997681,0.305176,-0.12207,-0.12207
0.026245,-0.132812,0.998291,0.366211,-0.061035,-0.061035
0.025513,-0.131104,0.998901,0.427246,-0.061035,0
0.024658,-0.130981,0.999023,0.488281,0,-0.12207
0.026001,-0.13269,0.998779,0.488281,-0.061035,-0.12207
0.026245,-0.132935,0.998169,0.366211,-0.12207,0
0.025024,-0.13147,0.99646,0.183105,-0.12207,-0.061035
0.024536,-0.130737,0.999634,0.183105,-0.061035,-0.183105
0.024414,-0.13208,0.99939,0.427246,-0.12207,-0.061035
0.024536,-0.131592,0.998779,0.610352,-0.12207,0
0.026123,-0.131592,0.997681,0.549316,-0.061035,0
0.026611,-0.131958,0.998779,0.610352,-0.061035,0
0.026611,-0.131958,0.998047,0.305176,-0.061035,-0.061035
0.035034,-0.114624,0.979126,0.061035,0.061035,0
0.036133,-0.053833,0.940186,-12.512206,-0.488281,-1.586914
0.010864,-0.112915,1.111572,-31.127928,-3.723144,-10.0708
0.004395,-0.288696,1.022339,10.986327,5.676269,-12.023925
0.056396,-0.103882,1.113037,40.344234,5.432128,11.474608
0.171753,-0.073486,1.232666,99.060051,3.234863,27.465818
0.199707,-0.968994,1.677734,149.780273,-5.432128,33.14209
-0.026123,-0.83374,2.394287,3.173828,65.795898,126.953117
-0.247437,-0.589478,2.292358,-106.079094,224.121078,196.289047
-0.696411,-0.717651,2.017578,-169.250473,361.694305,227.844223
-0.793457,-0.382813,1.351929,-154.47998,483.215302,304.504395
-0.586792,-0.037598,1.056641,-149.597168,490.722626,305.419922
-0.125977,0.372559,1.314697,-198.974594,451.293915,205.261215
-0.099854,0.472412,1.535278,-255.798325,528.381348,111.328117
-0.536987,0.254639,1.247803,-333.679169,645.629822,52.551266
-0.705322,0.244507,0.2771,-520.629883,672.912537,-40.771481
-0.668457,0.008789,-0.380615,-425.231903,628.90625,-174.255356
-0.335327,-0.426147,-0.889648,-281.37207,521.66748,-207.519516
-0.089966,-0.53186,-0.932617,-223.266586,400.878876,-191.894516
0.041748,-0.35083,-0.901978,-184.631332,358.825653,-180.480942
0.111938,-0.30249,-1.17041,-185.424789,319.580078,-190.063461
0.15271,-0.53064,-1.672241,-181.518539,224.426254,-182.495102
0.243408,-0.72229,-1.855103,-135.864258,75.622559,-132.568359
0.30127,-0.739136,-1.575562,-64.025879,-29.96826,-67.443848
0.419312,-0.68689,-1.405884,3.417969,-90.209953,-11.718749
0.416748,-0.566162,-1.336792,29.296873,-134.399414,37.902832
0.455322,-0.514282,-1.319824,32.043457,-190.002426,68.359375
0.572754,-0.515259,-1.174438,112.731926,-242.492661,90.637199
0.725342,-0.308838,-1.375854,227.783188,-311.157227,99.304192
0.759766,-0.148071,-1.544678,392.578094,-418.21286,78.430176
0.615967,-0.29126,-1.259033,388.427704,-515.625,52.612301
0.288452,-0.107544,-0.821899,311.523437,-623.22998,73.486328
0.027832,0.292358,-0.069824,367.858856,-666.56488,-1.647949
-0.028198,-0.088623,0.479858,398.315399,-636.474609,-55.053707
0.023682,-0.313721,0.525879,392.394989,-524.353027,-112.365715
-0.000122,-0.476929,0.28833,322.204559,-450.866669,-150.32959
-0.018799,-0.57251,0.72168,263.793945,-434.814423,-171.691879
-0.05896,-0.492798,1.209717,185.119614,-369.873016,-180.664047
0.055298,-0.393311,1.39624,132.751465,-244.079575,-211.547836
0.130249,-0.495239,1.602539,36.865234,-121.154778,-250.244125
0.020142,-0.622314,1.342285,-90.332024,-10.437011,-251.95311
0.165649,-0.701904,1.074097,-84.594719,54.016109,-224.8535
0.256592,-0.703857,0.914917,-35.766602,77.453613,-173.767075
0.317993,-0.725708,0.95874,-13.549804,58.349606,-125.610344
0.368164,-0.641968,1.187744,19.104004,50.415035,-74.09668
0.314575,-0.525269,1.447388,38.574219,109.863274,-46.874996
0.370239,-0.615356,1.401001,-7.751464,219.543442,-48.828121
0.358521,-0.638306,1.390625,-95.947258,327.575653,-36.437988
0.345825,-0.530762,1.303589,-227.294907,451.965302,-29.602049
0.317871,-0.563232,0.921875,-338.378876,555.664063,-62.988277
0.437866,-0.633179,0.728149,-326.721161,514.343262,-79.711914
0.387817,-0.434204,0.952026,-221.740707,457.336395,-45.959469
0.304443,-0.266113,0.417847,-196.838364,498.657196,-41.687008
0.422485,-0.365601,-0.380615,-163.818344,451.843231,-73.852539
0.6073,-0.413086,-0.352783,-154.174805,277.526855,-87.280266
0.736694,-0.50061,-0.229126,-152.709961,172.05809,-91.491692
0.916626,-0.341553,-0.256592,-120.849602,133.361816,-84.899895
0.850342,-0.362671,-0.023193,-144.775391,96.435539,-108.947746
0.723389,-0.546997,-0.000366,-182.800278,90.393059,-128.723145
0.832153,-0.531616,-0.181519,-154.724121,88.500969,-128.051758
0.886108,-0.442261,0.021973,-88.500969,75.98877,-138.48877
0.684326,-0.623169,0.263916,-70.617676,80.26123,-148.498535
0.740723,-0.49292,0.177979,-35.15625,95.947258,-111.145012
0.997437,-0.062622,0.168335,-48.706051,126.464836,-137.451172
0.924683,-0.053223,0.2948,-103.515617,186.706528,-251.220688
0.483521,-0.20105,0.421021,-121.276848,244.995102,-338.0737
-0.02124,-0.602783,0.310059,-92.102043,253.662094,-359.252899
-0.154907,-1.045288,-0.14563,-44.189449,210.754379,-303.710937
0.134766,-1.072144,-0.570557,-31.98242,126.342766,-237.060532
-0.085327,-1.058228,-0.25061,-39.306641,58.654781,-208.190903
-0.153564,-1.191895,-0.154297,-36.499023,52.185055,-162.658676
-0.071289,-1.078735,-0.373169,-36.010742,36.865234,-140.441895
-0.269775,-1.235962,-0.29895,-16.357422,7.751464,-119.873039
-0.286255,-1.407959,-0.27417,-4.272461,-4.638672,-68.786621
-0.09729,-1.177734,-0.286743,-15.502929,-15.747069,-31.127928
-0.165161,-1.140259,-0.152344,2.01416,-28.869627,-16.113281
-0.223022,-1.264893,0.018677,-20.080564,-11.901855,16.174316
-0.127319,-1.100464,-0.064453,-14.404296,3.417969,21.362303
-0.080566,-1.28772,-0.136963,1.464844,5.187988,45.959469
0.05249,-1.191162,-0.235474,-22.27783,-5.004883,81.665031
0.093994,-0.900879,-0.143311,-33.14209,-20.446775,68.29834
0.059937,-1.008423,-0.050781,-25.024412,-18.554687,56.27441
0.101685,-1.117676,-0.07019,-46.936031,-7.202148,73.547363
-0.010986,-0.971924,-0.223633,-112.54882,-4.516602,88.256828
0.197998,-0.89563,-0.047974,-63.598629,-37.414551,72.998047
0.290894,-0.808838,0.257202,-34.057617,-17.150879,64.941406
0.248657,-0.682373,0.359253,9.155273,7.8125,52.917477
0.142212,-0.915161,0.056519,32.653809,50.354,12.634276
0.100342,-1.350342,-0.045288,-17.333984,48.400875,3.112793
0.119751,-1.324707,-0.012207,-58.837887,37.353516,56.091305
0.224731,-1.07959,-0.043945,-99.182121,35.461426,107.299797
0.23877,-1.089111,0.037109,-148.681641,29.479979,117.675774
0.199341,-1.312866,0.214478,-193.969711,31.677244,122.375481
0.279419,-1.248657,0.22229,-210.266098,48.828121,157.287598
0.312988,-1.262085,0.213745,-204.711899,59.143063,168.212875
0.219849,-1.339722,0.539551,-167.663559,52.001949,182.861313
0.319214,-1.307861,0.513428,-116.333,79.040527,246.520981
0.424683,-1.078247,0.287842,-79.650879,99.792473,319.335937
0.51416,-0.880005,0.278809,-29.724119,86.120598,364.562958
0.668579,-0.590454,0.129272,-14.465331,81.420891,398.55954
0.574219,-0.336182,0.286743,-67.321777,65.124512,408.935516
0.601929,-0.100586,0.272095,-98.57177,77.331543,400.878876
0.59314,0.054687,0.248169,-118.957512,90.393059,372.863739
0.473267,0.197998,0.456787,-141.784668,100.219719,342.346161
0.491943,0.227539,0.297119,-163.391098,136.84082,312.744141
0.51001,0.305176,0.20874,-155.944824,163.391098,311.584473
0.487915,0.463257,0.170532,-132.751465,198.730453,303.833008
0.5271,0.439819,-0.072876,-121.704094,228.088364,258.911133
0.45166,0.441772,-0.17041,-149.902344,222.83934,227.416977
0.219604,0.512207,-0.017578,-183.959946,229.492172,227.661118
0.182251,0.747437,-0.374878,-148.681641,278.442383,217.834457
0.236572,0.760132,-0.755249,-111.511223,272.460937,163.818344
0.371704,0.709351,-0.954102,-120.483391,212.585434,105.285637
0.366333,0.651489,-0.944702,-171.081528,149.841309,62.805172
0.318604,0.682129,-0.862549,-170.776352,122.741692,55.358883
0.297974,0.599731,-0.859741,-152.46582,119.201653,32.165527
0.28479,0.424438,-0.860474,-132.019043,121.276848,-0.244141
0.305786,0.315308,-1.114258,-108.093254,117.553703,5.126953
0.319824,0.351074,-1.172607,-136.474609,75.439453,43.273922
0.296753,0.56897,-1.179932,-141.235352,51.147457,57.189938
0.288086,0.542114,-1.181274,-104.73632,39.123535,42.175289
0.231934,0.383667,-1.054932,-98.327629,31.005857,33.14209
0.207275,0.273926,-1.002319,-111.145012,22.460936,22.705076
0.187256,0.28772,-1.13623,-105.163567,4.150391,41.687008
0.141602,0.496338,-1.160156,-88.98925,-15.075683,40.893551
0.127197,0.50708,-1.087402,-69.763184,-23.498533,15.808105
0.188232,0.415161,-0.995728,-44.860836,-11.169433,-2.929687
0.233643,0.371216,-1.106201,-13.305663,-4.394531,-9.277344
0.296753,0.33313,-1.167114,-16.113281,-24.536131,-11.96289
0.303711,0.284424,-1.05481,-11.718749,-38.146973,-1.708984
0.299927,0.301636,-1.005127,5.798339,-38.452148,-1.098633
0.303223,0.223389,-0.882202,13.244628,-38.452148,-5.371093
0.311768,0.202515,-0.828735,18.371582,-31.005857,-3.845215
0.326538,0.228149,-0.891479,10.681151,-34.423828,-2.624511
0.368164,0.225952,-0.896118,6.835937,-39.306641,0.244141
0.395752,0.250488,-0.924072,15.380858,-42.5415,2.258301
0.389648,0.227905,-0.897827,19.226074,-49.194332,0.854492
0.392578,0.207642,-0.865356,21.484373,-54.565426,-3.356933
0.375366,0.258301,-0.93335,22.094725,-65.795898,-8.300781
0.371826,0.323608,-0.988403,23.193357,-81.237785,-22.827147
0.411499,0.325439,-1.057983,21.057127,-90.637199,-30.151365
0.420044,0.337036,-1.07605,17.700195,-115.234367,-41.198727
0.416138,0.315918,-0.987549,24.597166,-137.634277,-50.964352
0.411011,0.390503,-1.041382,33.38623,-148.4375,-56.701656
0.430786,0.458618,-1.011475,35.888672,-172.790512,-70.556641
0.464111,0.416992,-0.863403,39.672852,-189.941391,-88.806145
0.560669,0.365356,-0.872681,58.349606,-187.43895,-93.811028
0.61792,0.403564,-0.837402,57.006832,-201.232895,-87.890617
0.647583,0.322998,-0.764648,43.334957,-232.910141,-96.740715
0.68042,0.220215,-0.742065,39.489746,-274.536133,-101.440422
0.719482,0.166016,-0.694214,26.428221,-305.908203,-83.435051
0.628784,0.180664,-0.650024,36.437988,-337.341278,-82.092278
0.446899,0.274902,-0.702393,42.785641,-373.046844,-89.782707
0.182861,0.396606,-0.598022,-0.549316,-426.14743,-129.272461
-0.060181,0.115723,-0.144043,-97.351067,-499.145477,-195.922836
-0.107788,-0.130127,0.307373,-147.583008,-517.944336,-184.020981
0.002686,-0.157104,0.442627,-137.390137,-484.252899,-122.985832
-0.002075,-0.098633,0.5802,-136.413574,-475.707977,-82.94677
-0.121338,-0.070068,0.964966,-92.712395,-468.505829,-45.593258
-0.065674,-0.052002,1.206177,-23.986814,-415.954559,-14.038085
-0.127197,-0.006348,1.298462,-39.428711,-363.40329,10.31494
-0.283203,0.101929,1.571411,-31.249998,-315.795898,33.996582
-0.192749,0.040161,1.450073,-5.004883,-238.586411,37.29248
-0.133179,-0.114136,1.282715,-10.498046,-213.623032,18.371582
-0.19165,-0.182739,1.422852,-11.352538,-203.124985,14.09912
-0.187256,-0.270386,1.529419,2.197266,-149.108887,25.634764
-0.167969,-0.268188,1.318481,4.089355,-84.83886,60.913082
-0.325317,0.034424,1.234619,-8.728027,-64.575195,88.134758
-0.393433,0.156616,1.185669,-16.540527,-46.630856,71.594238
-0.386108,0.209717,0.932251,-22.033689,-32.836914,48.33984
-0.341309,0.172119,0.807495,-18.859863,-50.170895,20.080564
-0.311157,0.105225,0.868286,-1.220703,-70.373535,-6.591796
-0.272461,-0.007568,1.126221,10.620116,-56.579586,-12.145995
-0.234375,-0.05188,1.158325,2.563476,-35.400391,-5.676269
-0.238403,-0.079346,1.084351,-0.854492,-26.245115,2.868652
-0.300537,-0.045288,1.158691,4.455566,-12.573241,6.591796
-0.300781,-0.025269,1.19812,3.784179,9.94873,1.098633
-0.216431,-0.104736,1.064331,-2.13623,21.606443,2.13623
-0.206421,-0.12146,1.022339,-0.427246,19.470215,16.845703
-0.265503,-0.057007,1.222656,2.197266,35.827637,26.245115
-0.266724,-0.01709,1.27832,6.347656,68.17627,30.578611
-0.193237,-0.058105,1.144653,7.507324,90.454094,36.376953
-0.099976,-0.137573,1.070923,10.31494,95.581047,50.170895
-0.077026,-0.185181,1.110596,6.774902,99.243156,64.27002
-0.048218,-0.196411,1.160034,2.319336,115.966789,80.383293
-0.073853,-0.10083,1.119141,-11.840819,105.712883,92.590324
-0.158813,0.019775,1.234375,-16.174316,109.558098,85.449211
-0.113037,0.016357,1.118164,-4.699707,125.366203,78.796387
-0.01123,-0.022461,0.930176,7.141113,122.314445,72.021484
0.079346,-0.079468,0.895386,6.652832,107.116692,77.270508
0.077393,-0.070557,1.18811,13.061522,112.487785,86.730949
0.045654,-0.123901,1.416626,60.546871,157.958984,108.215324
0.145996,-0.240601,1.255005,152.954102,180.908188,147.338867
0.141846,-0.235229,1.211426,185.54686,179.687485,167.9077
0.292725,-0.324951,1.100098,225.036606,204.895004,198.791489
0.370483,-0.278198,0.743652,246.15477,205.505356,230.468735
0.373047,-0.159424,0.709351,218.93309,165.222153,242.492661
0.380127,-0.13855,0.720825,204.467758,132.8125,223.266586
0.374756,-0.196411,0.761597,196.594223,108.39843,207.641586
0.373047,-0.095093,0.720337,210.021957,99.121086,209.899887
0.43811,-0.056885,0.65564,201.660141,89.965813,200.927719
0.426025,-0.097412,0.726929,211.425766,72.08252,175.537094
0.470459,-0.286011,0.737305,219.360336,70.800781,157.348633
0.469849,-0.498657,0.624878,255.126938,74.523926,172.05809
0.420776,-0.491577,0.576904,349.060028,59.326168,221.130356
0.391479,-0.52002,0.493896,453.002899,31.433104,265.563965
0.387329,-0.491699,0.276855,569.763184,-21.423338,308.837891
0.482544,-0.073608,0.194458,596.740723,-137.878418,338.561981
0.470703,0.097412,0.542358,414.367645,-254.272446,279.724121
0.431519,-0.063599,0.722412,183.227524,-255.85936,187.805161
0.367676,-0.093628,0.55249,84.96093,-214.721664,152.404785
0.323608,-0.046265,0.71106,91.430656,-241.577133,156.738281
0.280151,-0.0354,0.979004,118.957512,-263.305664,163.818344
0.286499,0.017334,1.093018,123.291008,-249.206528,159.179687
0.339478,0.054199,1.122803,100.524895,-212.524399,137.878418
0.390015,0.124146,1.038452,110.351555,-172.668442,114.379875
0.406128,0.141235,1.172241,97.534172,-162.780746,72.387695
0.389771,-0.003418,1.328735,60.424801,-136.657715,33.203125
0.368774,-0.113525,1.359253,75.805664,-92.529289,26.18408
0.315063,-0.162476,1.204834,59.387203,-51.879879,28.07617
0.298462,-0.164307,0.912964,87.829582,-18.859863,38.94043
0.259888,-0.127441,0.938354,141.845703,-21.057127,40.283199
0.302124,-0.286377,1.13855,118.408195,-38.452148,12.20703
0.331909,-0.400757,1.162842,118.652336,-23.742674,11.96289
0.321411,-0.362305,1.093384,131.347656,-2.502441,25.146482
0.305542,-0.368652,0.8479,171.264633,-10.253905,23.925779
0.326172,-0.444946,0.905518,216.064438,-19.714355,30.700682
0.349121,-0.447998,0.927856,174.804672,-8.728027,24.353025
0.340576,-0.50293,0.865723,130.92041,-2.502441,7.263183
0.339355,-0.589355,0.856934,136.291504,5.493164,10.559081
0.344849,-0.645142,0.830566,151.428223,15.808105,21.240232
0.348389,-0.70874,0.798828,165.527328,15.86914,25.878904
0.384277,-0.787598,0.816528,149.291992,18.859863,29.907225
0.400879,-0.820801,0.856689,116.882317,39.0625,48.156734
0.379639,-0.718384,0.703857,121.398918,59.509274,63.354488
0.413452,-0.64502,0.588745,107.666008,56.518551,51.696774
0.399292,-0.794067,0.57312,103.210442,54.504391,44.921871
0.390747,-0.841919,0.501221,123.596184,50.598141,62.011715
0.443604,-0.760864,0.46814,124.389641,41.381832,52.490231
0.503418,-0.830078,0.480591,130.859375,38.330078,47.668453
0.502686,-0.764771,0.415894,144.592285,41.687008,56.396481
0.514404,-0.695435,0.331787,156.555176,41.259762,42.41943
0.563721,-0.875854,0.335693,149.230957,41.809078,38.513184
0.549683,-0.949707,0.28772,157.531738,45.349117,57.250973
0.542358,-0.852417,0.187012,167.785629,39.611816,69.091797
0.577148,-0.782959,0.168091,187.011703,35.27832,66.650391
0.623779,-0.828857,0.109375,216.247543,31.433104,68.969727
0.650879,-0.910889,0.041016,255.737289,21.484373,82.519524
0.624756,-0.976196,-0.03125,235.473618,18.432617,102.355949
0.616455,-0.788696,-0.029175,222.351059,19.042969,124.328606
0.674927,-0.779175,-0.084839,285.15625,23.376463,130.554199
0.688477,-0.872925,-0.266235,313.354492,18.981934,149.780273
0.651978,-0.822388,-0.240356,285.583496,-1.708984,187.805161
0.557495,-0.582764,-0.292725,267.578125,2.380371,217.834457
0.574707,-0.311523,-0.45105,324.34079,-7.8125,228.332504
0.660645,-0.153809,-0.337646,413.696259,-68.908691,223.571762
0.703125,-0.189087,-0.462402,485.595673,-110.29052,200.988754
0.655396,-0.064575,-0.487549,438.842743,-159.606934,200.012192
0.633179,0.328491,-0.252197,366.760223,-205.32225,197.692856
0.722778,0.344971,-0.099976,301.391602,-215.515121,157.531738
0.617065,0.094849,-0.067871,291.19873,-215.087875,127.075188
0.616211,0.44519,0.024536,440.917938,-230.102524,111.694328
0.711304,0.643311,0.366089,479.736298,-253.234848,44.616695
0.789917,0.473267,0.516235,297.241211,-231.384262,-14.160155
0.733154,0.455933,0.546387,117.065422,-215.576157,-31.494139
0.661499,0.232788,0.731079,54.077145,-212.402328,-40.710445
0.710693,0.306519,0.708862,61.340328,-178.039536,-26.123045
0.696289,0.213257,0.807739,33.630371,-156.799316,-32.592773
0.712036,0.21521,0.981934,35.400391,-135.925293,-30.944822
0.759033,0.10376,1.024536,26.06201,-101.135246,-24.536131
0.723267,0.11438,0.926025,11.108397,-65.979004,-5.615234
0.680298,0.192993,0.938965,14.282226,-46.56982,4.02832
0.670654,0.206177,0.886841,20.507811,-25.085447,4.760742
0.69043,0.151855,0.821411,23.071287,-12.20703,1.647949
0.698853,0.177246,0.814331,17.39502,-11.230468,2.380371
0.671143,0.158813,0.716797,9.643555,-9.643555,4.699707
0.652832,0.218872,0.753052,13.000487,-11.413573,8.666992
0.657593,0.190552,0.765503,17.51709,-7.019042,4.333496
0.679687,0.170776,0.76001,20.324705,-5.92041,5.798339
0.679565,0.189575,0.80249,18.371582,-7.141113,5.126953
0.693848,0.217529,0.737671,5.249023,-6.713867,-0.061035
0.64502,0.191772,0.829834,-0.12207,-6.591796,-5.126953
0.670044,0.118164,0.791504,-1.342773,6.774902,2.258301
0.680054,0.143921,0.809814,-16.174316,8.300781,11.840819
0.661499,0.236938,0.868652,-19.348145,18.493652,10.131835
0.667603,0.25769,0.883789,-10.925292,32.714844,-1.831055
0.684814,0.213135,0.888062,-15.014647,43.395992,-7.202148
0.691406,0.221802,0.908081,-30.578611,61.157223,-8.666992
0.702393,0.216431,0.839233,-45.043941,72.631836,-9.887695
0.713623,0.303833,0.89563,-63.293453,90.087883,-14.038085
0.728394,0.40625,0.888916,-94.360344,117.736809,-30.700682
0.739502,0.47522,0.832764,-145.141602,142.211914,-57.312008
0.739136,0.442383,0.673706,-212.402328,153.015137,-92.529289
0.801514,0.268188,0.553223,-287.353516,149.658203,-121.337883
0.842896,0.125366,0.430786,-300.65918,141.540527,-128.78418
0.848511,0.313232,0.468384,-333.557098,151.794434,-141.479492
0.84668,0.477661,0.400879,-397.827118,150.756836,-184.997543
0.935059,0.300903,0.299683,-477.050751,121.582024,-214.660629
0.921997,0.091309,0.370361,-388.122528,96.862785,-200.378403
0.87915,0.099609,0.348511,-357.360809,101.379387,-186.889633
0.787354,0.260132,0.082764,-369.873016,116.027824,-178.955063
0.670166,0.544067,-0.063721,-363.64743,90.515129,-213.378891
0.678589,0.423462,-0.061035,-379.089325,46.142574,-288.146973
0.538574,-0.046021,0.324463,-536.376953,-0.183105,-325.195282
0.549561,-0.310547,1.070801,-694.763123,-46.081539,-313.171387
0.54187,-0.641968,1.398926,-682.495056,-17.089844,-297.790527
0.418335,-0.658569,0.829956,-608.886719,85.754387,-258.972168
0.451904,-0.808105,0.342529,-579.345703,93.444817,-250.366196
0.508911,-0.671875,0.722656,-580.01709,18.798828,-213.01268
0.582275,-0.613037,0.854858,-661.987244,0.854492,-183.166489
0.613281,-0.617432,0.952393,-614.379883,-3.234863,-137.268066
0.599976,-0.226074,0.840698,-656.49408,8.239746,-83.496086
0.52002,-0.139404,0.638184,-594.665527,5.92041,-73.730469
0.567871,-0.139038,0.831299,-495.544403,-38.269043,-58.105465
0.637329,0.159546,1.028564,-491.882294,-60.546871,-30.883787
0.583618,0.194824,0.946533,-406.860321,-43.334957,-31.921385
0.546143,0.237305,0.844849,-295.593262,-25.451658,-20.26367
0.446655,0.194092,0.842773,-279.47998,-10.803222,-15.808105
0.561401,0.243408,0.59082,-254.699692,-2.441406,14.526366
0.557251,0.506714,0.875854,-183.105453,-32.104492,55.480953
0.676025,0.72644,0.826538,-133.544922,-18.493652,50.109859
0.739136,0.786743,0.712891,-120.178215,-4.02832,26.794432
0.741821,0.760864,0.618042,-84.228508,-4.272461,6.774902
0.730225,0.743896,0.650391,-60.913082,-12.268065,-4.394531
0.676514,0.682373,0.603516,-54.26025,-1.831055,-12.390136
0.63269,0.615967,0.510864,-51.879879,10.498046,-18.066406
0.625732,0.546509,0.416382,-43.395992,9.94873,-20.080564
0.648437,0.582764,0.520142,-17.883301,-7.080078,-12.634276
0.660034,0.632202,0.604614,-7.995605,-4.272461,-10.009766
0.675903,0.667969,0.577026,-15.502929,6.347656,-16.845703
0.67627,0.654297,0.59082,-17.578125,11.047362,-28.991697
0.689941,0.640991,0.59082,-20.202635,20.446775,-34.851074
0.71106,0.656738,0.573608,-24.04785,25.390623,-39.245605
0.695068,0.677979,0.65625,-19.226074,36.132812,-45.959469
0.754028,0.756104,0.744995,-5.554199,60.974117,-53.222652
0.803467,0.883667,0.74585,-1.89209,79.528809,-70.617676
0.809326,0.974854,0.768677,-4.577637,102.905266,-100.46386
0.812988,1.087036,0.59375,-56.579586,116.394035,-148.803711
0.751709,1.015503,0.430542,-69.091797,108.703606,-212.585434
0.704712,0.900146,0.413696,-65.368652,92.041008,-251.159653
0.718018,0.972778,0.526001,-78.063965,83.679192,-285.705566
0.703125,1.011353,0.557739,-87.280266,95.642082,-340.270966
0.636475,1.046631,0.434448,-97.717278,112.060539,-406.555145
0.371338,1.029419,0.272949,-140.136719,106.262199,-494.750946
-0.036377,0.799683,0.181885,-183.77684,75.927734,-581.115723
-0.44458,0.401611,0.160034,-189.392075,40.039062,-622.131348
-0.776123,0.008667,0.221558,-147.644043,-4.882812,-615.41748
-0.854492,-0.444214,0.262451,-84.655754,-30.334471,-559.692383
-0.695679,-0.76062,0.087158,-39.550781,-30.517576,-474.731415
-0.623047,-0.840332,0.018311,-22.033689,-58.1665,-418.273895
-0.721313,-1.390991,0.203125,38.452148,-69.702148,-360.534637
-0.581665,-1.804565,0.182251,62.255856,-29.541014,-238.34227
-0.414917,-1.547607,-0.11145,38.574219,-21.972654,-198.791489
-0.505005,-1.911377,0.113403,1.342773,-60.05859,-178.955063
-0.456177,-1.901489,0.293701,-16.418457,-72.814941,-117.126457
-0.449829,-1.483154,0.378052,-84.411613,-58.654781,-56.823727
-0.4104,-1.335815,0.434814,-142.63916,-45.898434,-47.607418
-0.386597,-1.226685,0.421265,-167.297348,-25.817869,-41.015621
-0.342407,-1.215698,0.462769,-117.553703,-13.183593,-19.836426
-0.220581,-1.062866,0.418091,-95.764153,-1.037598,11.169433
-0.186523,-0.93457,0.487671,-130.615234,-0.244141,10.437011
-0.180542,-0.871094,0.5271,-156.860352,3.540039,0.488281
-0.134277,-0.828613,0.538574,-176.391586,10.681151,0.183105
-0.093872,-0.816162,0.520386,-196.716293,13.366698,-0.793457
-0.077759,-0.782593,0.572388,-161.743149,3.479004,0.793457
-0.079956,-0.744019,0.682861,-141.357422,-2.13623,-0.366211
-0.105469,-0.798218,0.724976,-140.136719,5.554199,-6.652832
-0.106201,-0.765015,0.738525,-105.590813,5.493164,3.662109
-0.092773,-0.747681,0.760132,-98.388664,3.601074,11.169433
-0.120483,-0.799927,0.824341,-95.642082,2.929687,13.549804
-0.135986,-0.794189,0.92395,-89.965813,5.249023,26.916502
-0.160156,-0.772217,1.020752,-111.022942,15.075683,41.198727
-0.221191,-0.766724,1.19043,-101.196281,31.98242,57.983395
-0.181763,-0.673096,1.134766,-90.515129,71.350098,77.697754
-0.181152,-0.624756,1.123901,-125.610344,98.022453,82.763664
-0.231445,-0.658447,1.411255,-100.646965,119.628899,83.251945
-0.265503,-0.693359,1.460205,-57.006832,178.161606,96.80175
-0.25293,-0.712524,1.38208,-43.823238,241.577133,124.877922
-0.247192,-0.701172,1.196167,-26.672361,293.884277,156.677246
-0.174805,-0.694336,0.97522,-26.794432,332.031219,186.462387
-0.107788,-0.720337,0.755249,-92.590324,352.600067,206.359848
-0.063965,-0.64563,0.642456,-76.538086,358.764618,222.961411
-0.07666,-0.309204,0.427124,-47.302242,357.055634,242.431625
-0.067871,-0.182739,0.459229,-98.937981,353.027313,213.561996
-0.001343,-0.144409,0.285278,-123.352043,364.257782,173.706039
0.088501,-0.018188,0.090454,-111.145012,356.262177,153.503418
0.098267,0.053345,0.085205,-111.145012,372.314423,132.995605
0.117188,0.005127,-0.164185,-52.917477,372.253387,148.254395
0.189087,0.075195,-0.4104,40.466305,344.543427,180.908188
0.130371,0.29248,-0.25769,82.092278,359.313934,227.539047
0.115112,0.416138,-0.592773,74.707031,356.384247,248.535141
0.197998,0.634644,-0.802734,269.775391,316.40625,264.282227
0.400391,1.012329,-0.924072,627.563477,231.140121,274.047852
0.581543,1.1875,-0.653198,613.40332,94.238274,316.345215
0.245972,2.125244,-0.296875,208.007797,30.822752,290.344238
0.438843,1.966919,0.151855,212.707504,42.480465,163.024887
0.466553,1.757324,0.338501,326.965302,109.680168,129.211426
0.344238,1.733643,0.153809,339.172333,125.610344,71.166992
0.339966,1.192261,-0.016479,278.747559,92.8955,31.98242
0.254028,0.897339,-0.159058,241.638168,41.320797,38.94043
0.277954,0.809204,0.000366,194.152817,12.329101,45.776363
0.327026,0.880249,0.060913,146.972656,4.211426,44.31152
0.304077,0.947388,0.186768,113.525383,-15.380858,29.724119
0.325806,0.896851,0.327881,126.953117,-24.353025,17.944336
0.349487,0.931763,0.487183,156.860352,-25.573729,18.920898
0.355225,0.952881,0.563721,160.03418,-21.118162,14.709472
0.325195,0.820801,0.580688,159.545898,-12.878417,8.239746
0.309082,0.775391,0.556396,196.655258,-7.263183,9.765625
0.290283,0.660889,0.623169,226.867661,-19.470215,0.549316
0.299316,0.644287,0.723022,247.924789,-23.742674,7.751464
0.304565,0.650269,0.819946,252.624496,-21.484373,6.835937
0.294312,0.532959,0.865845,212.463364,-11.291503,-3.784179
0.281128,0.466064,0.899048,187.988266,-3.234863,-3.723144
0.267822,0.377319,0.994141,215.637192,-3.967285,-4.516602
0.262695,0.247192,1.175049,219.482407,-9.033203,-5.615234
0.212891,0.130981,1.314087,204.711899,-5.126953,1.647949
0.169678,-0.026855,1.234985,206.787094,14.404296,16.601562
0.11731,-0.162964,1.189331,209.411606,21.789549,56.396481
0.038574,-0.253906,1.041626,222.900375,32.531738,113.037102
-0.091431,-0.364868,1.000854,252.685532,53.833004,166.25975
-0.057495,-0.28894,0.905396,266.540527,60.485836,193.298325
-0.07666,-0.406372,0.9729,279.35791,40.588375,200.805649
-0.135254,-0.436646,0.847046,304.80957,35.644531,229.858383
-0.098511,-0.491455,0.687378,350.402802,12.20703,271.972656
-0.147705,-0.720093,0.897583,357.238739,-55.603024,308.166504
-0.134644,-0.728638,1.109253,317.321777,-103.149406,352.539032
-0.19043,-0.413696,1.152344,292.175293,-135.864258,374.389618
-0.207275,-0.297852,1.112793,377.685516,-156.494141,365.356415
-0.130615,-0.40332,1.140015,396.78952,-176.391586,347.961395
-0.213745,-0.600708,1.261353,349.91452,-199.523911,333.312958
-0.113403,-0.196411,1.514526,387.817352,-211.12059,367.858856
-0.118164,0.249146,0.869629,297.424316,-170.104965,343.99411
0.149902,0.599731,0.883545,249.389633,-203.247055,242.919907
0.540527,0.030396,1.588623,195.861801,-208.923325,96.618645
0.612549,-0.800781,1.462158,138.305664,-127.990715,39.916992
0.431152,-0.77832,0.895386,108.39843,-72.387695,87.219231
0.361084,-0.642578,0.668457,125.854485,-64.331055,95.092766
0.419556,-0.437134,0.696045,135.009766,-80.810539,57.861324
0.540527,-0.426636,0.993286,86.486809,-69.274902,31.494139
0.55957,-0.468384,0.951782,28.991697,-35.095215,24.719236
0.503052,-0.415405,0.828369,5.371093,-1.525879,6.469726
0.429565,-0.49231,0.609863,-10.0708,22.766111,-17.883301
0.40625,-0.723877,0.441406,-23.742674,17.76123,-25.085447
0.486084,-0.861816,0.536865,-33.447266,2.502441,-9.155273
0.51001,-0.73999,0.696655,-40.283199,-1.037598,5.493164
0.41333,-0.592773,0.667725,-27.770994,9.338379,-0.915527
0.374146,-0.574463,0.570923,3.417969,11.96289,-14.648437
0.44043,-0.6875,0.672852,2.319336,11.535644,-17.822266
0.460449,-0.746826,0.68335,-0.427246,18.005371,-11.96289
0.440063,-0.715332,0.630005,4.699707,20.324705,-9.94873
0.414307,-0.708252,0.578247,10.803222,22.644041,-14.09912
0.420776,-0.686768,0.604492,11.901855,23.193357,-16.540527
0.44751,-0.651245,0.641479,4.211426,26.06201,-21.606443
0.461426,-0.695557,0.672119,-7.690429,34.423828,-25.268553
0.454956,-0.682007,0.647949,-20.38574,41.198727,-27.526854
0.459717,-0.615112,0.675903,-36.682129,48.767086,-38.330078
0.465088,-0.578491,0.746948,-55.358883,62.377926,-55.847164
0.468018,-0.505981,0.839966,-69.885254,77.758789,-69.824219
0.483276,-0.336426,1.052246,-76.049805,87.463371,-75.134277
0.434814,-0.047241,1.18396,-112.365715,124.450676,-100.280754
0.276978,0.104492,1.191284,-164.00145,176.696762,-165.405258
0.080078,0.017212,1.225342,-228.088364,219.238266,-246.215805
-0.1073,-0.130005,1.33728,-281.982422,247.314438,-322.143524
-0.34021,-0.432373,1.273193,-322.631805,274.169922,-381.347626
-0.404785,-0.59021,0.999146,-326.110809,283.203125,-406.066864
-0.388062,-0.622681,0.968262,-349.060028,249.145493,-417.419403
-0.42688,-0.981445,1.021851,-410.888641,220.397934,-443.176239
-0.395508,-1.206787,0.87085,-368.347137,210.449203,-409.362762
-0.168457,-1.243652,0.528076,-307.983398,177.551254,-309.936523
-0.048096,-0.986572,0.856567,-273.071289,64.27002,-188.110336
0.075684,-0.76062,1.137207,-198.669418,19.348145,-120.849602
0.139771,-0.623779,1.141357,-187.622055,37.04834,-91.979973
0.129883,-0.401611,0.885254,-188.659653,56.03027,-55.786129
0.212524,-0.080566,0.585205,-156.12793,46.081539,-33.14209
0.207764,-0.184937,0.848999,-132.202148,-30.822752,-60.607906
0.240479,-0.24585,1.1427,-64.147949,-40.588375,-43.884274
0.262573,-0.150269,1.032349,-47.302242,-8.300781,-23.437498
0.262817,-0.173706,0.99353,-32.409668,-8.300781,-18.066406
0.296387,-0.102783,1.028564,-6.958007,-11.596679,-3.234863
0.335205,0.001221,0.980103,1.953125,-5.065917,4.760742
0.334106,0.03125,0.945435,6.958007,-5.737304,-1.220703
0.318604,0.000854,0.94165,12.023925,-6.774902,-11.352538
0.316284,-0.074707,0.992187,12.573241,-6.713867,-17.089844
0.318237,-0.075439,1.035645,8.544922,-3.90625,-12.512206
0.309814,-0.061523,1.038574,6.713867,-1.586914,-16.540527
0.302368,-0.067993,1.02417,8.544922,4.333496,-19.470215
0.324951,-0.054932,1.028564,-4.089355,13.427733,-19.042969
0.314697,-0.099121,1.029297,-18.920898,21.179197,-20.1416
0.313721,-0.145752,1.082275,-11.840819,25.390623,-14.526366
0.315674,-0.162354,1.135498,4.821777,34.606934,-0.732422
0.324829,-0.151245,1.230957,6.347656,61.645504,13.916015
0.348999,-0.153076,1.204346,8.178711,90.698235,26.855467
0.401001,-0.138916,1.321289,28.625486,112.976067,37.353516
0.378418,-0.213379,1.439575,33.996582,167.114243,41.809078
0.42041,-0.308716,1.554077,51.269527,213.439926,53.344723
0.417725,-0.302612,1.673828,50.720211,272.766113,59.509274
0.375854,-0.240234,1.418701,73.303223,330.322235,67.810059
0.38501,-0.209473,1.158569,72.20459,353.332489,93.688957
0.399414,-0.099487,1.110107,10.986327,384.521454,106.933586
0.36145,-0.12915,1.053955,-10.559081,429.138153,98.022453
0.372192,-0.363037,1.178345,-127.624504,473.083466,93.505852
0.140991,-0.077515,1.119873,-177.795395,536.560059,85.754387
-0.249634,0.054932,0.87207,-195.556625,607.299805,62.622066
-0.789917,0.001343,0.47937,-336.669891,670.043884,18.310547
-0.986572,-0.049438,-0.227173,-502.746552,659.057556,-86.730949
-0.814697,-0.351074,-0.846558,-713.745056,530.029297,-179.931625
-0.683838,-0.595581,-1.110107,-654.72406,371.704071,-240.35643
-0.347168,-0.967407,-1.328125,-208.740219,265.686035,-268.249512
-0.060425,-1.205566,-1.549683,-1.525879,181.701645,-211.425766
-0.160889,-1.149902,-1.456909,33.081055,121.215813,-155.639648
-0.219482,-1.204224,-1.419434,39.611816,80.871574,-106.62841
-0.116455,-1.009888,-1.433228,35.400391,69.519043,-80.566399
-0.098389,-0.913818,-1.421631,6.958007,27.038572,-58.837887
-0.029663,-0.842163,-1.147705,-12.634276,-36.315918,-48.034664
0.025391,-0.724365,-0.868408,-13.549804,-62.011715,-33.874512
0.066772,-0.727539,-0.794678,-11.535644,-64.147949,-29.296873
0.129272,-0.670166,-0.670898,-10.31494,-67.810059,-22.888182
0.16272,-0.6521,-0.518311,-20.874022,-55.297848,-21.362303
0.177734,-0.654053,-0.582886,-39.916992,-27.893064,-15.99121
0.196533,-0.682129,-0.640503,-47.363277,-27.099607,-14.343261
0.198486,-0.76416,-0.614258,-43.029781,-34.423828,-11.779784
0.239502,-0.690308,-0.664307,-37.231445,-25.329588,3.417969
0.252686,-0.581177,-0.577393,-26.06201,-19.714355,6.958007
0.232422,-0.647705,-0.661011,-27.160643,-4.638672,-4.760742
0.194214,-0.800537,-0.804932,-32.470703,-7.141113,-6.713867
0.191528,-0.888672,-0.863281,-36.743164,-30.700682,6.469726
0.208984,-0.854004,-0.820557,-37.841797,-57.495113,25.695799
0.191528,-0.913452,-0.817749,-20.874022,-79.345703,38.208008
0.193604,-0.991943,-0.879883,8.728027,-102.416985,59.326168
0.167969,-1.01355,-0.976562,18.676758,-138.183594,80.93261
0.469604,-0.926514,-0.906372,10.620116,-197.021469,98.144524
0.007568,-0.903442,-1.360596,-80.01709,-223.693832,125.976555
-0.268311,-1.399536,-1.575806,-182.006821,-331.420868,145.629883
-0.043335,-1.5896,-1.156494,-111.267082,-508.17868,238.769516
-0.104614,-1.063965,-0.252563,137.817383,-640.136719,367.980927
-0.209839,-0.562744,0.440308,528.442383,-682.556091,366.210907
-0.264526,-0.310913,0.270264,493.041962,-659.118591,315.063477
0.036987,0.01416,1.125977,375.183075,-712.890564,268.737793
0.441528,0.078735,2.116821,286.804199,-606.018066,187.133774
0.85144,0.186523,2.228516,182.800278,-257.568359,97.778313
0.442261,0.413086,2.189331,36.621094,115.478508,-3.784179
-0.602905,-0.450073,1.23291,-227.111801,392.394989,-162.23143
-0.725708,-1.444702,0.184814,-295.837402,388.610809,-155.090332
0.779907,-2.019287,-1.786865,243.408188,-11.413573,234.008774
1.65271,0.801025,-0.479248,499.206512,-387.145966,290.405273
1.164307,1.105347,1.885742,79.040527,-161.254868,-86.791985
0.07019,-0.422363,2.148071,-301.940918,205.261215,-219.482407
-0.264526,-1.548584,0.447266,-207.031235,205.20018,-45.837399
1.099121,-0.894043,-0.94397,345.703094,-111.877434,264.709473
1.737183,1.178955,0.254761,359.74118,-215.515121,136.901855
0.921997,0.23999,1.239136,-36.499023,23.071287,-148.132324
0.050537,-1.112183,1.032959,-197.998032,178.771957,-99.426262
0.430786,-0.883911,-0.282227,-7.263183,46.997066,76.35498
1.255005,0.110352,-0.323608,196.533188,-165.710434,114.257805
1.404175,0.307983,1.024414,97.534172,-84.289543,-4.333496
0.949585,-0.197632,1.519653,-65.612793,187.988266,-62.927242
0.584229,-0.490479,0.121216,-119.812004,242.12645,-30.273436
0.543579,-0.611206,-0.646729,-44.677731,50.048824,11.596679
1.073242,-0.437866,-0.651001,112.121574,-169.860825,90.942375
1.399048,0.319458,0.716797,139.160156,-196.777328,47.424313
1.269409,0.248901,1.70813,9.887695,53.344723,-43.151852
0.417236,-0.515503,0.837524,-146.728516,257.8125,-85.021965
0.16333,-0.996582,-0.426636,-118.896477,155.334473,3.784179
0.815552,-0.54187,-0.60022,20.690916,-52.551266,92.956535
1.483765,0.410889,0.251465,108.825676,-156.25,66.162109
1.329346,0.262939,1.254028,81.909172,-110.778801,12.939452
0.801147,-0.243408,1.035156,-38.757324,96.92382,-58.227535
0.371094,-0.545654,0.185669,-110.656731,205.07811,-53.466793
0.59729,-0.977173,-0.788574,-83.007805,118.10302,-1.953125
1.442749,0.398071,-0.530273,109.313957,-111.328117,119.018547
1.443726,0.168335,0.787109,108.5205,-196.899399,28.869627
0.859375,0.121582,1.540649,35.888672,-39.306641,-33.996582
0.250977,-0.92334,0.465332,-104.187004,178.832993,-93.749992
0.625732,-0.656128,-0.685547,-56.823727,143.249512,10.19287
1.327759,0.015015,-0.688843,35.27832,-38.635254,78.491211
1.41394,0.199463,0.327759,70.861816,-151.611328,46.752926
0.946167,0.139771,1.323853,31.98242,-78.796387,-16.052246
0.40625,-0.681396,1.062744,-85.388176,117.126457,-79.833984
0.641357,-0.547974,-0.395874,-73.730469,175.048813,-8.422852
1.151001,-0.260742,-0.90625,-3.540039,29.602049,49.194332
1.443237,0.278076,0.116821,72.08252,-131.958008,61.218258
1.184326,0.307129,1.233398,63.96484,-111.572258,2.319336
0.437378,-0.627808,1.205322,-58.227535,82.824699,-78.491211
0.566528,-0.419067,-0.000244,-68.908691,180.480942,-16.906738
1.051636,-0.499512,-0.908203,-42.907711,93.444817,23.254393
1.370361,0.282959,-0.507324,74.768066,-92.77343,73.791504
1.203979,0.04187,0.870972,95.520012,-177.368149,12.268065
0.641235,-0.143311,1.484741,16.784668,-9.460449,-35.27832
0.467163,-0.706421,0.224365,-102.661125,191.894516,-57.556149
0.81189,-0.421631,-0.557373,-71.899414,140.075684,7.995605
1.393433,0.031006,-0.888184,35.644531,-17.883301,58.593746
1.309326,0.127197,0.091309,105.468742,-167.175278,36.437988
1.1521,0.161499,1.20752,97.900383,-150.817871,-1.342773
0.380981,-0.565186,1.282959,-56.823727,88.806145,-78.918457
0.356079,-0.610596,-0.005981,-134.277344,238.403305,-46.203609
0.93457,-0.623657,-0.881958,-107.116692,151.794434,9.033203
1.374634,-0.192871,-1.26062,54.992672,-49.438473,88.74511
1.498291,0.401123,-0.191528,100.158684,-201.538071,20.751951
1.221924,-0.081055,0.775391,100.952141,-139.587402,-2.258301
0.821411,0.176392,1.179077,-9.887695,23.925779,-64.51416
0.241821,-0.907471,0.70166,-125.610344,200.134262,-64.758301
0.545044,-0.529907,-0.411377,-60.729977,114.929192,36.499023
1.349365,-0.049072,-0.577881,39.18457,-56.091305,62.377926
1.488037,0.259888,0.025024,89.172356,-135.559082,26.733397
1.258179,0.030762,0.621094,79.284668,-85.998528,-3.051758
0.836304,0.027222,0.790039,-19.775391,46.691891,-55.725094
0.436523,-0.698608,0.406982,-86.486809,143.737793,-46.142574
0.640625,-0.5177,-0.182739,-45.837399,95.153801,20.26367
1.19043,-0.139404,-0.506592,26.06201,-24.902342,44.250484
1.368774,0.096313,-0.049561,64.880371,-98.205559,22.27783
1.166992,-0.025757,0.452393,38.635254,-52.490231,-4.882812
0.866455,-0.128174,0.400879,-15.014647,17.822266,-29.541014
0.610229,-0.428223,0.496094,-68.786621,91.186516,-34.545898
0.697754,-0.463135,0.063843,-62.316891,91.247551,2.01416
1.112061,-0.221313,-0.343994,10.19287,0.488281,36.193848
1.287476,0.033203,-0.21106,60.791012,-86.059563,29.785154
1.171021,0.071655,0.390259,61.706539,-86.791985,-0.976562
0.950317,-0.147095,0.487427,24.902342,-6.835937,-19.53125
0.758179,-0.289673,0.47583,-4.638672,39.733887,-25.451658
0.714478,-0.474121,0.056885,-60.974117,105.163567,-21.728514
1.025146,-0.266602,-0.385132,-44.189449,63.598629,15.747069
1.217773,-0.057739,-0.284302,16.174316,-34.912109,31.494139
1.1604,0.033569,0.197998,66.28418,-99.914543,21.057127
1.025024,-0.153198,0.322021,54.077145,-76.843262,-3.90625
0.826294,-0.153564,0.601562,17.150879,-14.465331,-17.883301
0.649414,-0.468384,0.489258,-67.199707,91.857903,-37.109375
0.858887,-0.278931,0.041992,-88.86718,134.460449,-5.065917
0.905396,-0.356689,0.054321,-90.393059,109.436028,0.366211
1.268799,0.012085,-0.610107,-3.173828,37.902832,43.823238
1.392822,0.221069,-0.205078,110.351555,-119.506828,40.710445
1.159668,-0.117676,0.196045,119.628899,-149.719238,1.770019
1.004395,0.020142,0.36792,105.957024,-110.046379,-2.380371
0.598999,-0.369385,0.841064,2.258301,-8.117676,-51.940914
0.448853,-0.692139,0.560913,-104.309074,135.131836,-53.833004
0.884277,-0.162231,0.19165,-95.336906,162.048325,5.249023
1.114624,-0.13269,0.121826,-51.513668,112.731926,8.361816
1.642334,0.244507,-0.862549,113.830559,11.718749,62.19482
1.335938,0.358521,-0.489502,182.861313,-114.31884,21.606443
0.947266,-0.349365,0.243042,90.393059,-130.065918,-63.720699
0.636475,-0.329346,0.690918,38.574219,-55.175777,-48.950191
0.310791,-0.869019,0.40625,-59.753414,69.030762,-54.870602
0.63501,-0.62561,-0.082031,-95.581047,114.685051,7.8125
1.068481,-0.064941,-0.128052,-47.607418,63.415524,48.889156
1.412598,0.129883,-0.259399,66.589355,-30.517576,51.696774
1.404297,0.223389,0.05896,126.342766,-91.369621,30.700682
1.075073,-0.111694,0.155273,34.790039,-21.240232,-31.188963
0.650635,-0.433228,0.29541,-54.870602,47.912594,-54.321285
0.55127,-0.693359,-0.027832,-107.482903,94.90966,-35.827637
0.829956,-0.320923,0.042847,-73.364258,64.39209,16.662598
1.044556,-0.176392,-0.074707,6.225585,10.375976,37.963867
1.368652,0.141968,-0.310669,112.30468,-89.782707,32.531738
1.265381,0.071777,0.251831,83.618156,-61.401363,-11.840819
1.046265,-0.085205,0.305298,-20.996092,34.667969,-43.640133
0.657104,-0.435181,0.328613,-95.642082,92.346184,-52.551266
0.640503,-0.623291,-0.05835,-77.026367,81.787102,-0.427246
0.90686,-0.259766,-0.074951,-17.822266,31.311033,23.925779
1.219238,-0.099121,-0.384888,85.571281,-52.856441,45.043941
1.351929,0.237549,-0.087036,104.553215,-107.666008,6.16455
1.151978,-0.126099,0.27478,36.804199,-31.921385,-31.005857
0.865845,-0.236572,0.228271,-36.865234,38.085937,-45.043941
0.584351,-0.597046,0.131226,-85.388176,73.181152,-31.188963
0.723022,-0.515747,-0.120361,-66.040039,46.936031,11.96289
0.95874,-0.285278,-0.125732,-22.766111,8.300781,31.127928
1.307007,0.068481,-0.311646,75.500488,-81.787102,39.489746
1.27832,0.083618,0.102539,83.618156,-98.266594,-1.159668
1.107788,-0.12146,0.275757,17.51709,-18.005371,-23.315428
0.807007,-0.25769,0.394531,-72.265625,64.208984,-49.743649
0.610229,-0.615967,0.176147,-100.524895,104.919426,-23.376463
0.790771,-0.362427,0.149292,-105.346672,114.807121,-2.075195
0.749023,-0.45459,0.108643,-93.749992,123.718254,10.31494
1.206421,-0.0625,-0.587646,48.278805,-7.568359,60.607906
1.364868,0.148315,-0.299805,86.669914,-72.387695,44.006344
1.225586,-0.116455,-0.032104,92.77343,-97.900383,8.789063
1.061035,-0.036133,0.016724,56.579586,-63.232418,0.488281
0.862427,-0.26416,0.398804,4.211426,-24.536131,-26.550291
0.710571,-0.459106,0.126953,-48.706051,49.316402,-28.259275
0.841187,-0.425171,-0.064087,-59.93652,57.434078,-5.859375
1.007935,-0.207397,-0.183105,-36.987305,32.287598,15.258788
1.12915,-0.08667,-0.196045,23.315428,-28.625486,23.010252
1.134399,-0.052612,-0.004761,74.890137,-85.937492,17.150879
1.023193,-0.209473,0.137451,45.959469,-61.035152,-7.568359
0.938232,-0.206055,0.20105,-4.150391,-3.784179,-18.188477
0.760864,-0.405396,0.182373,-53.710934,47.973629,-27.404783
0.806641,-0.466187,-0.098999,-61.767574,65.490723,-7.507324
0.969727,-0.2229,-0.139526,-24.108885,27.709959,22.3999
1.203613,-0.094727,-0.368652,35.339355,-38.085937,34.973145
1.220337,0.101563,0.123047,100.769035,-114.990227,27.526854
1.039551,-0.221191,0.13501,58.532711,-68.17627,-12.329101
0.938721,-0.158691,0.283081,14.282226,-19.348145,-17.51709
0.677246,-0.453003,0.35022,-54.504391,48.828121,-36.254883
0.707642,-0.491089,0.013672,-80.078125,81.665031,-14.526366
1.00354,-0.188965,-0.02356,-30.395506,33.325195,23.071287
1.255859,-0.026611,-0.209717,35.461426,-18.676758,35.583496
1.339111,0.154907,0.015747,86.914055,-73.730469,26.550291
0.984863,-0.173828,0.260376,38.879395,-41.442867,-20.690916
0.783813,-0.358521,0.229126,-21.118162,20.812986,-30.822752
0.682861,-0.508545,0.11731,-56.27441,56.091305,-21.057127
0.872559,-0.346191,-0.069458,-41.076656,44.006344,12.817382
1.102905,-0.208618,-0.139282,-7.141113,9.765625,32.775879
1.228149,0.039185,-0.121704,27.160643,-25.756834,40.64941
1.101074,-0.080933,0.035522,26.489256,-46.142574,15.563964
1.025879,-0.2052,-0.130737,26.855467,-58.349606,11.169433
1.037842,-0.186768,-0.180054,29.113768,-111.694328,22.583006
1.096069,-0.156128,-0.196411,40.710445,-171.81395,28.07617
1.031738,-0.088013,-0.150513,6.530761,-196.044907,1.586914
0.856201,-0.368408,0.032471,-109.558098,-176.452621,-26.489256
0.930054,-0.450195,-0.15271,-187.011703,-147.216797,-9.643555
0.767212,-0.51001,-0.516357,-290.466309,-179.565414,11.535644
0.677124,-0.204346,-0.385986,-354.492157,-252.258286,57.861324
0.567017,0.285645,0.033447,-360.046356,-269.65332,60.05859
0.464844,0.61853,0.657837,-362.792938,-250.06102,38.024902
0.541016,0.763916,1.054565,-332.27536,-176.025375,-6.958007
0.633179,0.699829,1.044678,-290.83252,-116.699211,-37.109375
0.60022,0.608887,1.100098,-242.065414,-74.462891,-43.334957
0.558105,0.519531,1.060303,-167.419418,-47.363277,-24.230955
0.538818,0.498779,0.976074,-105.895988,-42.175289,1.098633
0.530884,0.464966,0.917114,-41.198727,-36.132812,16.723633
0.570312,0.463989,0.7854,-6.286621,-27.893064,23.193357
0.606812,0.529175,0.699219,-3.173828,-31.799314,11.413573
0.601318,0.522583,0.834595,-2.441406,-25.085447,-0.915527
0.58728,0.485107,0.856812,-2.563476,-3.723144,-3.540039
0.599487,0.404419,0.711426,8.117676,8.666992,4.333496
0.642822,0.414429,0.578491,7.446289,1.525879,8.728027
0.642944,0.406006,0.677124,6.652832,-5.737304,10.925292
0.631348,0.474609,0.784912,8.178711,-4.394531,10.19287
0.628784,0.429443,0.796265,-0.061035,3.417969,4.02832
0.613037,0.388184,0.716797,0.671387,10.681151,5.126953
0.631226,0.352417,0.623779,9.82666,9.58252,8.483887
0.651001,0.371216,0.598022,11.840819,0.183105,11.352538
0.636841,0.383667,0.705078,7.568359,-9.277344,8.972168
0.637329,0.408569,0.723999,4.394531,-2.746582,5.310058
0.630981,0.390991,0.68457,5.310058,2.685547,-0.183105
0.614868,0.349487,0.686523,6.469726,2.197266,-2.13623
0.612305,0.337158,0.693115,5.065917,2.563476,1.403808
0.616211,0.382324,0.710449,5.371093,2.624511,8.117676
0.623413,0.40271,0.722046,2.929687,4.455566,8.605957
0.631836,0.415894,0.705933,4.089355,8.361816,5.92041
0.651001,0.434937,0.695068,2.990722,11.474608,1.098633
0.68457,0.472046,0.672607,-4.272461,14.160155,-5.676269
0.84668,0.691284,0.691528,-8.728027,15.502929,-17.456055
1.217529,1.178467,0.70874,-15.808105,31.005857,-64.208984
1.384399,1.710205,0.628662,-50.720211,71.350098,-179.565414
1.141479,1.817871,0.451416,-150.32959,100.036613,-359.436005
0.658447,1.776367,0.369751,-251.220688,76.843262,-521.789551
0.463257,1.515259,0.537354,-260.742187,38.024902,-647.277771
-0.384644,1.328857,0.818237,-291.015625,-8.361816,-687.683044
-0.874878,0.568604,1.136963,-314.575195,-65.246582,-705.871521
-0.895752,-0.268311,1.391357,-292.785645,-98.81591,-633.483887
-0.821045,-0.751709,1.539551,-219.909653,-93.01757,-485.351532
-0.560425,-1.293091,1.290283,-123.718254,-43.518063,-325.805634
-0.039551,-1.274048,0.645508,0.610352,4.577637,-141.784668
0.422729,-0.768188,0.538818,60.607906,-6.408691,-26.428221
0.664307,-0.489136,0.669067,32.531738,-7.202148,-23.132322
0.665649,-0.54541,0.640381,-4.760742,3.967285,-59.082027
0.512695,-0.70166,0.653076,-7.080078,-7.93457,-76.23291
0.431152,-0.756104,0.69165,5.493164,-23.864744,-70.739746
0.320679,-0.838379,0.781006,-1.220703,-16.235352,-56.15234
0.309814,-0.870605,0.717651,-11.901855,-5.676269,-30.395506
0.378418,-0.769653,0.676758,-7.141113,-11.230468,-8.850098
0.412231,-0.637695,0.786011,-7.385253,-9.643555,-3.356933
0.382202,-0.649292,0.766113,-3.845215,-0.732422,0.488281
0.349976,-0.659302,0.73938,12.573241,-0.305176,15.197753
0.381348,-0.579224,0.75354,16.845703,3.417969,25.268553
0.45459,-0.485718,0.740234,7.568359,8.117676,21.789549
0.5177,-0.479004,0.668213,5.004883,8.300781,13.427733
0.536255,-0.468628,0.649292,7.080078,-0.488281,4.882812
0.480591,-0.510254,0.742432,2.258301,-0.244141,-2.685547
0.445312,-0.58667,0.722412,7.568359,4.150391,2.929687
0.490112,-0.55249,0.677246,7.202148,3.662109,7.263183
0.511963,-0.560791,0.683594,-2.13623,5.615234,4.516602
0.53894,-0.555176,0.647339,-1.464844,2.441406,6.469726
0.54541,-0.481323,0.680664,-5.126953,-4.089355,-1.464844
0.515015,-0.521118,0.750977,-11.840819,3.601074,-10.437011
0.480957,-0.601929,0.627686,-5.126953,0.732422,-3.662109
0.494385,-0.566284,0.643555,4.02832,-11.352538,5.310058
0.508057,-0.52478,0.710327,-1.831055,-7.080078,3.723144
0.477173,-0.536255,0.741455,-4.516602,-8.605957,0.183105
0.442749,-0.584473,0.776489,-5.92041,-3.173828,2.746582
0.431641,-0.65271,0.653442,-2.685547,1.647949,14.282226
0.444458,-0.629517,0.660645,6.896972,-8.300781,33.691406
0.427368,-0.63562,0.741699,-0.915527,-11.108397,45.532223
0.339355,-0.704224,0.861084,10.19287,-7.141113,63.537594
0.2229,-0.841187,0.947021,54.26025,-6.469726,105.773918
0.091797,-0.919678,0.936523,103.393547,-4.760742,169.860825
-0.071533,-1.005859,0.843262,135.070801,1.647949,243.164047
-0.320313,-1.025635,0.87439,168.212875,-2.929687,342.468231
-0.677979,-0.884521,1.082275,238.46434,-33.447266,484.863251
-0.94397,-0.384766,1.07666,327.331512,-60.18066,657.287537
-0.741699,0.37854,0.829224,423.828094,-97.717278,799.987732
-0.274414,1.24585,0.994507,474.426239,-182.861313,842.468201
0.284058,1.46167,1.240112,406.982391,-251.525864,743.164001
0.9021,1.670654,1.412598,352.966278,-271.30127,606.018066
1.387695,1.895142,1.41333,287.597656,-229.858383,413.574188
1.312134,1.514282,1.35791,174.316391,-143.676758,158.38623
0.781128,0.787109,1.249634,84.594719,-47.241207,-44.982906
0.145508,-0.229248,0.855591,32.775879,14.343261,-137.145996
-0.021851,-0.914185,0.463135,53.100582,1.647949,-67.382812
0.21875,-0.30188,0.627686,116.821281,-66.833496,94.360344
0.414062,0.251587,0.91626,124.02343,-99.426262,132.93457
0.453735,0.286743,1.057007,85.144035,-87.280266,74.34082
0.376221,0.12146,1.171875,50.720211,-56.213375,12.817382
0.300415,-0.120605,1.177002,28.930662,-11.230468,-17.51709
0.26062,-0.145142,0.959595,11.413573,27.526854,-7.446289
0.264648,-0.124756,0.781738,11.047362,31.738279,2.685547
0.289795,-0.142944,0.790039,17.63916,15.014647,8.666992
0.36377,-0.06604,0.907227,22.033689,-3.234863,18.249512
0.431885,0.025757,1.012573,19.958496,-8.728027,18.127441
0.438721,0.004517,1.071899,22.15576,-5.493164,8.911133
0.432251,-0.004517,1.035645,33.813477,5.187988,4.577637
0.41394,-0.022217,0.921509,37.536621,2.075195,-0.976562
0.408447,-0.072021,0.93457,35.095215,-7.93457,-2.441406
0.389893,-0.077637,0.966797,34.545898,-8.422852,-0.915527
0.377319,-0.08606,0.942749,32.470703,-8.850098,-3.601074
0.380737,-0.108887,0.940918,26.123045,-8.789063,-5.92041
0.357544,-0.065552,0.928101,23.498533,-14.343261,-15.258788
0.355225,-0.248901,0.97522,-1.464844,-10.375976,-9.338379
0.348877,-0.155029,1.05481,2.807617,5.737304,9.521484
0.398804,-0.080322,0.995361,-6.896972,29.663084,0.549316
0.410156,-0.08313,0.874878,-5.065917,27.099607,-8.483887
0.394165,-0.15564,0.89624,-4.943848,22.033689,-10.559081
0.376465,-0.138916,0.883423,5.249023,11.840819,-8.728027
0.392822,-0.159912,0.949585,9.155273,10.375976,-8.850098
0.418213,-0.145752,0.960449,14.465331,16.052246,-3.90625
0.478638,-0.061401,1.020508,18.859863,28.869627,-9.643555
0.525879,0.000122,1.235962,18.981934,65.612793,-28.381346
0.400757,-0.158936,1.42688,2.319336,136.291504,-43.395992
0.282837,-0.404297,1.404297,8.178711,204.895004,-17.76123
0.37793,-0.296875,1.52063,41.381832,252.380356,28.930662
0.448975,-0.039673,1.861328,-14.526366,346.923798,31.738279
0.21228,-0.043701,1.763672,-59.020992,488.586395,19.775391
-0.185181,-0.252808,1.094604,-61.584469,556.57959,21.972654
-0.442017,-0.337646,0.359863,-68.481445,642.822205,28.259275
-0.359863,-0.565308,-0.455811,-101.562492,636.413574,21.911619
-0.009888,-0.521729,-0.898071,-59.204098,523.803711,49.133297
0.571167,-0.115234,-0.856323,15.075683,374.694794,79.467773
0.834595,0.142334,-0.317017,-1.708984,272.094727,73.059082
0.730957,0.066162,-0.215332,-52.36816,289.123535,44.372555
0.553101,0.006348,-0.515625,-78.430176,330.932587,23.925779
0.483887,-0.048096,-0.839478,-57.861324,333.618134,13.549804
0.582764,0.031616,-1.179077,-29.602049,313.537598,10.681151
0.564331,0.079712,-1.491577,-33.935547,277.832031,-5.310058
0.475708,-0.071411,-1.457642,-33.38623,199.096664,-33.26416
0.506958,-0.149048,-1.210083,-8.728027,126.098625,-34.423828
0.434204,-0.015015,-1.089844,-32.409668,89.904778,-20.568846
0.463013,-0.060669,-1.149414,-46.691891,71.594238,-31.555174
0.425049,-0.131104,-1.128662,-25.329588,50.842281,-35.27832
0.375488,-0.195557,-1.03418,-12.329101,27.648924,-34.545898
0.378296,-0.193237,-0.968628,-0.427246,8.544922,-28.015135
0.388916,-0.17981,-0.962036,8.056641,-0.793457,-22.827147
0.41394,-0.197266,-0.899048,14.404296,-6.16455,-19.958496
0.414795,-0.182495,-0.902954,11.596679,-1.708984,-12.756347
0.411377,-0.17041,-0.928955,8.239746,-5.126953,-11.047362
0.425049,-0.168091,-0.874512,13.244628,-13.610839,-12.573241
0.44458,-0.155518,-0.910522,17.63916,-10.925292,-10.803222
0.440796,-0.136353,-0.897583,22.15576,-11.047362,-10.009766
0.448853,-0.132812,-0.856201,27.160643,-11.840819,-11.413573
0.461426,-0.144043,-0.834595,26.367186,-8.178711,-10.681151
0.476074,-0.118408,-0.880005,22.27783,-3.540039,-6.530761
0.505127,-0.069458,-0.877197,22.949217,-5.859375,-6.225585
0.51001,-0.067627,-0.867187,23.742674,-6.469726,-10.620116
0.509888,-0.055908,-0.815674,27.404783,-7.690429,-13.97705
0.508057,-0.057861,-0.78418,30.456541,-2.01416,-16.723633
0.484619,-0.094238,-0.850464,25.756834,4.577637,-16.662598
0.491699,-0.067871,-0.886597,22.094725,1.403808,-16.296387
0.492798,-0.056274,-0.894287,15.441894,1.831055,-17.822266
0.457642,-0.088989,-0.951904,7.080078,-1.953125,-18.127441
0.445435,-0.063721,-1.063232,6.469726,-19.40918,-19.53125
0.443726,-0.058228,-1.161987,17.211914,-50.048824,-26.489256
0.459229,-0.013184,-1.174683,25.756834,-85.266106,-34.362793
0.512817,0.02124,-1.275757,31.86035,-129.821777,-48.583981
0.593872,0.039917,-1.315674,55.053707,-184.997543,-63.659664
0.611328,0.044922,-0.897949,70.739746,-205.383286,-90.637199
0.290649,-0.631104,0.248535,-19.958496,-96.130363,-82.702629
-0.045166,-1.230591,1.059937,-173.400864,122.375481,32.714844
0.336548,-0.496094,-0.007202,-175.231918,221.923813,142.883301
0.944336,0.606445,-1.359375,9.94873,106.140129,91.918938
1.062866,0.565063,-1.926514,191.772446,-75.317383,-42.907711
0.555908,-0.318726,-1.03894,137.268066,-92.224113,-88.073723
0.225708,-0.908936,-0.290527,-73.974609,62.927242,21.606443
0.61499,0.238525,-0.988647,-126.15966,86.303703,90.087883
1.050781,1.040527,-1.631958,22.27783,-75.805664,-21.850584
0.723511,0.169312,-1.345337,115.905754,-174.133286,-129.943848
0.247314,-1.060791,-0.197266,33.447266,-54.13818,-63.781734
0.255615,-0.793823,0.136719,-117.004387,117.370598,73.486328
0.581787,0.306396,-0.396729,-143.981934,137.329102,93.933098
0.802856,0.433105,-1.347534,-40.588375,72.998047,32.714844
0.627075,-0.158081,-2.003662,106.201164,-42.41943,-37.902832
0.445435,-0.607666,-0.480713,118.957512,-117.248528,-37.841797
0.496338,-0.282349,-0.178223,-45.776363,37.841797,34.362793
0.536499,0.187744,-0.644165,-109.313957,93.383781,51.818844
0.663452,0.04248,-0.8396,-31.127928,23.986814,5.798339
0.748169,0.026611,-1.659302,71.960449,-19.165039,-7.8125
0.605591,-0.238525,-0.821167,95.458977,-84.83886,-20.446775
0.572021,-0.248901,-0.149536,-3.601074,-6.408691,4.455566
0.498169,-0.128052,-0.433716,-81.848137,75.805664,22.827147
0.639648,0.076904,-0.776367,-38.818359,49.438473,17.822266
0.836548,0.334717,-1.482544,67.687988,-7.202148,-4.516602
0.68103,0.015137,-1.326904,116.821281,-87.585442,-47.912594
0.397095,-0.567139,-0.096313,47.485348,-73.852539,-50.415035
0.365479,-0.428345,-0.078857,-69.519043,70.3125,12.390136
0.512085,-0.038574,-0.628784,-93.505852,106.140129,40.222164
0.84082,0.356812,-1.301147,-0.305176,51.513668,26.733397
0.815308,0.312622,-2.074707,99.060051,-21.423338,-15.258788
0.57959,-0.218628,-0.99585,88.073723,-110.29052,-52.12402
0.39209,-0.317383,-0.245605,-5.859375,-43.090816,-23.254393
0.261475,-0.546265,0.059448,-91.491692,36.254883,0.427246
0.50708,-0.10022,-0.583862,-94.482414,88.86718,43.640133
0.86377,0.426025,-1.39209,10.559081,43.701168,34.362793
0.807739,0.245483,-1.968628,102.416985,-45.898434,-19.226074
0.463623,-0.296143,-0.762573,70.495605,-115.051262,-51.574703
0.331787,-0.54126,0.118896,-49.194332,-17.944336,-16.235352
0.345703,-0.417236,-0.085083,-123.962395,93.627922,34.912109
0.549683,-0.042236,-0.442627,-92.834465,104.797356,56.27441
0.886353,0.444946,-1.678345,15.075683,81.726067,46.691891
0.970581,0.601562,-2.29541,119.018547,-48.583981,-9.033203
0.78186,0.368042,-1.700439,107.604973,-167.785629,-83.862297
0.517212,-0.314087,-0.495239,6.713867,-85.083,-69.702148
0.168823,-0.680176,0.002319,-103.698723,12.634276,-25.756834
0.174438,-0.835083,0.356323,-129.516602,90.332024,48.278805
0.457764,-0.145874,-0.042358,-67.687988,136.413574,77.209473
0.913574,0.545166,-1.298584,76.599121,98.205559,49.926754
0.89502,0.64563,-2.764893,152.282715,-67.932129,-34.179687
0.577881,-0.117188,-1.554688,76.049805,-149.536133,-75.744629
0.363525,-0.50354,-0.211792,-63.598629,-14.587401,-16.418457
0.255737,-0.420532,0.046021,-112.853996,39.367676,14.709472
0.362793,-0.424316,0.255493,-78.369141,88.623039,39.18457
0.665283,0.102173,-0.634033,9.643555,119.140617,52.551266
0.948853,0.6521,-2.347778,125.976555,-4.089355,-4.638672
0.630249,0.123901,-2.056396,100.58593,-146.057129,-68.054199
0.561035,-0.195068,-0.717651,11.96289,-91.857903,-38.452148
0.388062,-0.263672,-0.383423,-56.884762,-45.104977,-30.700682
0.320679,-0.501953,0.251221,-66.040039,3.295898,2.01416
0.549438,-0.154663,-0.190674,-21.606443,74.645996,32.165527
0.793091,0.279907,-1.453735,65.673828,17.700195,7.507324
0.784546,0.196777,-1.761597,94.421379,-80.566399,-30.09033
0.582031,-0.112671,-1.072754,29.96826,-80.93261,-40.710445
0.406982,-0.401245,-0.3479,-53.100582,-10.742187,-10.375976
0.44458,-0.231445,-0.312256,-69.580078,12.023925,6.408691
0.550293,-0.157593,-0.521729,-47.851559,19.53125,13.732909
0.708618,0.036621,-1.132568,9.155273,14.831542,17.883301
0.855469,0.290894,-2.010498,37.536621,-34.362793,10.0708
0.863281,0.405273,-2.494873,44.982906,-159.851074,-27.9541
0.848145,0.487671,-2.417358,80.505363,-346.984833,-83.06884
0.236328,0.160156,-1.865234,91.186516,-529.602051,-158.752441
-0.352295,-0.290894,-0.743042,109.497063,-684.692322,-210.388168
-0.479126,-0.548462,0.137695,86.85302,-688.659607,-205.383286
-0.229736,-0.553833,0.222046,2.01416,-565.734863,-165.222153
-0.039551,-0.332764,0.369385,-89.11132,-481.689423,-124.999992
0.077515,-0.137817,0.734253,-137.329102,-414.42868,-119.384758
0.106567,-0.310303,0.763916,-107.055656,-362.243622,-131.530762
0.222534,-0.533203,0.998291,-18.127441,-370.300262,-110.839836
0.402588,-0.437256,1.438965,29.602049,-328.552216,-63.476559
0.469849,-0.272217,1.358521,-7.93457,-196.472153,-41.015621
0.322144,-0.242676,1.117554,-59.570309,-92.407219,-49.255367
0.121094,-0.541748,1.069214,-61.218258,-71.533203,-63.110348
0.224121,-0.688965,1.013672,-9.58252,-76.049805,-24.719236
0.422729,-0.337036,0.897339,50.47607,-67.687988,36.132812
0.475098,-0.198486,0.877686,67.687988,-56.213375,28.991697
0.40918,-0.364868,1.071411,55.786129,-35.705566,-4.02832
0.222168,-0.515015,1.084717,45.104977,0.366211,-14.526366
0.178833,-0.7677,0.786865,37.475586,13.97705,-5.554199
0.36792,-0.62915,0.596558,61.096188,-2.929687,50.537106
0.47583,-0.270264,0.756226,81.848137,-29.296873,80.93261
0.487549,-0.261841,0.893066,68.969727,-27.099607,42.602535
0.4198,-0.452393,0.933594,50.170895,-4.760742,1.525879
0.354492,-0.597412,0.863037,19.592285,13.793944,-11.413573
0.331543,-0.563354,0.654785,3.295898,17.76123,-0.427246
0.338013,-0.531738,0.610474,2.685547,-4.943848,9.094238
0.393188,-0.504761,0.650391,8.361816,-22.949217,18.798828
0.410034,-0.400635,0.766357,9.033203,-26.06201,13.122558
0.304565,-0.490356,0.845337,-10.986327,-21.118162,-10.375976
0.354614,-0.641724,0.865601,-11.779784,-22.15576,-1.831055
0.408081,-0.547974,0.912476,2.319336,-16.296387,16.540527
0.297974,-0.601318,0.983276,18.737793,-5.737304,13.061522
0.228882,-0.918457,1.380981,68.908691,37.29248,44.189449
0.175171,-1.10022,1.675537,159.667969,134.94873,128.051758
0.110474,-0.956421,1.647339,233.703598,240.844711,227.478012
-0.404541,-0.732788,0.836426,248.107895,299.865723,287.353516
0.003418,0.194336,-1.030884,404.846161,128.78418,302.79541
1.888794,1.774536,-1.144409,460.632294,-200.439438,71.533203
1.608276,0.904541,0.867676,210.99852,-209.167465,-267.76123
0.525146,-0.982056,1.161621,-13.732909,5.798339,-310.60791
0.057251,-1.734497,0.750366,7.751464,92.163078,-143.920898
-0.121948,-1.813354,0.434814,57.556149,135.864258,50.537106
0.378784,-0.577515,-0.542603,120.971672,49.560543,144.287109
0.845337,0.163818,-0.237549,96.55761,-80.810539,11.474608
0.879395,-0.543579,0.555786,63.171383,-98.327629,-82.702629
0.660278,-1.193481,1.036621,24.536131,-14.953612,-56.518551
0.243042,-1.557983,0.931152,-8.972168,113.281242,57.128902
0.379395,-0.776855,-0.339844,13.305663,131.774902,112.609856
1.060669,0.296265,-0.460205,102.294914,-0.244141,111.328117
0.927124,-0.177002,0.353882,88.256828,-97.839348,-46.56982
0.497437,-1.335205,0.668579,54.504391,-61.096188,-128.356934
0.204468,-1.711548,0.792236,40.954586,15.014647,-30.395506
0.411743,-0.598022,-0.400024,43.640133,90.393059,105.346672
1.038818,0.272949,-0.556763,111.633293,-30.700682,71.411133
0.857422,-0.443115,0.33606,91.308586,-121.887199,-76.721191
0.449341,-1.342651,0.636108,53.649899,-68.664551,-109.436028
0.460449,-1.377441,0.44397,31.738279,13.305663,-18.005371
0.360229,-0.833862,-0.077393,1.342773,70.739746,72.387695
0.812744,0.143188,-0.844727,-2.990722,42.846676,81.603996
0.875122,-0.320313,0.428955,12.20703,-92.224113,-48.828121
0.339722,-1.660767,0.779541,-17.700195,-36.193848,-105.468742
0.252319,-1.40979,0.196899,-31.127928,57.312008,22.827147
0.548828,-0.549683,-0.099854,-12.451171,48.522945,87.890617
0.889282,-0.1875,-0.165894,-5.554199,-3.967285,40.283199
0.800781,-0.483032,0.273438,-3.173828,-57.128902,-42.968746
0.533936,-1.16748,0.549316,18.615723,-50.292965,-83.618156
0.337402,-1.419067,0.418335,7.324218,14.343261,-24.963377
0.4646,-0.774902,-0.219116,-10.864257,58.532711,61.767574
0.927734,0.145386,-0.344116,14.465331,-17.51709,46.203609
0.847046,-0.39917,0.189453,-3.601074,-84.045403,-80.383293
0.50354,-1.273804,0.674316,-14.465331,-61.706539,-114.135735
0.102051,-1.683716,0.629028,-33.691406,38.513184,-24.353025
0.342163,-0.871704,-0.26123,-32.714844,94.116203,86.120598
0.8479,-0.1604,-0.036255,12.329101,-4.760742,70.19043
0.849243,-0.384644,0.221558,0.671387,-48.950191,-21.606443
0.615112,-0.868774,0.408203,10.986327,-52.429195,-75.561523
0.320801,-1.408081,0.516602,3.784179,-11.047362,-60.119625
0.232178,-1.220459,0.060913,-23.071287,58.105465,28.808592
0.709839,-0.104858,-0.203369,0.854492,23.132322,71.899414
0.756104,-0.190308,0.043457,-6.16455,-38.696289,-30.029295
0.640015,-0.891968,0.371948,-3.784179,-38.269043,-54.016109
0.33252,-1.342773,0.606812,-16.052246,24.04785,-7.263183
0.315186,-1.273315,0.200928,-5.065917,48.950191,71.105957
0.655396,-0.461426,0.002197,-5.187988,18.493652,67.993164
0.852905,-0.149292,-0.085937,6.225585,-40.283199,-18.615723
0.671631,-0.751709,0.369385,-4.455566,-40.222164,-64.208984
0.372803,-1.233643,0.401978,-21.118162,25.634764,-8.728027
0.404907,-1.029907,0.122681,-0.12207,20.324705,35.949707
0.600098,-0.636475,0.222778,2.990722,1.525879,28.503416
0.702148,-0.338013,-0.233398,2.563476,-31.311033,-9.887695
0.795044,-0.613281,0.406372,5.676269,-54.199215,-52.978512
0.417358,-1.222534,0.606567,-31.127928,33.569336,-26.30615
0.21106,-1.311401,0.116821,4.02832,30.639647,42.053219
0.65918,-0.565552,0.250244,16.479492,-9.58252,40.588375
0.784546,-0.670044,0.352173,-4.089355,-5.859375,-1.831055
0.629883,-0.713989,0.313477,1.464844,1.831055,-13.244628
0.286499,-1.036133,0.182861,-13.183593,35.766602,0.061035
0.387329,-1.031982,0.088257,-6.469726,26.18408,50.109859
0.802002,-0.593628,0.255615,-9.94873,6.04248,47.973629
0.952881,-0.27771,0.095459,-9.521484,-12.939452,-2.990722
0.694092,-0.583984,0.228027,-13.000487,-21.545408,-55.480953
0.348755,-1.216064,0.409668,-24.108885,3.723144,-44.006344
0.43103,-0.960693,0.088379,-26.06201,41.320797,22.033689
0.799561,-0.478638,0.186523,1.037598,-2.319336,29.846189
0.680542,-0.680786,0.327148,-3.112793,-28.015135,-20.812986
0.504883,-0.796631,0.189453,7.629394,-25.085447,-35.522461
0.341675,-1.138672,0.417358,12.145995,-13.000487,-28.381346
0.380615,-1.210083,0.32959,-12.268065,35.27832,25.329588
0.639771,-0.699341,0.22876,-12.512206,39.245605,76.660156
0.877563,-0.153687,-0.054321,-18.005371,20.324705,60.424801
0.739746,-0.585815,0.158813,-15.380858,-23.071287,-20.324705
0.665771,-0.807983,0.36377,5.493164,-35.15625,-36.804199
0.688843,-0.824341,0.346313,14.343261,-24.536131,-29.052732
0.524902,-0.986328,0.534912,16.296387,-17.51709,-26.30615
0.277588,-1.033325,0.151855,-30.151365,39.123535,6.286621
0.5177,-0.691162,-0.002319,-30.700682,32.409668,41.381832
0.862793,-0.596313,0.453857,-13.916015,-9.82666,25.634764
0.904297,-0.733887,0.495605,-20.935057,-2.075195,-0.305176
0.784058,-0.750488,0.449829,-45.043941,20.446775,0.549316
0.706909,-0.656006,0.243896,-84.533684,50.415035,5.249023
0.670776,-0.613892,0.157349,-161.193832,70.43457,3.723144
0.59436,-0.585571,0.223389,-289.611816,97.900383,-3.784179
0.624756,-0.366943,0.44043,-421.813934,131.713867,-22.583006
0.713989,0.116699,0.385742,-554.016113,142.63916,-85.327141
0.518799,0.300415,0.02124,-765.502869,64.453125,-203.30809
0.348877,0.34082,-0.129761,-770.812927,-69.458008,-277.282715
0.054199,0.050171,0.626099,-516.662598,-230.895981,-279.47998
0.002563,-0.376099,2.060547,-260.864258,-315.246582,-229.003891
-0.024414,-0.532104,2.472412,-163.085922,-174.743637,-160.339355
0.039063,-0.605591,1.23584,-161.682114,32.348633,-101.135246
0.106201,-0.381104,0.690796,-106.50634,37.780762,-27.893064
0.182739,-0.165283,0.913696,-66.772461,-13.610839,8.911133
0.207764,-0.144165,1.000732,-65.734863,-4.333496,15.258788
0.252441,-0.051392,1.035278,-52.856441,12.145995,14.770507
0.291138,-0.022339,1.062866,-40.222164,12.023925,2.563476
0.344116,-0.062866,1.117432,-29.96826,10.31494,3.90625
0.418579,-0.050659,1.120117,-24.29199,16.113281,12.634276
0.456177,0.032227,0.960205,-20.629881,20.751951,15.747069
0.437988,0.066528,0.873779,-9.338379,6.103515,3.784179
0.419312,-0.012451,1.00061,-1.281738,1.586914,-3.845215
0.400391,-0.05957,1.086914,-3.601074,16.967773,2.01416
0.377197,-0.005981,1.008789,-21.301268,26.733397,3.845215
0.338379,0.029053,0.961792,-32.470703,24.719236,-3.417969
0.314209,0.016846,0.866577,-33.630371,21.545408,-5.615234
0.327637,0.020508,0.835083,-31.433104,7.995605,-2.13623
0.343018,0.046143,0.974731,-31.372068,5.798339,0.549316
0.37854,0.097778,1.06543,-31.372068,16.723633,-0.793457
0.392334,0.13147,1.136963,-42.66357,31.066893,-9.338379
0.386597,0.119629,1.098877,-49.316402,56.640621,-12.939452
0.421631,0.174194,0.923462,-30.761717,65.490723,-13.610839
0.477783,0.271606,0.942261,-23.803709,58.410641,-31.188963
0.512085,0.296265,1.163452,-46.386715,73.181152,-60.668941
0.517944,0.27002,1.287109,-73.730469,110.107414,-84.83886
0.467651,0.22229,1.290527,-74.34082,154.052734,-97.106926
0.437988,0.223389,1.143188,-64.880371,169.311508,-97.473137
0.464355,0.151367,1.051147,-17.883301,184.814438,-96.008293
0.595093,0.3573,1.053467,-10.864257,173.583969,-84.106438
0.623779,0.63916,1.191162,-3.723144,169.92186,-115.112297
0.533691,0.558838,1.1427,-79.345703,198.730453,-198.059067
0.405884,0.498901,1.044312,-132.324219,211.364731,-260.498047
0.288452,0.384155,0.810547,-83.557121,245.971664,-302.246094
0.104736,0.322876,0.612915,-2.868652,278.503418,-327.209442
0.032715,0.207397,0.532104,75.805664,286.92627,-340.454071
-0.271606,0.12146,0.367676,14.160155,302.368164,-361.328094
-0.353882,-0.442383,0.025757,-101.501457,300.842285,-403.442352
-0.009399,-0.688721,-0.247314,-36.437988,266.662598,-367.248505
0.21106,-0.501831,-0.328857,33.26416,234.619125,-317.871094
-0.049316,-0.714722,-0.126709,-66.711426,200.500473,-353.82077
-0.197632,-1.268677,-0.025879,-174.743637,190.368637,-388.427704
-0.026001,-1.46521,-0.286011,-193.725571,181.88475,-352.844208
-0.020752,-1.469604,-0.371948,-182.373032,117.492668,-295.837402
-0.058716,-1.643433,-0.137573,-181.213364,37.414551,-241.271957
-0.067627,-1.610352,-0.054565,-157.043457,-4.02832,-172.546371
-0.118774,-1.512817,0.094849,-146.057129,-38.757324,-114.257805
-0.169556,-1.437256,0.360596,-143.249512,-55.053707,-70.800781
-0.150757,-1.252563,0.496826,-159.484863,-37.963867,-44.677731
-0.083984,-1.048828,0.380737,-168.15184,-15.624999,-33.02002
-0.038208,-0.993286,0.429199,-166.198715,-19.897461,-20.874022
-0.000854,-0.812622,0.49231,-163.024887,-21.911619,-2.685547
-0.044067,-0.822754,0.576904,-154.174805,-20.1416,-13.183593
-0.084229,-0.918579,0.738647,-117.187492,-13.671874,-18.859863
-0.028076,-0.883057,0.648926,-72.875977,6.530761,-1.098633
0.05896,-0.81311,0.514893,-27.770994,13.183593,16.967773
0.070435,-0.846191,0.564575,-22.460936,3.356933,20.812986
0.03186,-0.926392,0.65686,-28.991697,-1.403808,23.803709
0.031494,-0.919434,0.64624,-0.915527,2.13623,34.606934
0.068726,-0.877197,0.580444,29.846189,0.427246,41.687008
0.085815,-0.883789,0.572388,33.996582,-3.234863,49.987789
0.101074,-0.91748,0.588501,30.2124,-3.479004,58.410641
0.097168,-0.993042,0.598511,35.522461,-2.075195,74.523926
0.08667,-0.947144,0.593018,41.198727,-5.859375,91.369621
0.118896,-0.818115,0.545776,45.898434,-6.958007,92.590324
0.142822,-0.814819,0.500488,59.814449,-9.58252,85.998528
0.156128,-0.953247,0.531738,95.153801,-9.82666,94.177238
0.207764,-0.995728,0.505981,105.773918,-11.535644,113.586418
0.249756,-0.954956,0.414917,96.435539,-23.925779,124.877922
0.225708,-0.970581,0.487305,62.316891,-32.653809,134.70459
0.225342,-0.999512,0.547119,37.597656,-22.705076,152.893066
0.247681,-0.895752,0.507935,24.841307,-18.249512,152.709961
0.241455,-0.894531,0.597778,-3.601074,-4.02832,149.597168
0.258301,-0.94519,0.62146,-32.348633,18.798828,155.212402
0.265137,-0.961182,0.724976,-87.402336,49.255367,157.348633
0.309326,-1.095459,0.71521,-125.061028,92.590324,181.945786
0.328613,-0.956909,0.614014,-148.498535,124.02343,213.623032
0.345703,-0.864014,0.552246,-134.338379,139.160156,226.74559
0.395996,-0.704468,0.521362,-135.864258,155.456543,231.689438
0.416382,-0.585449,0.513794,-148.620605,176.391586,218.566879
0.467773,-0.524902,0.408203,-167.724594,186.950668,213.01268
0.577881,-0.311646,0.29187,-293.09082,209.716782,211.181625
0.641602,-0.098755,-0.085815,-422.363251,235.107407,179.931625
0.608643,-0.05127,-0.089233,-411.010712,208.557114,114.19677
0.540283,-0.08606,0.243286,-339.96579,196.533188,82.214348
0.557007,0.105103,0.128174,-341.186493,249.023422,85.998528
0.531616,0.19519,-0.157593,-377.746552,285.827637,51.452633
0.663452,0.03894,-0.345947,-491.638153,279.052734,-11.596679
0.793823,-0.251221,-0.476807,-644.470154,244.873032,-64.331055
0.925293,-0.313477,-0.529541,-543.395996,207.397446,-74.584961
0.984741,-0.28894,-0.794678,-383.850067,205.871567,-69.152832
0.930298,-0.404785,-0.864258,-348.632782,178.222641,-69.030762
0.864502,-0.330811,-0.633301,-301.025391,132.141113,-55.969234
0.818481,-0.336914,-0.591919,-198.608383,112.792961,-64.819336
0.869385,-0.535278,-0.645386,-126.831047,99.731438,-74.768066
0.848755,-0.607666,-0.710937,-108.947746,81.909172,-54.748531
0.814087,-0.528198,-0.610962,-108.825676,55.236813,-32.592773
0.784668,-0.519531,-0.453003,-107.604973,39.001465,-31.372068
0.753174,-0.524048,-0.380615,-131.408691,44.189449,-32.714844
0.764526,-0.585327,-0.472046,-106.567375,46.56982,-32.714844
0.776978,-0.649658,-0.536743,-94.299309,37.353516,-25.268553
0.788696,-0.640015,-0.524292,-96.740715,27.099607,-14.22119
0.761719,-0.614014,-0.446045,-70.739746,15.624999,-10.803222
0.727783,-0.599121,-0.402588,-54.748531,11.718749,-11.291503
0.719971,-0.591431,-0.387817,-31.921385,7.141113,-12.08496
0.720459,-0.658325,-0.377563,-6.469726,1.281738,-13.305663
0.715698,-0.641968,-0.374023,-33.691406,8.605957,-3.601074
0.711914,-0.58252,-0.448853,-43.579098,15.136718,3.601074
0.694336,-0.545776,-0.428589,-11.718749,2.868652,-1.403808
0.675781,-0.546387,-0.35498,11.169433,-8.666992,-9.82666
0.671387,-0.52832,-0.367554,17.150879,-4.333496,-13.183593
0.673706,-0.548096,-0.393799,22.338865,-3.295898,-17.944336
0.690308,-0.608032,-0.444824,13.366698,-6.347656,-15.319823
0.737305,-0.63916,-0.448486,2.197266,-11.352538,-10.864257
0.781494,-0.71582,-0.480225,-0.488281,-16.418457,-2.685547
0.817871,-0.808594,-0.553101,1.831055,-21.423338,13.549804
0.867676,-0.915405,-0.864502,-3.295898,-33.752441,37.780762
0.785645,-0.75293,-1.059814,2.929687,-66.711426,55.358883
0.339355,-0.010986,-0.574097,26.000975,-93.383781,11.352538
0.266235,0.273926,0.425415,50.659176,-69.702148,-101.440422
0.791382,-0.708008,0.841797,25.268553,4.089355,-120.11718
1.33667,-1.75769,0.541748,-73.974609,55.358883,18.859863
1.105225,-1.619019,-0.78833,-132.69043,92.77343,178.283676
0.253662,0.059448,-1.89856,-89.11132,21.911619,162.3535
-0.154541,1.045654,-1.1073,40.771481,-82.275383,-49.499508
0.6604,-0.276978,0.517822,105.895988,-91.552727,-202.575668
1.592773,-2.203979,1.054932,-8.972168,-12.20703,-13.610839
1.223267,-1.369385,0.026489,-130.004883,58.227535,199.707016
0.14917,0.671021,-1.301147,-80.688469,47.058102,106.689445
0.364624,0.420288,-0.535522,57.556149,-32.104492,-140.014648
1.20166,-1.418335,0.619507,45.104977,-6.835937,-88.928215
1.257446,-1.39502,0.096191,-41.259762,48.034664,79.772949
0.803955,-0.735352,-0.650024,-81.237785,17.700195,126.03759
0.519287,-0.135376,-0.49939,-79.833984,-3.356933,105.651848
0.48877,-0.05249,-0.272461,-33.935547,-2.380371,19.714355
0.66748,-0.429565,-0.286499,29.907225,16.357422,-52.185055
0.943604,-1.099854,-0.387329,42.907711,13.122558,-50.842281
0.991211,-0.984619,-0.380371,9.70459,-7.263183,26.916502
0.845947,-0.60437,-0.031128,-24.902342,-29.846189,66.52832
0.619385,-0.104248,-0.157349,-37.902832,-8.850098,55.053707
0.611328,-0.105469,-0.288208,-5.859375,7.446289,-5.981445
0.845947,-0.620117,-0.358276,28.259275,9.70459,-46.020504
1.040649,-1.018921,-0.524902,29.418943,4.760742,-20.690916
1.035645,-0.903198,-0.22998,7.385253,-25.268553,37.353516
0.674194,-0.116333,0.10022,-32.592773,-32.348633,73.303223
0.40686,0.416504,-0.15564,-25.756834,6.896972,20.629881
0.739502,-0.338135,-0.292114,22.216795,26.18408,-79.223633
1.043945,-1.115356,-0.502563,35.644531,24.719236,-73.730469
1.053223,-0.954956,-0.469604,20.507811,-3.051758,5.493164
1.031616,-0.817871,0.039063,-11.779784,-34.423828,47.729488
0.845947,-0.327759,0.272217,-52.917477,-23.132322,72.509766
0.660278,-0.198242,-0.056763,-66.467285,13.97705,51.513668
0.528809,-0.138428,-0.619507,-47.668453,35.888672,15.319823
0.603516,-0.419189,-1,22.766111,33.203125,-46.997066
0.961792,-1.110962,-0.445923,72.32666,-17.63916,-73.425293
1.024048,-0.793579,0.170044,40.771481,-44.616695,-1.281738
0.959839,-0.532837,0.314941,-11.657714,-21.301268,31.921385
0.810181,-0.449341,-0.119995,-42.602535,14.343261,39.428711
0.691772,-0.384033,-0.645874,-23.315428,23.376463,22.521971
0.72644,-0.560425,-0.751709,36.621094,7.263183,-13.122558
0.918579,-0.745605,-0.363159,74.462891,-17.150879,-23.620604
0.99939,-0.654663,0.146973,48.278805,-36.376953,7.568359
1.026855,-0.545288,0.233643,5.615234,-18.554687,37.04834
0.786377,-0.324463,-0.121582,-36.193848,3.601074,63.84277
0.609497,-0.018311,-0.389038,-38.818359,15.197753,47.729488
0.532593,-0.055664,-0.602051,6.958007,10.19287,-17.822266
0.686768,-0.315674,-0.62207,55.786129,-3.295898,-57.006832
1.001709,-0.881226,-0.322144,54.077145,-26.916502,-29.052732
1.030518,-0.729004,-0.109009,18.859863,-29.724119,22.15576
1.00708,-0.578735,0.192505,-19.226074,-23.986814,40.771481
0.795288,-0.244385,0.005249,-38.574219,13.671874,41.015621
0.673096,-0.185059,-0.481934,-11.474608,14.09912,-8.850098
0.843262,-0.595093,-0.514282,30.334471,6.286621,-25.085447
0.94873,-0.780518,-0.528564,47.790524,-16.784668,-1.708984
1.010498,-0.623901,-0.042969,24.16992,-39.001465,29.663084
1.006714,-0.544434,0.185425,-21.179197,-19.042969,55.419918
0.809692,-0.248413,-0.168335,-28.015135,1.89209,53.588863
0.701172,-0.194092,-0.53418,15.563964,8.972168,12.390136
0.78064,-0.331787,-0.469116,57.495113,-0.732422,-19.65332
0.900879,-0.510986,-0.269409,60.119625,-12.023925,-15.380858
0.950195,-0.508667,-0.213989,42.236324,-21.484373,2.441406
1.044922,-0.608643,-0.076538,10.559081,-33.14209,25.024412
0.95813,-0.436157,0.118286,-37.353516,-23.559568,63.96484
0.69751,0.103516,-0.104736,-45.715328,3.356933,29.907225
0.777344,-0.27417,-0.354858,-29.907225,4.821777,-4.211426
0.780762,-0.343018,-0.584961,16.296387,3.90625,-15.319823
0.725342,-0.269775,-0.790039,101.440422,-6.774902,-57.312008
0.916016,-0.505615,-0.220093,125.244133,-24.29199,-74.890137
1.181641,-0.675049,0.354858,99.365227,-31.616209,-57.983395
1.314819,-0.867187,0.332275,9.277344,-13.244628,5.126953
0.987793,-0.468994,-0.002563,-89.843742,-8.972168,89.233391
0.707886,-0.069458,-0.363892,-98.69384,4.150391,85.021965
0.584106,-0.091797,-0.731323,-44.799801,13.488769,32.409668
0.611572,-0.02832,-0.69751,62.499996,15.502929,-40.222164
0.920898,-0.646851,-0.228638,114.807121,-3.90625,-94.299309
1.028809,-0.489136,0.01062,87.829582,-15.380858,-52.490231
1.340698,-1.023438,0.244019,23.254393,-22.15576,-20.26367
1.123169,-0.693604,0.158936,-89.782707,-25.512693,85.876457
0.776855,-0.071899,-0.243164,-117.675774,-0.12207,110.41259
0.627563,-0.125732,-0.590576,-86.486809,10.131835,62.133785
0.490601,0.244019,-0.853149,23.681639,23.315428,-6.286621
0.942871,-0.714111,-0.317261,119.201653,4.150391,-103.393547
0.958008,-0.352051,-0.011108,85.998528,-15.99121,-42.968746
1.105469,-0.629395,-0.001709,44.677731,-9.277344,-32.348633
1.166626,-0.783936,0.140991,-32.653809,-24.414061,20.996092
0.809814,-0.063965,-0.19812,-82.702629,-11.718749,75.561523
0.797485,-0.25,-0.364502,-53.466793,0.549316,27.893064
0.718994,-0.044678,-0.591309,7.751464,10.681151,-2.929687
0.971191,-0.55481,-0.294312,89.355461,6.04248,-63.659664
1.078125,-0.515503,0.03064,72.08252,-10.0708,-30.334471
1.101807,-0.499878,0.116577,18.066406,-7.93457,2.563476
1.000977,-0.421753,0.042236,-45.104977,-6.530761,38.085937
0.798706,-0.147949,-0.2948,-67.993164,5.187988,48.33984
0.817627,-0.378296,-0.353027,-53.588863,3.662109,19.958496
0.664185,-0.042847,-0.628296,-17.944336,10.498046,12.023925
0.847412,-0.41687,-0.453613,71.655273,9.399414,-55.114742
1.040649,-0.621948,-0.032959,76.293945,-11.657714,-45.837399
1.035156,-0.426636,0.069458,24.16992,-17.700195,-4.089355
1.121582,-0.563843,0.064331,-27.160643,-17.211914,14.831542
1.096436,-0.584717,0.083618,-81.665031,-11.901855,62.499996
0.9375,-0.313477,-0.184814,-97.106926,-9.399414,70.068359
0.901733,-0.380005,-0.094604,-117.126457,-9.155273,75.927734
0.533936,0.282837,-0.588867,-45.715328,18.371582,26.794432
0.684937,-0.082886,-0.736328,86.914055,12.329101,-95.886223
1.129883,-0.897217,-0.133789,70.861816,-27.343748,-41.625973
1.173218,-0.36792,0.391479,2.990722,-14.526366,14.526366
1.240356,-0.54541,0.246704,-51.879879,8.117676,29.541014
1.05481,-0.372681,0.056763,-81.542961,13.97705,65.551758
0.878418,-0.165771,-0.074219,-73.181152,33.38623,36.682129
0.615356,-0.09729,-0.595337,-33.996582,44.982906,21.667479
0.424438,0.258545,-1.062988,89.172356,27.709959,-90.515129
0.861938,-0.736084,-0.472656,108.703606,-26.123045,-90.454094
0.94397,-0.35437,0.038818,60.485836,-26.733397,-45.288082
1.127441,-0.639648,0.093262,0.488281,-22.338865,-19.348145
1.19751,-0.712402,0.221069,-61.096188,-15.624999,38.330078
0.940552,-0.282349,-0.110718,-66.40625,5.371093,47.668453
0.811279,-0.204956,-0.349121,-22.460936,10.986327,8.666992
0.730225,-0.151245,-0.597046,59.570309,18.371582,-39.916992
0.944824,-0.578369,-0.406006,92.956535,-7.446289,-56.457516
1.081055,-0.563965,0.080566,71.228027,-21.789549,-26.18408
1.090942,-0.412354,0.238403,9.70459,-18.554687,13.793944
0.998779,-0.482788,0.040283,-59.997555,-7.8125,43.945309
0.757324,-0.082886,-0.352295,-80.627434,3.90625,58.776852
0.752075,-0.245483,-0.541016,-37.29248,6.16455,16.662598
0.677979,0.030884,-0.480713,26.18408,1.464844,-14.465331
0.937988,-0.492676,-0.351318,97.656242,10.437011,-80.078125
1.232544,-0.764648,0.120728,88.806145,-15.99121,-54.687496
1.267334,-0.578979,0.443481,8.789063,-25.390623,14.648437
1.082886,-0.49646,0.212036,-89.904778,-10.803222,71.533203
0.820801,-0.092163,-0.205688,-120.605461,12.878417,91.186516
0.721436,-0.364258,-0.578003,-99.670403,20.935057,57.678219
0.488159,0.275513,-0.79187,-37.17041,12.817382,35.400391
0.705444,-0.134766,-0.508911,79.345703,10.009766,-77.209473
0.974976,-0.619141,-0.248047,126.281731,2.197266,-105.590813
1.140625,-0.574829,0.143188,97.717278,-20.507811,-67.443848
1.312988,-0.765991,0.457642,17.578125,-26.672361,-18.615723
1.139038,-0.601196,0.203247,-82.763664,-6.896972,55.969234
0.856567,-0.194336,-0.245117,-111.816399,15.197753,81.603996
0.611572,-0.195312,-0.651123,-81.05468,23.132322,50.048824
0.438599,0.352295,-0.991699,33.081055,31.311033,-10.925292
1.06189,-0.986206,-0.281006,138.793945,-3.723144,-124.572746
1.082031,-0.413696,0.234253,78.613281,-40.64941,-22.216795
1.10437,-0.429077,0.24292,10.498046,-22.766111,0.427246
1.061646,-0.552612,0.076538,-58.898922,-12.573241,28.320311
0.957275,-0.31189,-0.137085,-80.078125,-2.197266,51.513668
0.899048,-0.521606,-0.2677,-81.603996,-3.967285,50.292965
0.489868,0.380737,-0.924561,-27.465818,14.282226,49.499508
0.861206,-0.448608,-0.442017,114.929192,-1.342773,-89.599602
1.093872,-0.513672,0.33374,100.097649,-39.978027,-59.631344
0.939087,-0.091431,0.060913,45.043941,-6.469726,-15.86914
0.980225,-0.331665,-0.083374,31.066893,8.361816,-39.550781
1.072021,-0.615479,-0.061279,7.202148,-3.662109,-8.056641
1.114258,-0.682373,-0.008423,-39.794922,-14.160155,37.475586
1.049683,-0.424072,0.10376,-82.580559,-13.305663,73.791504
0.918335,-0.334106,-0.120972,-84.106438,13.000487,70.983887
0.728516,-0.068115,-0.655518,-11.901855,13.366698,26.977537
0.659302,0.067993,-0.489868,66.955566,1.89209,-49.377438
0.932617,-0.481201,-0.095459,60.363766,-1.037598,-54.077145
0.982422,-0.459351,-0.126465,21.362303,-12.695312,-0.305176
1.031982,-0.354858,-0.06665,9.765625,-14.953612,-10.009766
1.158081,-0.629883,0.121338,-24.658201,-13.610839,14.282226
1.036987,-0.436401,0.120117,-54.016109,0.244141,50.23193
0.793945,0.034912,-0.07251,-29.052732,39.001465,17.39502
0.709473,-0.106812,-0.653076,35.705566,50.170895,-33.996582
0.916382,-0.616455,-0.707642,67.810059,-8.178711,-34.057617
0.99646,-0.479736,-0.197998,47.241207,-53.588863,15.014647
1.013306,-0.25293,0.127563,11.352538,-43.090816,9.58252
0.960205,-0.243896,0.022583,-12.329101,-32.714844,15.197753
0.981079,-0.235229,0.129639,-13.366698,-15.014647,5.859375
1.021973,-0.295288,0.13147,-32.531738,2.380371,17.456055
1.050049,-0.303467,0.054687,-44.860836,14.343261,19.836426
1.078979,-0.449463,-0.001465,-66.650391,10.253905,37.231445
1.059692,-0.450928,0.065186,-89.477531,2.197266,53.039547
0.904175,-0.34729,-0.03186,-152.770996,-4.333496,86.181633
0.498657,0.272827,-1.013428,-126.098625,28.320311,82.702629
0.582642,-0.046265,-1.270996,80.078125,38.330078,-57.373043
0.824829,-0.610474,-0.438965,207.641586,-16.601562,-128.356934
0.779907,0.026245,0.223145,201.904282,-44.860836,-93.261711
1.100342,-0.390503,0.496582,188.537582,-1.220703,-140.258789
1.52771,-1.249512,0.466797,105.651848,27.465818,-114.19677
1.435059,-1.062744,0.365967,-37.04834,11.535644,24.963377
0.951538,-0.494263,-0.106079,-148.4375,14.404296,122.680656
0.636963,-0.094238,-0.4375,-160.217285,22.460936,119.689934
0.268433,0.393433,-1.115845,-81.481926,40.222164,64.27002
0.489258,0.154053,-1.114624,117.553703,42.602535,-82.336418
1.140747,-1.102295,-0.089966,188.232407,-26.550291,-153.442383
1.15918,-0.368408,0.529541,94.360344,-54.870602,-28.015135
1.192749,-0.573364,0.3125,4.577637,-5.371093,-9.094238
1.125488,-0.7146,0.025879,-81.726067,1.159668,36.987305
1.038574,-0.532104,-0.079346,-127.441399,-8.178711,86.364738
0.727051,-0.203491,-0.452881,-147.460937,-10.681151,113.403313
0.389648,0.630615,-0.876343,-42.41943,13.610839,57.800289
0.802368,-0.327393,-0.583862,116.516106,25.268553,-105.712883
1.204102,-0.9198,0.094971,101.562492,-25.085447,-81.481926
1.112427,-0.230469,0.380493,6.896972,-43.090816,24.719236
1.111084,-0.445801,0.178101,-50.415035,-8.422852,23.254393
1.026001,-0.386963,-0.022217,-82.580559,4.516602,40.222164
0.883179,-0.348877,-0.137695,-94.421379,7.385253,49.865719
0.50769,0.214355,-0.80127,-73.913574,24.597166,51.513668
0.653198,-0.033813,-0.877808,65.429687,28.930662,-58.105465
1.140259,-0.914917,-0.013672,128.90625,-21.789549,-107.421867
1.152222,-0.362915,0.463623,57.556149,-44.799801,-11.840819
1.127441,-0.456543,0.221802,-9.277344,-2.990722,0.915527
1.116333,-0.564697,0.063354,-52.24609,9.338379,18.554687
1.029541,-0.507568,-0.086304,-74.523926,3.479004,50.781246
0.922729,-0.33374,-0.155884,-75.317383,3.967285,57.861324
0.698608,-0.022827,-0.583374,-9.460449,20.446775,28.625486
0.729736,-0.069824,-0.649414,91.00341,6.530761,-52.307125
1.03125,-0.546021,-0.039063,86.486809,-20.751951,-32.714844
0.976807,-0.23938,0.039307,60.729977,-7.873535,7.446289
0.934937,-0.193726,-0.25293,106.50634,1.159668,-13.000487
1.000244,-0.467651,-0.434937,182.311996,-16.113281,-12.20703
0.996826,-0.54126,-0.566772,277.34375,-53.161617,6.713867
0.976929,-0.653809,-0.501221,353.454559,-110.473625,43.334957
1.079102,-0.670654,-0.369385,370.971649,-138.000488,84.472649
0.991089,-0.570557,-0.459839,425.659149,-167.236313,113.220207
0.841797,-0.355591,-0.598389,568.847656,-219.909653,113.342278
0.646606,-0.137085,-0.609009,602.722168,-294.372559,65.551758
0.541748,-0.109009,-0.327271,639.587402,-353.637665,-20.202635
0.398193,-0.046753,-0.077026,707.946716,-372.863739,-120.23925
0.215942,0.228638,0.272217,708.496033,-341.491669,-238.647446
0.32605,0.032715,0.629883,544.433594,-247.436508,-338.256805
0.359863,-0.40625,0.673218,308.837891,-150.634766,-356.018036
0.300537,-0.695557,0.636841,222.900375,-85.815422,-335.144012
0.318115,-0.880737,0.533325,236.206039,-30.578611,-302.856445
0.290649,-0.998169,0.36792,248.352036,-4.089355,-286.682129
0.338623,-1.174438,0.098877,264.038086,40.344234,-263.366699
0.38916,-1.259888,-0.252197,211.059555,53.466793,-222.045883
0.359253,-1.363892,-0.365479,127.746574,16.479492,-174.133286
0.236084,-1.446777,-0.294312,48.21777,-30.029295,-120.544426
0.071411,-1.546265,-0.161255,41.748043,-60.363766,-64.39209
0.068604,-1.434326,-0.004395,76.171875,-64.819336,-16.357422
0.135254,-1.272339,-0.113525,37.04834,-45.349117,8.483887
0.203735,-1.058105,-0.009888,14.038085,-39.306641,16.601562
0.25293,-1.132324,-0.120239,-9.216309,-15.014647,-0.427246
0.277466,-1.129272,-0.154297,-8.605957,-22.216795,14.038085
0.279663,-0.978149,-0.005737,2.807617,-38.574219,33.447266
0.2854,-0.965454,0.015137,4.455566,-30.334471,32.531738
0.33728,-0.905396,-0.003418,4.089355,-21.911619,32.897949
0.38208,-0.834351,-0.007446,-0.183105,-17.39502,26.06201
0.39502,-0.839233,-0.010376,-0.366211,-13.000487,13.244628
0.411621,-0.906494,-0.026245,4.211426,-7.8125,5.615234
0.394897,-1.000488,-0.040649,2.319336,-6.103515,7.324218
0.410156,-0.973022,-0.049194,1.464844,-9.399414,18.066406
0.440063,-0.817505,-0.069946,3.479004,-11.718749,21.057127
0.424927,-0.945801,-0.098267,-3.417969,-9.643555,7.995605
0.406128,-1.129272,-0.148682,-4.272461,-16.235352,13.244628
0.418091,-1.200928,-0.130981,8.972168,-30.273436,43.640133
0.43103,-1.166992,-0.197876,11.169433,-44.250484,77.941895
0.414795,-1.16626,-0.126953,9.460449,-68.664551,105.163567
0.409302,-1.152344,-0.096924,25.756834,-81.665031,133.544922
0.406738,-1.109009,-0.029785,51.696774,-93.078606,160.400391
0.453491,-1.037476,-0.004761,67.504883,-97.473137,182.678207
0.519653,-1.064819,-0.132935,82.336418,-102.844231,207.763657
0.568481,-1.131836,-0.242065,125.183098,-132.385254,247.863754
0.533813,-1.150757,-0.265503,196.716293,-184.448227,290.283203
0.476562,-1.121216,-0.298828,328.063934,-257.93457,327.819794
0.358887,-0.913086,-0.26123,456.481903,-358.093231,343.139618
0.361328,-0.493408,-0.156982,529.296875,-456.726044,312.255859
0.348755,0.016113,0.285278,483.520477,-508.483856,203.491196
0.374634,-0.065308,0.845459,362.243622,-449.645966,82.214348
0.527588,-0.35144,1.053833,227.050766,-298.88916,24.04785